[
{
  "fields": {
    "default_width": null,
    "slot": "clipboard"
  },
  "model": "cms.placeholder",
  "pk": 1
},
{
  "fields": {
    "default_width": null,
    "slot": "content"
  },
  "model": "cms.placeholder",
  "pk": 2
},
{
  "fields": {
    "default_width": null,
    "slot": "content"
  },
  "model": "cms.placeholder",
  "pk": 3
},
{
  "fields": {
    "default_width": null,
    "slot": "content"
  },
  "model": "cms.placeholder",
  "pk": 4
},
{
  "fields": {
    "default_width": null,
    "slot": "feature"
  },
  "model": "cms.placeholder",
  "pk": 5
},
{
  "fields": {
    "default_width": null,
    "slot": "feature"
  },
  "model": "cms.placeholder",
  "pk": 6
},
{
  "fields": {
    "default_width": null,
    "slot": "content"
  },
  "model": "cms.placeholder",
  "pk": 7
},
{
  "fields": {
    "default_width": null,
    "slot": "title"
  },
  "model": "cms.placeholder",
  "pk": 9
},
{
  "fields": {
    "default_width": null,
    "slot": "title"
  },
  "model": "cms.placeholder",
  "pk": 10
},
{
  "fields": {
    "default_width": null,
    "slot": "content"
  },
  "model": "cms.placeholder",
  "pk": 11
},
{
  "fields": {
    "default_width": null,
    "slot": "content"
  },
  "model": "cms.placeholder",
  "pk": 12
},
{
  "fields": {
    "default_width": null,
    "slot": "content"
  },
  "model": "cms.placeholder",
  "pk": 13
},
{
  "fields": {
    "default_width": null,
    "slot": "content"
  },
  "model": "cms.placeholder",
  "pk": 14
},
{
  "fields": {
    "changed_date": "2015-09-15T21:14:42.169Z",
    "path": "000I",
    "placeholder": 2,
    "numchild": 0,
    "depth": 1,
    "parent": null,
    "language": "es",
    "creation_date": "2015-09-11T21:28:05.004Z",
    "plugin_type": "CMSFeaturedProductPlugin",
    "position": 0
  },
  "model": "cms.cmsplugin",
  "pk": 2
},
{
  "fields": {
    "changed_date": "2015-09-15T21:41:14.478Z",
    "path": "000B",
    "placeholder": 11,
    "numchild": 2,
    "depth": 1,
    "parent": null,
    "language": "es",
    "creation_date": "2015-09-12T20:03:57.003Z",
    "plugin_type": "MultiColumnPlugin",
    "position": 1
  },
  "model": "cms.cmsplugin",
  "pk": 39
},
{
  "fields": {
    "changed_date": "2015-09-12T20:17:18.284Z",
    "path": "000B0001",
    "placeholder": 11,
    "numchild": 2,
    "depth": 2,
    "parent": 39,
    "language": "es",
    "creation_date": "2015-09-12T20:04:02.612Z",
    "plugin_type": "ColumnPlugin",
    "position": 0
  },
  "model": "cms.cmsplugin",
  "pk": 40
},
{
  "fields": {
    "changed_date": "2015-09-12T20:17:33.241Z",
    "path": "000B0002",
    "placeholder": 11,
    "numchild": 2,
    "depth": 2,
    "parent": 39,
    "language": "es",
    "creation_date": "2015-09-12T20:04:02.671Z",
    "plugin_type": "ColumnPlugin",
    "position": 1
  },
  "model": "cms.cmsplugin",
  "pk": 41
},
{
  "fields": {
    "changed_date": "2015-09-12T20:08:12.939Z",
    "path": "000B00020001",
    "placeholder": 11,
    "numchild": 0,
    "depth": 3,
    "parent": 41,
    "language": "es",
    "creation_date": "2015-09-12T20:04:15.924Z",
    "plugin_type": "CMSContactPlusPlugin",
    "position": 1
  },
  "model": "cms.cmsplugin",
  "pk": 43
},
{
  "fields": {
    "changed_date": "2015-09-12T20:08:12.948Z",
    "path": "000B00020002",
    "placeholder": 11,
    "numchild": 1,
    "depth": 3,
    "parent": 41,
    "language": "es",
    "creation_date": "2015-09-12T20:07:29.593Z",
    "plugin_type": "StylePlugin",
    "position": 0
  },
  "model": "cms.cmsplugin",
  "pk": 44
},
{
  "fields": {
    "changed_date": "2015-09-12T20:10:03.601Z",
    "path": "000B000200020001",
    "placeholder": 11,
    "numchild": 1,
    "depth": 4,
    "parent": 44,
    "language": "es",
    "creation_date": "2015-09-12T20:08:17.813Z",
    "plugin_type": "StylePlugin",
    "position": 0
  },
  "model": "cms.cmsplugin",
  "pk": 45
},
{
  "fields": {
    "changed_date": "2015-09-12T20:10:25.354Z",
    "path": "000B0002000200010001",
    "placeholder": 11,
    "numchild": 0,
    "depth": 5,
    "parent": 45,
    "language": "es",
    "creation_date": "2015-09-12T20:08:43.673Z",
    "plugin_type": "TextPlugin",
    "position": 0
  },
  "model": "cms.cmsplugin",
  "pk": 46
},
{
  "fields": {
    "changed_date": "2015-09-12T20:20:34.911Z",
    "path": "000B00010001",
    "placeholder": 11,
    "numchild": 0,
    "depth": 3,
    "parent": 40,
    "language": "es",
    "creation_date": "2015-09-12T20:10:59.701Z",
    "plugin_type": "TextPlugin",
    "position": 1
  },
  "model": "cms.cmsplugin",
  "pk": 47
},
{
  "fields": {
    "changed_date": "2015-09-15T21:41:14.431Z",
    "path": "000D",
    "placeholder": 11,
    "numchild": 0,
    "depth": 1,
    "parent": null,
    "language": "es",
    "creation_date": "2015-09-12T20:18:40.577Z",
    "plugin_type": "StylePlugin",
    "position": 0
  },
  "model": "cms.cmsplugin",
  "pk": 50
},
{
  "fields": {
    "changed_date": "2015-09-12T20:19:52.493Z",
    "path": "000E",
    "placeholder": 1,
    "numchild": 0,
    "depth": 1,
    "parent": null,
    "language": "es",
    "creation_date": "2015-09-12T20:18:40.577Z",
    "plugin_type": "StylePlugin",
    "position": 1
  },
  "model": "cms.cmsplugin",
  "pk": 51
},
{
  "fields": {
    "changed_date": "2015-09-12T20:20:49.906Z",
    "path": "000B00010002",
    "placeholder": 11,
    "numchild": 0,
    "depth": 3,
    "parent": 40,
    "language": "es",
    "creation_date": "2015-09-12T20:20:07.651Z",
    "plugin_type": "StylePlugin",
    "position": 0
  },
  "model": "cms.cmsplugin",
  "pk": 52
},
{
  "fields": {
    "changed_date": "2015-09-15T18:58:38.292Z",
    "path": "000R",
    "placeholder": 13,
    "numchild": 0,
    "depth": 1,
    "parent": null,
    "language": "es",
    "creation_date": "2015-09-15T18:46:17.840Z",
    "plugin_type": "TextPlugin",
    "position": 0
  },
  "model": "cms.cmsplugin",
  "pk": 104
},
{
  "fields": {
    "changed_date": "2015-09-15T21:15:19.010Z",
    "path": "000T",
    "placeholder": 2,
    "numchild": 2,
    "depth": 1,
    "parent": null,
    "language": "es",
    "creation_date": "2015-09-15T21:14:17.088Z",
    "plugin_type": "MultiColumnPlugin",
    "position": 1
  },
  "model": "cms.cmsplugin",
  "pk": 107
},
{
  "fields": {
    "changed_date": "2015-09-15T21:15:19.864Z",
    "path": "000T0002",
    "placeholder": 2,
    "numchild": 1,
    "depth": 2,
    "parent": 107,
    "language": "es",
    "creation_date": "2015-09-15T21:15:03.884Z",
    "plugin_type": "ColumnPlugin",
    "position": 0
  },
  "model": "cms.cmsplugin",
  "pk": 109
},
{
  "fields": {
    "changed_date": "2015-09-15T21:15:19.915Z",
    "path": "000T0003",
    "placeholder": 2,
    "numchild": 1,
    "depth": 2,
    "parent": 107,
    "language": "es",
    "creation_date": "2015-09-15T21:15:04.012Z",
    "plugin_type": "ColumnPlugin",
    "position": 1
  },
  "model": "cms.cmsplugin",
  "pk": 110
},
{
  "fields": {
    "changed_date": "2015-09-15T21:16:45.237Z",
    "path": "000T00020001",
    "placeholder": 2,
    "numchild": 0,
    "depth": 3,
    "parent": 109,
    "language": "es",
    "creation_date": "2015-09-15T21:15:35.730Z",
    "plugin_type": "TextPlugin",
    "position": 0
  },
  "model": "cms.cmsplugin",
  "pk": 111
},
{
  "fields": {
    "changed_date": "2015-09-15T21:20:06.836Z",
    "path": "000T00030001",
    "placeholder": 2,
    "numchild": 0,
    "depth": 3,
    "parent": 110,
    "language": "es",
    "creation_date": "2015-09-15T21:16:59.523Z",
    "plugin_type": "FilerImagePlugin",
    "position": 0
  },
  "model": "cms.cmsplugin",
  "pk": 112
},
{
  "fields": {
    "changed_date": "2015-09-15T21:20:52.124Z",
    "path": "000U",
    "placeholder": 2,
    "numchild": 0,
    "depth": 1,
    "parent": null,
    "language": "es",
    "creation_date": "2015-09-15T21:20:23.620Z",
    "plugin_type": "CMSFeaturedProductPlugin",
    "position": 6
  },
  "model": "cms.cmsplugin",
  "pk": 113
},
{
  "fields": {
    "changed_date": "2015-09-15T21:21:11.278Z",
    "path": "000V",
    "placeholder": 3,
    "numchild": 0,
    "depth": 1,
    "parent": null,
    "language": "es",
    "creation_date": "2015-09-11T21:28:05.004Z",
    "plugin_type": "CMSFeaturedProductPlugin",
    "position": 0
  },
  "model": "cms.cmsplugin",
  "pk": 114
},
{
  "fields": {
    "changed_date": "2015-09-15T21:21:11.285Z",
    "path": "000W",
    "placeholder": 3,
    "numchild": 2,
    "depth": 1,
    "parent": null,
    "language": "es",
    "creation_date": "2015-09-15T21:14:17.088Z",
    "plugin_type": "MultiColumnPlugin",
    "position": 1
  },
  "model": "cms.cmsplugin",
  "pk": 115
},
{
  "fields": {
    "changed_date": "2015-09-15T21:21:11.293Z",
    "path": "000W0001",
    "placeholder": 3,
    "numchild": 1,
    "depth": 2,
    "parent": 115,
    "language": "es",
    "creation_date": "2015-09-15T21:15:03.884Z",
    "plugin_type": "ColumnPlugin",
    "position": 0
  },
  "model": "cms.cmsplugin",
  "pk": 116
},
{
  "fields": {
    "changed_date": "2015-09-15T21:21:11.345Z",
    "path": "000W00010001",
    "placeholder": 3,
    "numchild": 0,
    "depth": 3,
    "parent": 116,
    "language": "es",
    "creation_date": "2015-09-15T21:15:35.730Z",
    "plugin_type": "TextPlugin",
    "position": 0
  },
  "model": "cms.cmsplugin",
  "pk": 117
},
{
  "fields": {
    "changed_date": "2015-09-15T21:21:11.313Z",
    "path": "000W0002",
    "placeholder": 3,
    "numchild": 1,
    "depth": 2,
    "parent": 115,
    "language": "es",
    "creation_date": "2015-09-15T21:15:04.012Z",
    "plugin_type": "ColumnPlugin",
    "position": 1
  },
  "model": "cms.cmsplugin",
  "pk": 118
},
{
  "fields": {
    "changed_date": "2015-09-15T21:21:11.325Z",
    "path": "000W00020001",
    "placeholder": 3,
    "numchild": 0,
    "depth": 3,
    "parent": 118,
    "language": "es",
    "creation_date": "2015-09-15T21:16:59.523Z",
    "plugin_type": "FilerImagePlugin",
    "position": 0
  },
  "model": "cms.cmsplugin",
  "pk": 119
},
{
  "fields": {
    "changed_date": "2015-09-15T21:21:11.334Z",
    "path": "000X",
    "placeholder": 3,
    "numchild": 0,
    "depth": 1,
    "parent": null,
    "language": "es",
    "creation_date": "2015-09-15T21:20:23.620Z",
    "plugin_type": "CMSFeaturedProductPlugin",
    "position": 6
  },
  "model": "cms.cmsplugin",
  "pk": 120
},
{
  "fields": {
    "changed_date": "2015-09-15T21:38:36.222Z",
    "path": "000Y",
    "placeholder": 14,
    "numchild": 0,
    "depth": 1,
    "parent": null,
    "language": "es",
    "creation_date": "2015-09-15T18:46:17.840Z",
    "plugin_type": "TextPlugin",
    "position": 0
  },
  "model": "cms.cmsplugin",
  "pk": 121
},
{
  "fields": {
    "changed_date": "2015-09-15T21:41:27.184Z",
    "path": "000Z",
    "placeholder": 12,
    "numchild": 2,
    "depth": 1,
    "parent": null,
    "language": "es",
    "creation_date": "2015-09-12T20:03:57.003Z",
    "plugin_type": "MultiColumnPlugin",
    "position": 1
  },
  "model": "cms.cmsplugin",
  "pk": 122
},
{
  "fields": {
    "changed_date": "2015-09-15T21:41:27.192Z",
    "path": "000Z0001",
    "placeholder": 12,
    "numchild": 2,
    "depth": 2,
    "parent": 122,
    "language": "es",
    "creation_date": "2015-09-12T20:04:02.612Z",
    "plugin_type": "ColumnPlugin",
    "position": 0
  },
  "model": "cms.cmsplugin",
  "pk": 123
},
{
  "fields": {
    "changed_date": "2015-09-15T21:41:27.381Z",
    "path": "000Z00010001",
    "placeholder": 12,
    "numchild": 0,
    "depth": 3,
    "parent": 123,
    "language": "es",
    "creation_date": "2015-09-12T20:10:59.701Z",
    "plugin_type": "TextPlugin",
    "position": 1
  },
  "model": "cms.cmsplugin",
  "pk": 124
},
{
  "fields": {
    "changed_date": "2015-09-15T21:41:27.313Z",
    "path": "000Z00010002",
    "placeholder": 12,
    "numchild": 0,
    "depth": 3,
    "parent": 123,
    "language": "es",
    "creation_date": "2015-09-12T20:20:07.651Z",
    "plugin_type": "StylePlugin",
    "position": 0
  },
  "model": "cms.cmsplugin",
  "pk": 125
},
{
  "fields": {
    "changed_date": "2015-09-15T21:41:27.322Z",
    "path": "000Z0002",
    "placeholder": 12,
    "numchild": 2,
    "depth": 2,
    "parent": 122,
    "language": "es",
    "creation_date": "2015-09-12T20:04:02.671Z",
    "plugin_type": "ColumnPlugin",
    "position": 1
  },
  "model": "cms.cmsplugin",
  "pk": 126
},
{
  "fields": {
    "changed_date": "2015-09-15T21:41:27.329Z",
    "path": "000Z00020001",
    "placeholder": 12,
    "numchild": 0,
    "depth": 3,
    "parent": 126,
    "language": "es",
    "creation_date": "2015-09-12T20:04:15.924Z",
    "plugin_type": "CMSContactPlusPlugin",
    "position": 1
  },
  "model": "cms.cmsplugin",
  "pk": 127
},
{
  "fields": {
    "changed_date": "2015-09-15T21:41:27.344Z",
    "path": "000Z00020002",
    "placeholder": 12,
    "numchild": 1,
    "depth": 3,
    "parent": 126,
    "language": "es",
    "creation_date": "2015-09-12T20:07:29.593Z",
    "plugin_type": "StylePlugin",
    "position": 0
  },
  "model": "cms.cmsplugin",
  "pk": 128
},
{
  "fields": {
    "changed_date": "2015-09-15T21:41:27.351Z",
    "path": "000Z000200020001",
    "placeholder": 12,
    "numchild": 1,
    "depth": 4,
    "parent": 128,
    "language": "es",
    "creation_date": "2015-09-12T20:08:17.813Z",
    "plugin_type": "StylePlugin",
    "position": 0
  },
  "model": "cms.cmsplugin",
  "pk": 129
},
{
  "fields": {
    "changed_date": "2015-09-15T21:41:27.391Z",
    "path": "000Z0002000200010001",
    "placeholder": 12,
    "numchild": 0,
    "depth": 5,
    "parent": 129,
    "language": "es",
    "creation_date": "2015-09-12T20:08:43.673Z",
    "plugin_type": "TextPlugin",
    "position": 0
  },
  "model": "cms.cmsplugin",
  "pk": 130
},
{
  "fields": {
    "changed_date": "2015-09-15T21:41:27.369Z",
    "path": "0010",
    "placeholder": 12,
    "numchild": 0,
    "depth": 1,
    "parent": null,
    "language": "es",
    "creation_date": "2015-09-12T20:18:40.577Z",
    "plugin_type": "StylePlugin",
    "position": 0
  },
  "model": "cms.cmsplugin",
  "pk": 131
},
{
  "fields": {
    "reverse_id": null,
    "limit_visibility_in_menu": null,
    "numchild": 0,
    "application_namespace": null,
    "publication_end_date": null,
    "depth": 1,
    "login_required": false,
    "changed_date": "2015-09-15T21:41:27.618Z",
    "parent": null,
    "in_navigation": true,
    "soft_root": false,
    "path": "0001",
    "publisher_is_draft": true,
    "publication_date": "2015-09-11T21:05:16.122Z",
    "changed_by": "contextinformatic@gmail.com",
    "template": "INHERIT",
    "application_urls": null,
    "revision_id": 0,
    "created_by": "contextinformatic@gmail.com",
    "xframe_options": 0,
    "creation_date": "2015-09-11T21:05:15.638Z",
    "publisher_public": 2,
    "languages": "es",
    "placeholders": [
      2
    ],
    "is_home": true,
    "navigation_extenders": null,
    "site": 1
  },
  "model": "cms.page",
  "pk": 1
},
{
  "fields": {
    "reverse_id": null,
    "limit_visibility_in_menu": null,
    "numchild": 0,
    "application_namespace": null,
    "publication_end_date": null,
    "depth": 1,
    "login_required": false,
    "changed_date": "2015-09-15T21:41:27.431Z",
    "parent": null,
    "in_navigation": true,
    "soft_root": false,
    "path": "0002",
    "publisher_is_draft": false,
    "publication_date": "2015-09-11T21:05:16.122Z",
    "changed_by": "contextinformatic@gmail.com",
    "template": "INHERIT",
    "application_urls": null,
    "revision_id": 0,
    "created_by": "contextinformatic@gmail.com",
    "xframe_options": 0,
    "creation_date": "2015-09-11T21:05:16.179Z",
    "publisher_public": 1,
    "languages": "es",
    "placeholders": [
      3
    ],
    "is_home": true,
    "navigation_extenders": null,
    "site": 1
  },
  "model": "cms.page",
  "pk": 2
},
{
  "fields": {
    "reverse_id": "products",
    "limit_visibility_in_menu": null,
    "numchild": 0,
    "application_namespace": "product",
    "publication_end_date": null,
    "depth": 1,
    "login_required": false,
    "changed_date": "2015-09-15T19:05:13.009Z",
    "parent": null,
    "in_navigation": true,
    "soft_root": false,
    "path": "0003",
    "publisher_is_draft": true,
    "publication_date": "2015-09-11T21:30:08.393Z",
    "changed_by": "contextinformatic@gmail.com",
    "template": "feature.html",
    "application_urls": "ProductsApp",
    "revision_id": 0,
    "created_by": "contextinformatic@gmail.com",
    "xframe_options": 0,
    "creation_date": "2015-09-11T21:21:09.448Z",
    "publisher_public": 4,
    "languages": "es",
    "placeholders": [
      4,
      5
    ],
    "is_home": false,
    "navigation_extenders": "",
    "site": 1
  },
  "model": "cms.page",
  "pk": 3
},
{
  "fields": {
    "reverse_id": "products",
    "limit_visibility_in_menu": null,
    "numchild": 0,
    "application_namespace": "product",
    "publication_end_date": null,
    "depth": 1,
    "login_required": false,
    "changed_date": "2015-09-15T19:05:11.468Z",
    "parent": null,
    "in_navigation": true,
    "soft_root": false,
    "path": "0004",
    "publisher_is_draft": false,
    "publication_date": "2015-09-11T21:30:08.393Z",
    "changed_by": "contextinformatic@gmail.com",
    "template": "feature.html",
    "application_urls": "ProductsApp",
    "revision_id": 0,
    "created_by": "contextinformatic@gmail.com",
    "xframe_options": 0,
    "creation_date": "2015-09-11T21:30:08.405Z",
    "publisher_public": 3,
    "languages": "es",
    "placeholders": [
      6,
      7
    ],
    "is_home": false,
    "navigation_extenders": "",
    "site": 1
  },
  "model": "cms.page",
  "pk": 4
},
{
  "fields": {
    "reverse_id": null,
    "limit_visibility_in_menu": null,
    "numchild": 0,
    "application_namespace": null,
    "publication_end_date": null,
    "depth": 1,
    "login_required": false,
    "changed_date": "2015-09-15T21:41:27.575Z",
    "parent": null,
    "in_navigation": true,
    "soft_root": false,
    "path": "0005",
    "publisher_is_draft": true,
    "publication_date": "2015-09-12T20:21:11.151Z",
    "changed_by": "contextinformatic@gmail.com",
    "template": "INHERIT",
    "application_urls": null,
    "revision_id": 0,
    "created_by": "contextinformatic@gmail.com",
    "xframe_options": 0,
    "creation_date": "2015-09-12T20:03:19.408Z",
    "publisher_public": 7,
    "languages": "es",
    "placeholders": [
      11
    ],
    "is_home": false,
    "navigation_extenders": null,
    "site": 1
  },
  "model": "cms.page",
  "pk": 6
},
{
  "fields": {
    "reverse_id": null,
    "limit_visibility_in_menu": null,
    "numchild": 0,
    "application_namespace": null,
    "publication_end_date": null,
    "depth": 1,
    "login_required": false,
    "changed_date": "2015-09-15T21:41:27.395Z",
    "parent": null,
    "in_navigation": true,
    "soft_root": false,
    "path": "0006",
    "publisher_is_draft": false,
    "publication_date": "2015-09-12T20:21:11.151Z",
    "changed_by": "contextinformatic@gmail.com",
    "template": "INHERIT",
    "application_urls": null,
    "revision_id": 0,
    "created_by": "contextinformatic@gmail.com",
    "xframe_options": 0,
    "creation_date": "2015-09-12T20:21:11.180Z",
    "publisher_public": 6,
    "languages": "es",
    "placeholders": [
      12
    ],
    "is_home": false,
    "navigation_extenders": null,
    "site": 1
  },
  "model": "cms.page",
  "pk": 7
},
{
  "fields": {
    "reverse_id": null,
    "limit_visibility_in_menu": null,
    "numchild": 0,
    "application_namespace": null,
    "publication_end_date": null,
    "depth": 1,
    "login_required": false,
    "changed_date": "2015-09-15T21:38:36.408Z",
    "parent": null,
    "in_navigation": true,
    "soft_root": false,
    "path": "0007",
    "publisher_is_draft": true,
    "publication_date": "2015-09-14T14:29:05.779Z",
    "changed_by": "contextinformatic@gmail.com",
    "template": "INHERIT",
    "application_urls": null,
    "revision_id": 0,
    "created_by": "contextinformatic@gmail.com",
    "xframe_options": 0,
    "creation_date": "2015-09-14T14:28:55.626Z",
    "publisher_public": 9,
    "languages": "es",
    "placeholders": [
      13
    ],
    "is_home": false,
    "navigation_extenders": null,
    "site": 1
  },
  "model": "cms.page",
  "pk": 8
},
{
  "fields": {
    "reverse_id": null,
    "limit_visibility_in_menu": null,
    "numchild": 0,
    "application_namespace": null,
    "publication_end_date": null,
    "depth": 1,
    "login_required": false,
    "changed_date": "2015-09-15T21:38:36.225Z",
    "parent": null,
    "in_navigation": true,
    "soft_root": false,
    "path": "0008",
    "publisher_is_draft": false,
    "publication_date": "2015-09-14T14:29:05.779Z",
    "changed_by": "contextinformatic@gmail.com",
    "template": "INHERIT",
    "application_urls": null,
    "revision_id": 0,
    "created_by": "contextinformatic@gmail.com",
    "xframe_options": 0,
    "creation_date": "2015-09-14T14:29:05.805Z",
    "publisher_public": 8,
    "languages": "es",
    "placeholders": [
      14
    ],
    "is_home": false,
    "navigation_extenders": null,
    "site": 1
  },
  "model": "cms.page",
  "pk": 9
},
{
  "fields": {
    "published": true,
    "path": "",
    "publisher_is_draft": true,
    "page": 1,
    "slug": "home",
    "redirect": null,
    "creation_date": "2015-09-11T21:05:15.886Z",
    "page_title": "Inicio",
    "publisher_state": 0,
    "publisher_public": 2,
    "has_url_overwrite": false,
    "title": "Home",
    "language": "es",
    "menu_title": "INICIO",
    "meta_description": "productos, articulos, compra, venta"
  },
  "model": "cms.title",
  "pk": 1
},
{
  "fields": {
    "published": true,
    "path": "",
    "publisher_is_draft": false,
    "page": 2,
    "slug": "home",
    "redirect": null,
    "creation_date": "2015-09-11T21:05:15.886Z",
    "page_title": "Inicio",
    "publisher_state": 0,
    "publisher_public": 1,
    "has_url_overwrite": false,
    "title": "Home",
    "language": "es",
    "menu_title": "INICIO",
    "meta_description": "productos, articulos, compra, venta"
  },
  "model": "cms.title",
  "pk": 2
},
{
  "fields": {
    "published": true,
    "path": "productos",
    "publisher_is_draft": true,
    "page": 3,
    "slug": "productos",
    "redirect": "",
    "creation_date": "2015-09-11T21:21:09.622Z",
    "page_title": "Productos",
    "publisher_state": 0,
    "publisher_public": 4,
    "has_url_overwrite": true,
    "title": "Productos",
    "language": "es",
    "menu_title": "PRODUCTOS",
    "meta_description": "productos, articulos, remeras, estampados, "
  },
  "model": "cms.title",
  "pk": 3
},
{
  "fields": {
    "published": true,
    "path": "productos",
    "publisher_is_draft": false,
    "page": 4,
    "slug": "productos",
    "redirect": "",
    "creation_date": "2015-09-11T21:21:09.622Z",
    "page_title": "Productos",
    "publisher_state": 0,
    "publisher_public": 3,
    "has_url_overwrite": true,
    "title": "Productos",
    "language": "es",
    "menu_title": "PRODUCTOS",
    "meta_description": "productos, articulos, remeras, estampados, "
  },
  "model": "cms.title",
  "pk": 4
},
{
  "fields": {
    "published": true,
    "path": "contactanos",
    "publisher_is_draft": true,
    "page": 6,
    "slug": "contactanos",
    "redirect": null,
    "creation_date": "2015-09-12T20:03:19.749Z",
    "page_title": "Contactanos",
    "publisher_state": 0,
    "publisher_public": 7,
    "has_url_overwrite": false,
    "title": "Contactanos",
    "language": "es",
    "menu_title": "CONTACTANOS",
    "meta_description": "contactanos, llama, consulta"
  },
  "model": "cms.title",
  "pk": 6
},
{
  "fields": {
    "published": true,
    "path": "contactanos",
    "publisher_is_draft": false,
    "page": 7,
    "slug": "contactanos",
    "redirect": null,
    "creation_date": "2015-09-12T20:03:19.749Z",
    "page_title": "Contactanos",
    "publisher_state": 0,
    "publisher_public": 6,
    "has_url_overwrite": false,
    "title": "Contactanos",
    "language": "es",
    "menu_title": "CONTACTANOS",
    "meta_description": "contactanos, llama, consulta"
  },
  "model": "cms.title",
  "pk": 7
},
{
  "fields": {
    "published": true,
    "path": "nosotros",
    "publisher_is_draft": true,
    "page": 8,
    "slug": "nosotros",
    "redirect": null,
    "creation_date": "2015-09-14T14:28:55.905Z",
    "page_title": "nosotros",
    "publisher_state": 0,
    "publisher_public": 9,
    "has_url_overwrite": false,
    "title": "Nosotros",
    "language": "es",
    "menu_title": "NOSOTROS",
    "meta_description": ""
  },
  "model": "cms.title",
  "pk": 8
},
{
  "fields": {
    "published": true,
    "path": "nosotros",
    "publisher_is_draft": false,
    "page": 9,
    "slug": "nosotros",
    "redirect": null,
    "creation_date": "2015-09-14T14:28:55.905Z",
    "page_title": "nosotros",
    "publisher_state": 0,
    "publisher_public": 8,
    "has_url_overwrite": false,
    "title": "Nosotros",
    "language": "es",
    "menu_title": "NOSOTROS",
    "meta_description": ""
  },
  "model": "cms.title",
  "pk": 9
},
{
  "fields": {
    "language": "es",
    "key": "menu_cache_menu_nodes_es_1",
    "site": 1
  },
  "model": "menus.cachekey",
  "pk": 148
},
{
  "fields": {
    "language": "es",
    "key": "menu_cache_menu_nodes_es_1_1_user",
    "site": 1
  },
  "model": "menus.cachekey",
  "pk": 149
},
{
  "fields": {
    "language": "es",
    "key": "menu_cache_menu_nodes_es_1_4_user",
    "site": 1
  },
  "model": "menus.cachekey",
  "pk": 150
},
{
  "fields": {
    "body": "Contactanos\n"
  },
  "model": "djangocms_text_ckeditor.text",
  "pk": 46
},
{
  "fields": {
    "body": "<p><strong><span style=\"color: #FFFFFF;\"><span style=\"background-color: #0000FF;\">Estamos en Ciudad de C\u00f3rdoba.</span></span></strong></p>\n\n<hr>\n<p>Medios de contacto:</p>\n\n<ul>\n\t<li>Tel: +(549) 351 <strong>12332423</strong></li>\n\t<li>Email :<strong> contacto@owncommerce.com</strong></li>\n\t<li>Facebook:<b>\u00a0/owncommerce</b></li>\n</ul>\n"
  },
  "model": "djangocms_text_ckeditor.text",
  "pk": 47
},
{
  "fields": {
    "body": "<div class=\"content-title\">\n<h1 class=\"title\">\u00bfQuienes somos?</h1>\n\n<div class=\"md-margin\">\u00a0</div>\n</div>\n\n<p>Somos un emprendimiento hijo de la d\u00e9cada ganada, nacidos a partir de las pol\u00edticas nacionales orientadas al desarrollo de la industria nacional. Nuestro objetivo no es solo crear cosas que se vean bien bonitas y de la mas alta calidades, si no ademas, producir contenidos, demostrando otra vez, que la pol\u00edtica lo atraviesa todo, librando as\u00ed la batalla cultural contra las modas importadas. Nos proponemos llevar la m\u00edstica militante a todos los rincones, logrando que al ponerte la pilcha que mas te gusta sientas no solo la elegancia de quien luce la novedad, sino esa sensaci\u00f3n de orgullo que nace desde el pecho que solo se siente cuando se milita una idea, cuando se hace patria, sea desde el lugar que sea. Ahora ya nos conoces, asi que... si te late como a nosotros, te invitamos a que te pongas la camiseta que mas te guste y... a la cancha carajo!!!\u00a0</p>\n"
  },
  "model": "djangocms_text_ckeditor.text",
  "pk": 104
},
{
  "fields": {
    "body": "<p>Somos un emprendimiento hijo de la d\u00e9cada ganada, nacidos a partir de las pol\u00edticas nacionales orientadas al desarrollo de la industria nacional. Nuestro objetivo no es solo crear cosas que se vean bien bonitas y de la mas alta calidades, si no ademas, producir contenidos, demostrando otra vez, que la pol\u00edtica lo atraviesa todo, librando as\u00ed la batalla cultural contra las modas importadas. Nos proponemos llevar la m\u00edstica militante a todos los rincones, logrando que al ponerte la pilcha que mas te gusta sientas no solo la elegancia de quien luce la novedad, sino esa sensaci\u00f3n de orgullo que nace desde el pecho que solo se siente cuando se milita una idea, cuando se hace patria, sea desde el lugar que sea. Ahora ya nos conoces, asi que... si te late como a nosotros, te invitamos a que te pongas la camiseta que mas te guste y... a la cancha carajo!!!</p>\n"
  },
  "model": "djangocms_text_ckeditor.text",
  "pk": 111
},
{
  "fields": {
    "body": "<p>Somos un emprendimiento hijo de la d\u00e9cada ganada, nacidos a partir de las pol\u00edticas nacionales orientadas al desarrollo de la industria nacional. Nuestro objetivo no es solo crear cosas que se vean bien bonitas y de la mas alta calidades, si no ademas, producir contenidos, demostrando otra vez, que la pol\u00edtica lo atraviesa todo, librando as\u00ed la batalla cultural contra las modas importadas. Nos proponemos llevar la m\u00edstica militante a todos los rincones, logrando que al ponerte la pilcha que mas te gusta sientas no solo la elegancia de quien luce la novedad, sino esa sensaci\u00f3n de orgullo que nace desde el pecho que solo se siente cuando se milita una idea, cuando se hace patria, sea desde el lugar que sea. Ahora ya nos conoces, asi que... si te late como a nosotros, te invitamos a que te pongas la camiseta que mas te guste y... a la cancha carajo!!!</p>\n"
  },
  "model": "djangocms_text_ckeditor.text",
  "pk": 117
},
{
  "fields": {
    "body": "<div class=\"content-title\">\n<h1 class=\"title\">\u00bfQuienes somos?</h1>\n\n<div class=\"md-margin\">\u00a0</div>\n</div>\n\n<p>Somos un emprendimiento hijo de la d\u00e9cada ganada, nacidos a partir de las pol\u00edticas nacionales orientadas al desarrollo de la industria nacional. Nuestro objetivo no es solo crear cosas que se vean bien bonitas y de la mas alta calidades, si no ademas, producir contenidos, demostrando otra vez, que la pol\u00edtica lo atraviesa todo, librando as\u00ed la batalla cultural contra las modas importadas. Nos proponemos llevar la m\u00edstica militante a todos los rincones, logrando que al ponerte la pilcha que mas te gusta sientas no solo la elegancia de quien luce la novedad, sino esa sensaci\u00f3n de orgullo que nace desde el pecho que solo se siente cuando se milita una idea, cuando se hace patria, sea desde el lugar que sea. Ahora ya nos conoces, asi que... si te late como a nosotros, te invitamos a que te pongas la camiseta que mas te guste y... a la cancha carajo!!!\u00a0</p>\n"
  },
  "model": "djangocms_text_ckeditor.text",
  "pk": 121
},
{
  "fields": {
    "body": "<p><strong><span style=\"color: #FFFFFF;\"><span style=\"background-color: #0000FF;\">Estamos en Ciudad de C\u00f3rdoba.</span></span></strong></p>\n\n<hr>\n<p>Medios de contacto:</p>\n\n<ul>\n\t<li>Tel: +(549) 351 <strong>12332423</strong></li>\n\t<li>Email :<strong> contacto@owncommerce.com</strong></li>\n\t<li>Facebook:<b>\u00a0/owncommerce</b></li>\n</ul>\n"
  },
  "model": "djangocms_text_ckeditor.text",
  "pk": 124
},
{
  "fields": {
    "body": "Contactanos\n"
  },
  "model": "djangocms_text_ckeditor.text",
  "pk": 130
},

{
  "fields": {
    "expire_date": "2015-09-21T16:34:39.904Z",
    "session_data": "Nzk3Y2YyZjQ0OTk2OWI0OTRiN2E3ZDc1YWVmOTgwNmU5N2IyOTJkNDp7Il9hdXRoX3VzZXJfaWQiOiIyIiwiX2F1dGhfdXNlcl9iYWNrZW5kIjoic2FsZW9yLnJlZ2lzdHJhdGlvbi5iYWNrZW5kcy5FbWFpbFBhc3N3b3JkQmFja2VuZCIsIl9hdXRoX3VzZXJfaGFzaCI6IiJ9"
  },
  "model": "sessions.session",
  "pk": "14860ebytvmfii12qql9g0udk7e8nm3e"
},
{
  "fields": {
    "expire_date": "2015-09-22T19:16:27.979Z",
    "session_data": "NWZiYjFlNzExZTQwOTA5NDk3ZDNhYTI2ZTc1Njc3NzcwZmFjNTlmOTp7Il9hdXRoX3VzZXJfaGFzaCI6IiIsIl9hdXRoX3VzZXJfYmFja2VuZCI6InNhbGVvci5yZWdpc3RyYXRpb24uYmFja2VuZHMuRW1haWxQYXNzd29yZEJhY2tlbmQiLCJfYXV0aF91c2VyX2lkIjoiMSJ9"
  },
  "model": "sessions.session",
  "pk": "3ivjpwrdji3reymn0c3ei2uganmnrneq"
},
{
  "fields": {
    "expire_date": "2015-09-25T22:26:16.233Z",
    "session_data": "OWFjMThlOTNjZDhkMWEwMDQxMjg0ZTc5MWM2NWE2N2I1NWY1ODU2OTp7ImNtc190b29sYmFyX2Rpc2FibGVkIjpmYWxzZSwiY21zX2VkaXQiOnRydWUsImNtc19hZG1pbl9zaXRlIjoxLCJfYXV0aF91c2VyX2hhc2giOiIiLCJfYXV0aF91c2VyX2lkIjoiMSIsIl9hdXRoX3VzZXJfYmFja2VuZCI6InNhbGVvci5yZWdpc3RyYXRpb24uYmFja2VuZHMuRW1haWxQYXNzd29yZEJhY2tlbmQifQ=="
  },
  "model": "sessions.session",
  "pk": "3p9gezu62muphvn9lwu5ddgd0ck2fin8"
},
{
  "fields": {
    "expire_date": "2015-09-25T17:54:54.713Z",
    "session_data": "ODhiNjgzMzgyYjQ1YTMzZGUwZTk3NzYxMzhlNWZmMjE2ZGQyNGJjMjp7fQ=="
  },
  "model": "sessions.session",
  "pk": "4thoo8iz5bgbpqhf8kesh154djkx6xee"
},
{
  "fields": {
    "expire_date": "2015-09-28T18:58:43.398Z",
    "session_data": "MzY3MzRiOTJkNjc5NGM4OTdiM2NlZTc5YzFmMDUyYmI2NWNkMzZkZjp7ImNtc190b29sYmFyX2Rpc2FibGVkIjpmYWxzZSwiX2F1dGhfdXNlcl9oYXNoIjoiIiwiX2F1dGhfdXNlcl9iYWNrZW5kIjoic2FsZW9yLnJlZ2lzdHJhdGlvbi5iYWNrZW5kcy5FbWFpbFBhc3N3b3JkQmFja2VuZCIsImNtc19lZGl0Ijp0cnVlLCJfYXV0aF91c2VyX2lkIjoiMSJ9"
  },
  "model": "sessions.session",
  "pk": "5xkkr9c28qrfiyri4g8lc204fi1uzpiz"
},
{
  "fields": {
    "expire_date": "2015-09-09T15:18:52.540Z",
    "session_data": "YTVlYzFjZmQyM2Y1NjM3YTMzOGIxNTI1NjkzYjJiYjc2NDI3ODRiODp7Il9tZXNzYWdlcyI6IltbXCJfX2pzb25fbWVzc2FnZVwiLDAsMjUsXCJBZGRlZCBSZW1lcmFzIHRvIHlvdXIgY2FydC5cIl1dIiwiX2F1dGhfdXNlcl9oYXNoIjoiIiwiY2FydCI6eyJpdGVtcyI6W3sicHJvZHVjdCI6IlJlbWVyYXMgKFBycikiLCJkYXRhIjp7InVuaXRfcHJpY2VfZ3Jvc3MiOiIyMDAuMDAiLCJwcm9kdWN0X2lkIjoxLCJ1bml0X3ByaWNlX25ldCI6IjIwMC4wMCIsInZhcmlhbnRfaWQiOjEsInByb2R1Y3Rfc2x1ZyI6InJlbWVyYXMifSwicXVhbnRpdHkiOjF9XX0sIl9hdXRoX3VzZXJfYmFja2VuZCI6InNhbGVvci5yZWdpc3RyYXRpb24uYmFja2VuZHMuRW1haWxQYXNzd29yZEJhY2tlbmQiLCJfYXV0aF91c2VyX2lkIjoiMSJ9"
  },
  "model": "sessions.session",
  "pk": "8gn9i6o055gzwpuw5uy5riu3yubxy1jz"
},
{
  "fields": {
    "expire_date": "2015-09-10T21:22:32.754Z",
    "session_data": "YzU0NzBhOGY4NjkxNTkxNGIyMGNjMjA5YjIwMmIyNDI2OGMxYWQ4ZTp7Il9tZXNzYWdlcyI6IltbXCJfX2pzb25fbWVzc2FnZVwiLDAsMjUsXCJBZGRlZCBSZW1lcmEgMiB0byB5b3VyIGNhcnQuXCJdLFtcIl9fanNvbl9tZXNzYWdlXCIsMCwyNSxcIkFkZGVkIFJlbWVyYSAyIHRvIHlvdXIgY2FydC5cIl1dIiwiX2F1dGhfdXNlcl9iYWNrZW5kIjoic2FsZW9yLnJlZ2lzdHJhdGlvbi5iYWNrZW5kcy5FbWFpbFBhc3N3b3JkQmFja2VuZCIsIl9hdXRoX3VzZXJfaWQiOiIxIiwiY2FydCI6eyJpdGVtcyI6W3sicXVhbnRpdHkiOjQsInByb2R1Y3QiOiJSZW1lcmEgMiAoUywgRmVtZW5pbm8pIiwiZGF0YSI6eyJleHRyYV9kYXRhIjoiW10iLCJwcm9kdWN0X3NsdWciOiJyZW1lcmEtMiIsInZhcmlhbnRfaWQiOjMsInByb2R1Y3RfaWQiOjMsInVuaXRfcHJpY2VfZ3Jvc3MiOiIxNDUuMDAiLCJ1bml0X3ByaWNlX25ldCI6IjE0NS4wMCJ9fV19LCJfYXV0aF91c2VyX2hhc2giOiIifQ=="
  },
  "model": "sessions.session",
  "pk": "a3kszhtbmdssv9t7w6gsvhfwvbhiua7s"
},
{
  "fields": {
    "expire_date": "2015-09-09T20:19:17.662Z",
    "session_data": "ZTJkZTUxNDA2MDFmZTkxNGEzZmY0ZjYzMzczZGIwMDI3MjQ4NmQ2NDp7Il9hdXRoX3VzZXJfYmFja2VuZCI6InNhbGVvci5yZWdpc3RyYXRpb24uYmFja2VuZHMuRW1haWxQYXNzd29yZEJhY2tlbmQiLCJfYXV0aF91c2VyX2lkIjoiMSIsIl9hdXRoX3VzZXJfaGFzaCI6IiIsImNhcnQiOnsiaXRlbXMiOlt7InF1YW50aXR5IjoxMCwiZGF0YSI6eyJ2YXJpYW50X2lkIjoxLCJwcm9kdWN0X3NsdWciOiJyZW1lcmFzIiwidW5pdF9wcmljZV9uZXQiOiIyMDAuMDAiLCJ1bml0X3ByaWNlX2dyb3NzIjoiMjAwLjAwIiwicHJvZHVjdF9pZCI6MX0sInByb2R1Y3QiOiJSZW1lcmFzIChQcnIpIn1dfX0="
  },
  "model": "sessions.session",
  "pk": "cvv3i9lpdokoi6lkakvo7eosv9fnrsg3"
},
{
  "fields": {
    "expire_date": "2015-09-09T15:34:14.063Z",
    "session_data": "ZmM1OWE2ZTQ5YWUyODIyZjQ4OWViNzI1ZTk0NzI5ZjQxYmYzYjRjYTp7Il9tZXNzYWdlcyI6IltbXCJfX2pzb25fbWVzc2FnZVwiLDAsMjUsXCJBZGRlZCBSZW1lcmFzIHRvIHlvdXIgY2FydC5cIl1dIiwiX2F1dGhfdXNlcl9oYXNoIjoiIiwiY2FydCI6eyJpdGVtcyI6W3sicHJvZHVjdCI6IlJlbWVyYXMgKFBycikiLCJkYXRhIjp7InVuaXRfcHJpY2VfZ3Jvc3MiOiIyMDAuMDAiLCJwcm9kdWN0X2lkIjoxLCJ1bml0X3ByaWNlX25ldCI6IjIwMC4wMCIsInZhcmlhbnRfaWQiOjEsInByb2R1Y3Rfc2x1ZyI6InJlbWVyYXMifSwicXVhbnRpdHkiOjJ9XX0sIl9hdXRoX3VzZXJfYmFja2VuZCI6InNhbGVvci5yZWdpc3RyYXRpb24uYmFja2VuZHMuRW1haWxQYXNzd29yZEJhY2tlbmQiLCJfYXV0aF91c2VyX2lkIjoiMSJ9"
  },
  "model": "sessions.session",
  "pk": "d8axjvj4fbgxbj5visr44x38lwoqvaar"
},
{
  "fields": {
    "expire_date": "2015-09-11T13:55:11.212Z",
    "session_data": "ZjJjZDY0ZGVmMGM4ODFmMTA3ZmE3OTdmZWMyZDExMDU3ZjRkMzk5NDp7Il9hdXRoX3VzZXJfaWQiOiIxIiwiX2F1dGhfdXNlcl9iYWNrZW5kIjoic2FsZW9yLnJlZ2lzdHJhdGlvbi5iYWNrZW5kcy5FbWFpbFBhc3N3b3JkQmFja2VuZCIsIl9hdXRoX3VzZXJfaGFzaCI6IiIsImNoZWNrb3V0X3N0b3JhZ2UiOnsic2hpcHBpbmciOnsiZGVsaXZlcnlfbWV0aG9kIjoiZHVtbXlfc2hpcHBpbmciLCJhZGRyZXNzIjp7ImNpdHkiOiIyNzAiLCJjb3VudHJ5X2FyZWEiOiJBYWFhYWFhYWFhYSIsImNvbXBhbnlfbmFtZSI6IiIsImxhc3RfbmFtZSI6IlJvc29uIiwic3RyZWV0X2FkZHJlc3NfMSI6IkR1YXJ0ZSBRdWlyb3MiLCJjb3VudHJ5IjoiQUkiLCJwb3N0YWxfY29kZSI6IjUwMDAiLCJwaG9uZSI6IjIyMjIyMjIyMjIiLCJzdHJlZXRfYWRkcmVzc18yIjoiIiwiZmlyc3RfbmFtZSI6Ik1hdGlhcyJ9fSwiYmlsbGluZyI6eyJhbm9ueW1vdXNfdXNlcl9lbWFpbCI6IiIsImFkZHJlc3MiOnsiY2l0eSI6IjI3MCIsImNvdW50cnlfYXJlYSI6IkFhYWFhYWFhYWFhIiwiY29tcGFueV9uYW1lIjoiIiwibGFzdF9uYW1lIjoiUm9zb24iLCJzdHJlZXRfYWRkcmVzc18xIjoiRHVhcnRlIFF1aXJvcyIsImNvdW50cnkiOiJBSSIsInBvc3RhbF9jb2RlIjoiNTAwMCIsInBob25lIjoiMjIyMjIyMjIyMiIsInN0cmVldF9hZGRyZXNzXzIiOiIiLCJmaXJzdF9uYW1lIjoiTWF0aWFzIn19LCJzdW1tYXJ5Ijp7fX0sImNhcnQiOnsiaXRlbXMiOlt7InF1YW50aXR5IjoyLCJkYXRhIjp7InByb2R1Y3RfaWQiOjIsInVuaXRfcHJpY2VfZ3Jvc3MiOiIxMzAuMDAiLCJleHRyYV9kYXRhIjoiWygzLCA1KSwgKDEsIDIpXSIsInZhcmlhbnRfaWQiOjIsInByb2R1Y3Rfc2x1ZyI6InJlbWVyYS0xIiwidW5pdF9wcmljZV9uZXQiOiIxMzAuMDAifSwicHJvZHVjdCI6IlJlbWVyYSAxIChTLCBGZW1lbmlubykifV19fQ=="
  },
  "model": "sessions.session",
  "pk": "e19gum90ae605lgkoq71rczmj52mq3fp"
},
{
  "fields": {
    "expire_date": "2015-09-10T21:39:37.672Z",
    "session_data": "ODhiNTQ2Zjg1NmUyNjFhYjFhYTExYjUzMjIxZTMyMjg4OGU5MmQ3Yzp7ImNhcnQiOnsiaXRlbXMiOlt7ImRhdGEiOnsidW5pdF9wcmljZV9uZXQiOiIxMzAuMDAiLCJwcm9kdWN0X2lkIjoyLCJleHRyYV9kYXRhIjoiW10iLCJwcm9kdWN0X3NsdWciOiJyZW1lcmEtMSIsInVuaXRfcHJpY2VfZ3Jvc3MiOiIxMzAuMDAiLCJ2YXJpYW50X2lkIjoyfSwicHJvZHVjdCI6IlJlbWVyYSAxIChTLCBGZW1lbmlubykiLCJxdWFudGl0eSI6MTV9XX0sIl9tZXNzYWdlcyI6IltbXCJfX2pzb25fbWVzc2FnZVwiLDAsMjUsXCJBZGRlZCBSZW1lcmEgMSB0byB5b3VyIGNhcnQuXCJdXSJ9"
  },
  "model": "sessions.session",
  "pk": "elgs9gaim0xlpl560e0cao486zy43z20"
},
{
  "fields": {
    "expire_date": "2015-09-21T16:30:27.509Z",
    "session_data": "Mjg1MGZlNmRkMWVmNTJjN2NiNmNlYjIxNGFlOGRmYmY5MjUxNzE5Njp7Il9hdXRoX3VzZXJfaWQiOiIyIiwiX2F1dGhfdXNlcl9iYWNrZW5kIjoic2FsZW9yLnJlZ2lzdHJhdGlvbi5iYWNrZW5kcy5Ucml2aWFsQmFja2VuZCIsIl9hdXRoX3VzZXJfaGFzaCI6IiJ9"
  },
  "model": "sessions.session",
  "pk": "fcm4elsek2lgru2dkbl6i362zjc8jph6"
},
{
  "fields": {
    "expire_date": "2015-09-25T13:24:21.160Z",
    "session_data": "OGM0Mjc4MGIxYjkyNzA0MDc4Y2NmZTViYTkzYmY0MzZhNDcyMWI5ZTp7Il9hdXRoX3VzZXJfaGFzaCI6IiIsIl9hdXRoX3VzZXJfaWQiOiIxIiwiY2FydCI6eyJpdGVtcyI6W119LCJfYXV0aF91c2VyX2JhY2tlbmQiOiJzYWxlb3IucmVnaXN0cmF0aW9uLmJhY2tlbmRzLkVtYWlsUGFzc3dvcmRCYWNrZW5kIn0="
  },
  "model": "sessions.session",
  "pk": "fhwshtykj9tvjqunhk9ojdte6x98bjyn"
},
{
  "fields": {
    "expire_date": "2015-09-10T22:43:27.575Z",
    "session_data": "N2MzYmE3MjBiNWI5N2UzNTNhNjg2ODlhNDVjN2EzNGRhYjliMGJlOTp7ImNhcnQiOnsiaXRlbXMiOlt7ImRhdGEiOnsidmFyaWFudF9pZCI6MTEsInVuaXRfcHJpY2VfbmV0IjoiMTMwLjAwIiwicHJvZHVjdF9zbHVnIjoicmVtZXJhLTEiLCJ1bml0X3ByaWNlX2dyb3NzIjoiMTMwLjAwIiwicHJvZHVjdF9pZCI6MiwiZXh0cmFfZGF0YSI6IlsoMSwgMildIn0sInByb2R1Y3QiOiJSZW1lcmEgMSAoTSwgRmVtZW5pbm8pIiwicXVhbnRpdHkiOjN9XX0sIl9tZXNzYWdlcyI6IltbXCJfX2pzb25fbWVzc2FnZVwiLDAsMjUsXCJBZGRlZCBSZW1lcmEgMSB0byB5b3VyIGNhcnQuXCJdXSJ9"
  },
  "model": "sessions.session",
  "pk": "hcm2c7sw3zydj1481iuj0a4fi7kuoz1v"
},
{
  "fields": {
    "expire_date": "2015-09-16T18:56:48.355Z",
    "session_data": "NDc1YmQ1NDM2OWFlMzAyMmQwMWJhNzQxNjViZTlhN2U0ZTlmMjg1Njp7Il9sYW5ndWFnZSI6ImVzIiwiX2F1dGhfdXNlcl9iYWNrZW5kIjoic2FsZW9yLnJlZ2lzdHJhdGlvbi5iYWNrZW5kcy5FbWFpbFBhc3N3b3JkQmFja2VuZCIsIl9hdXRoX3VzZXJfaWQiOiIxIiwiX2F1dGhfdXNlcl9oYXNoIjoiIiwiY2FydCI6eyJpdGVtcyI6W3sicXVhbnRpdHkiOjEsImRhdGEiOnsicHJvZHVjdF9zbHVnIjoiYnV6by0xIiwicHJvZHVjdF9pZCI6NCwidmFyaWFudF9pZCI6MTUsInVuaXRfcHJpY2VfbmV0IjoiMjMwLjAwIiwiZXh0cmFfZGF0YSI6IiIsInVuaXRfcHJpY2VfZ3Jvc3MiOiIyMzAuMDAifSwicHJvZHVjdCI6IkJ1em8gMSAoTCwgTWFzY3VsaW5vKSJ9XX19"
  },
  "model": "sessions.session",
  "pk": "kg0dfas6gxw6gr2znvcghcy4gwh49wcb"
},
{
  "fields": {
    "expire_date": "2015-09-09T20:59:26.862Z",
    "session_data": "N2YxNjEzOGNmMTUxYzA4N2NjYWFmOTI4ZjUzNDU5ODAyOGUxNWFhNjp7Il9hdXRoX3VzZXJfaGFzaCI6IiIsIl9hdXRoX3VzZXJfaWQiOiIxIiwiX2F1dGhfdXNlcl9iYWNrZW5kIjoic2FsZW9yLnJlZ2lzdHJhdGlvbi5iYWNrZW5kcy5FbWFpbFBhc3N3b3JkQmFja2VuZCIsImNhcnQiOnsiaXRlbXMiOlt7InByb2R1Y3QiOiJSZW1lcmFzIChQcnIpIiwiZGF0YSI6eyJ1bml0X3ByaWNlX25ldCI6IjIwMC4wMCIsInVuaXRfcHJpY2VfZ3Jvc3MiOiIyMDAuMDAiLCJ2YXJpYW50X2lkIjoxLCJwcm9kdWN0X2lkIjoxLCJwcm9kdWN0X3NsdWciOiJyZW1lcmFzIn0sInF1YW50aXR5IjoxfV19fQ=="
  },
  "model": "sessions.session",
  "pk": "qddnvgstowxi595tak3cbr867qdh0jwj"
},
{
  "fields": {
    "expire_date": "2015-10-07T13:29:37.108Z",
    "session_data": "YTAxMTEzODNmZWQ2MGFhMDNjOTNhZTUwNmMzOTMxODZjYTIwOTU2NDp7ImNtc19hZG1pbl9zaXRlIjoxLCJfYXV0aF91c2VyX2JhY2tlbmQiOiJzYWxlb3IucmVnaXN0cmF0aW9uLmJhY2tlbmRzLkVtYWlsUGFzc3dvcmRCYWNrZW5kIiwiX2F1dGhfdXNlcl9oYXNoIjoiIiwiX2F1dGhfdXNlcl9pZCI6IjEifQ=="
  },
  "model": "sessions.session",
  "pk": "ru88m6rfeocduglt8xiol4a0958yyogw"
},
{
  "fields": {
    "expire_date": "2015-09-10T23:17:57.387Z",
    "session_data": "NTc0YWM1Y2M4NWNjODAxZDQ1ZWQ4NDEwYTA4ZGY2ZTIxNWUzMTVhZTp7Il9tZXNzYWdlcyI6IltbXCJfX2pzb25fbWVzc2FnZVwiLDAsMjUsXCJBZGRlZCBSZW1lcmEgMSB0byB5b3VyIGNhcnQuXCJdXSIsImNhcnQiOnsiaXRlbXMiOlt7ImRhdGEiOnsidW5pdF9wcmljZV9ncm9zcyI6IjEzMC4wMCIsInByb2R1Y3RfaWQiOjIsImV4dHJhX2RhdGEiOiJbKDEsIDIpXSIsInVuaXRfcHJpY2VfbmV0IjoiMTMwLjAwIiwidmFyaWFudF9pZCI6MiwicHJvZHVjdF9zbHVnIjoicmVtZXJhLTEifSwicXVhbnRpdHkiOjIsInByb2R1Y3QiOiJSZW1lcmEgMSAoUywgRmVtZW5pbm8pIn0seyJkYXRhIjp7InVuaXRfcHJpY2VfZ3Jvc3MiOiIxMzAuMDAiLCJwcm9kdWN0X2lkIjoyLCJleHRyYV9kYXRhIjpudWxsLCJ1bml0X3ByaWNlX25ldCI6IjEzMC4wMCIsInZhcmlhbnRfaWQiOjIsInByb2R1Y3Rfc2x1ZyI6InJlbWVyYS0xIn0sInF1YW50aXR5Ijo0LCJwcm9kdWN0IjoiUmVtZXJhIDEgKFMsIEZlbWVuaW5vKSJ9XX19"
  },
  "model": "sessions.session",
  "pk": "six6l9uzsx0d4o9shgjnhyvyzrx16yc0"
},
{
  "fields": {
    "expire_date": "2015-09-11T14:38:07.678Z",
    "session_data": "ZTRkYmFmOTk5MDg3ZmNhMzFjODgyMmI4YTgzYWUyMmQ3YTE1MTM1Yjp7ImNhcnQiOnsiaXRlbXMiOlt7ImRhdGEiOnsidW5pdF9wcmljZV9uZXQiOiIxMzAuMDAiLCJ2YXJpYW50X2lkIjoyLCJwcm9kdWN0X2lkIjoyLCJ1bml0X3ByaWNlX2dyb3NzIjoiMTMwLjAwIiwicHJvZHVjdF9zbHVnIjoicmVtZXJhLTEiLCJleHRyYV9kYXRhIjoiWygxLCAyKSwgKDMsIDQpXSJ9LCJxdWFudGl0eSI6MSwicHJvZHVjdCI6IlJlbWVyYSAxIChTLCBGZW1lbmlubykifV19LCJfYXV0aF91c2VyX2hhc2giOiIiLCJjaGVja291dF9zdG9yYWdlIjp7InNoaXBwaW5nIjp7ImFkZHJlc3MiOnsiY29tcGFueV9uYW1lIjoiIiwiZmlyc3RfbmFtZSI6Ik1hdGlhcyIsInBob25lIjoiMjIyMjIyMjIyMiIsInN0cmVldF9hZGRyZXNzXzIiOiIiLCJsYXN0X25hbWUiOiJSb3NvbiIsInN0cmVldF9hZGRyZXNzXzEiOiJEdWFydGUgUXVpcm9zIiwiY291bnRyeV9hcmVhIjoiQWFhYWFhYWFhYWEiLCJwb3N0YWxfY29kZSI6IjUwMDAiLCJjaXR5IjoiMjcwIiwiY291bnRyeSI6IkFJIn0sImRlbGl2ZXJ5X21ldGhvZCI6ImR1bW15X3NoaXBwaW5nIn0sInN1bW1hcnkiOnt9LCJiaWxsaW5nIjp7ImFkZHJlc3MiOnsiY29tcGFueV9uYW1lIjoiIiwiZmlyc3RfbmFtZSI6Ik1hdGlhcyIsInBob25lIjoiMjIyMjIyMjIyMiIsInN0cmVldF9hZGRyZXNzXzIiOiIiLCJsYXN0X25hbWUiOiJSb3NvbiIsInN0cmVldF9hZGRyZXNzXzEiOiJEdWFydGUgUXVpcm9zIiwiY291bnRyeV9hcmVhIjoiQWFhYWFhYWFhYWEiLCJwb3N0YWxfY29kZSI6IjUwMDAiLCJjaXR5IjoiMjcwIiwiY291bnRyeSI6IkFJIn0sImFub255bW91c191c2VyX2VtYWlsIjoiIn19LCJfbWVzc2FnZXMiOiJbW1wiX19qc29uX21lc3NhZ2VcIiwwLDI1LFwiQWRkZWQgUmVtZXJhIDEgdG8geW91ciBjYXJ0LlwiXV0iLCJfYXV0aF91c2VyX2lkIjoiMSIsIl9hdXRoX3VzZXJfYmFja2VuZCI6InNhbGVvci5yZWdpc3RyYXRpb24uYmFja2VuZHMuRW1haWxQYXNzd29yZEJhY2tlbmQifQ=="
  },
  "model": "sessions.session",
  "pk": "tg8bzvky3xmlwxk2t0pwkgtetrocbi6z"
},
{
  "fields": {
    "expire_date": "2015-09-09T15:07:34.758Z",
    "session_data": "NWZiYjFlNzExZTQwOTA5NDk3ZDNhYTI2ZTc1Njc3NzcwZmFjNTlmOTp7Il9hdXRoX3VzZXJfaGFzaCI6IiIsIl9hdXRoX3VzZXJfYmFja2VuZCI6InNhbGVvci5yZWdpc3RyYXRpb24uYmFja2VuZHMuRW1haWxQYXNzd29yZEJhY2tlbmQiLCJfYXV0aF91c2VyX2lkIjoiMSJ9"
  },
  "model": "sessions.session",
  "pk": "tkv5oze816nws3jtqh66vpqfnzuxsokg"
},
{
  "fields": {
    "expire_date": "2015-09-10T22:31:24.454Z",
    "session_data": "ZWQyMjJiMWEwZmFiZGZiYzRkMzM1MjIyMDNjYTg5YTc4OGNjZDNmNDp7Il9hdXRoX3VzZXJfYmFja2VuZCI6InNhbGVvci5yZWdpc3RyYXRpb24uYmFja2VuZHMuRW1haWxQYXNzd29yZEJhY2tlbmQiLCJjYXJ0Ijp7Iml0ZW1zIjpbeyJxdWFudGl0eSI6MTUsImRhdGEiOnsidW5pdF9wcmljZV9ncm9zcyI6IjEzMC4wMCIsInByb2R1Y3RfaWQiOjIsImV4dHJhX2RhdGEiOiJbXSIsInVuaXRfcHJpY2VfbmV0IjoiMTMwLjAwIiwicHJvZHVjdF9zbHVnIjoicmVtZXJhLTEiLCJ2YXJpYW50X2lkIjoyfSwicHJvZHVjdCI6IlJlbWVyYSAxIChTLCBGZW1lbmlubykifSx7InF1YW50aXR5IjoxNSwiZGF0YSI6eyJ1bml0X3ByaWNlX2dyb3NzIjoiMTMwLjAwIiwicHJvZHVjdF9pZCI6MiwiZXh0cmFfZGF0YSI6IiIsInVuaXRfcHJpY2VfbmV0IjoiMTMwLjAwIiwicHJvZHVjdF9zbHVnIjoicmVtZXJhLTEiLCJ2YXJpYW50X2lkIjoyfSwicHJvZHVjdCI6IlJlbWVyYSAxIChTLCBGZW1lbmlubykifV19LCJfYXV0aF91c2VyX2hhc2giOiIiLCJfYXV0aF91c2VyX2lkIjoiMSJ9"
  },
  "model": "sessions.session",
  "pk": "u0pjnea4vl9qzzmx68sijcoflyabbav8"
},
{
  "fields": {
    "expire_date": "2015-09-22T17:24:48.396Z",
    "session_data": "NTY5NjQyNWFhM2JkYTA0ODE1ZGRjZDQ2ZGM5ZTY2ODg3MTI5ZWRlNDp7ImNhcnQiOnsiaXRlbXMiOlt7InByb2R1Y3QiOiJSZW1lcmEgMSAoUywgRmVtZW5pbm8pIiwicXVhbnRpdHkiOjQsImRhdGEiOnsidW5pdF9wcmljZV9ncm9zcyI6IjEwNS4wMCIsInByb2R1Y3Rfc2x1ZyI6InJlbWVyYS0xIiwicHJvZHVjdF9pZCI6MiwiZXh0cmFfZGF0YSI6IlsoMyw1KV0iLCJ1bml0X3ByaWNlX25ldCI6IjEwNS4wMCIsInZhcmlhbnRfaWQiOjJ9fV19LCJfYXV0aF91c2VyX2JhY2tlbmQiOiJzYWxlb3IucmVnaXN0cmF0aW9uLmJhY2tlbmRzLkVtYWlsUGFzc3dvcmRCYWNrZW5kIiwiX2F1dGhfdXNlcl9pZCI6IjEiLCJfYXV0aF91c2VyX2hhc2giOiIifQ=="
  },
  "model": "sessions.session",
  "pk": "vsub5z1ibau15ur7tzx81ebry895klti"
},
{
  "fields": {
    "expire_date": "2015-09-29T22:35:51.056Z",
    "session_data": "ODhiNjgzMzgyYjQ1YTMzZGUwZTk3NzYxMzhlNWZmMjE2ZGQyNGJjMjp7fQ=="
  },
  "model": "sessions.session",
  "pk": "vurcmg4bqj0loddw15xcr49h242hf024"
},
{
  "fields": {
    "expire_date": "2015-09-09T13:27:53.022Z",
    "session_data": "ZTFkZjU0ZmY5ZDMxZWRhZDJkOGExNjU2MWZiYTdiOTVlMjQ5ZGZiMzp7Il9hdXRoX3VzZXJfaGFzaCI6IiIsIl9tZXNzYWdlcyI6IltbXCJfX2pzb25fbWVzc2FnZVwiLDAsMjUsXCJBZGRlZCBSZW1lcmFzIHRvIHlvdXIgY2FydC5cIl1dIiwiY2FydCI6eyJpdGVtcyI6W3sicXVhbnRpdHkiOjEsImRhdGEiOnsidW5pdF9wcmljZV9uZXQiOiIyMDAuMDAiLCJ1bml0X3ByaWNlX2dyb3NzIjoiMjAwLjAwIiwicHJvZHVjdF9pZCI6MSwicHJvZHVjdF9zbHVnIjoicmVtZXJhcyIsInZhcmlhbnRfaWQiOjF9LCJwcm9kdWN0IjoiUmVtZXJhcyAoUHJyKSJ9XX0sIl9hdXRoX3VzZXJfYmFja2VuZCI6InNhbGVvci5yZWdpc3RyYXRpb24uYmFja2VuZHMuRW1haWxQYXNzd29yZEJhY2tlbmQiLCJfYXV0aF91c2VyX2lkIjoiMSJ9"
  },
  "model": "sessions.session",
  "pk": "x619ad3nm5twrrh9ryoz1wehm174ypq1"
},
{
  "fields": {
    "expire_date": "2015-09-28T14:37:01.535Z",
    "session_data": "NzA5MTIwMDM4ZDJmNzA3NGE1NWE2Mzc3ZThiNGZkZmZhYjkyODYyNTp7Il9tZXNzYWdlcyI6IltbXCJfX2pzb25fbWVzc2FnZVwiLDAsMjUsXCJVc3RlZCBoYSBzaWRvIHJlZ2lzdHJhZG8gY29uIFxcdTAwZTl4aXRvLlwiXV0ifQ=="
  },
  "model": "sessions.session",
  "pk": "y5n610l5g7k5kun73j8cr5tm91djqsav"
},
{
  "fields": {
    "domain": "example.com",
    "name": "example.com"
  },
  "model": "sites.site",
  "pk": 1
},
{
  "fields": {
    "codename": "add_contenttype",
    "content_type": 15,
    "name": "Can add content type"
  },
  "model": "auth.permission",
  "pk": 1
},
{
  "fields": {
    "codename": "change_contenttype",
    "content_type": 15,
    "name": "Can change content type"
  },
  "model": "auth.permission",
  "pk": 2
},
{
  "fields": {
    "codename": "delete_contenttype",
    "content_type": 15,
    "name": "Can delete content type"
  },
  "model": "auth.permission",
  "pk": 3
},
{
  "fields": {
    "codename": "add_session",
    "content_type": 16,
    "name": "Can add session"
  },
  "model": "auth.permission",
  "pk": 4
},
{
  "fields": {
    "codename": "change_session",
    "content_type": 16,
    "name": "Can change session"
  },
  "model": "auth.permission",
  "pk": 5
},
{
  "fields": {
    "codename": "delete_session",
    "content_type": 16,
    "name": "Can delete session"
  },
  "model": "auth.permission",
  "pk": 6
},
{
  "fields": {
    "codename": "add_site",
    "content_type": 17,
    "name": "Can add site"
  },
  "model": "auth.permission",
  "pk": 7
},
{
  "fields": {
    "codename": "change_site",
    "content_type": 17,
    "name": "Can change site"
  },
  "model": "auth.permission",
  "pk": 8
},
{
  "fields": {
    "codename": "delete_site",
    "content_type": 17,
    "name": "Can delete site"
  },
  "model": "auth.permission",
  "pk": 9
},
{
  "fields": {
    "codename": "add_logentry",
    "content_type": 18,
    "name": "Can add log entry"
  },
  "model": "auth.permission",
  "pk": 10
},
{
  "fields": {
    "codename": "change_logentry",
    "content_type": 18,
    "name": "Can change log entry"
  },
  "model": "auth.permission",
  "pk": 11
},
{
  "fields": {
    "codename": "delete_logentry",
    "content_type": 18,
    "name": "Can delete log entry"
  },
  "model": "auth.permission",
  "pk": 12
},
{
  "fields": {
    "codename": "add_permission",
    "content_type": 20,
    "name": "Can add permission"
  },
  "model": "auth.permission",
  "pk": 13
},
{
  "fields": {
    "codename": "change_permission",
    "content_type": 20,
    "name": "Can change permission"
  },
  "model": "auth.permission",
  "pk": 14
},
{
  "fields": {
    "codename": "delete_permission",
    "content_type": 20,
    "name": "Can delete permission"
  },
  "model": "auth.permission",
  "pk": 15
},
{
  "fields": {
    "codename": "add_group",
    "content_type": 19,
    "name": "Can add group"
  },
  "model": "auth.permission",
  "pk": 16
},
{
  "fields": {
    "codename": "change_group",
    "content_type": 19,
    "name": "Can change group"
  },
  "model": "auth.permission",
  "pk": 17
},
{
  "fields": {
    "codename": "delete_group",
    "content_type": 19,
    "name": "Can delete group"
  },
  "model": "auth.permission",
  "pk": 18
},
{
  "fields": {
    "codename": "add_address",
    "content_type": 35,
    "name": "Can add address"
  },
  "model": "auth.permission",
  "pk": 19
},
{
  "fields": {
    "codename": "change_address",
    "content_type": 35,
    "name": "Can change address"
  },
  "model": "auth.permission",
  "pk": 20
},
{
  "fields": {
    "codename": "delete_address",
    "content_type": 35,
    "name": "Can delete address"
  },
  "model": "auth.permission",
  "pk": 21
},
{
  "fields": {
    "codename": "add_user",
    "content_type": 34,
    "name": "Can add user"
  },
  "model": "auth.permission",
  "pk": 22
},
{
  "fields": {
    "codename": "change_user",
    "content_type": 34,
    "name": "Can change user"
  },
  "model": "auth.permission",
  "pk": 23
},
{
  "fields": {
    "codename": "delete_user",
    "content_type": 34,
    "name": "Can delete user"
  },
  "model": "auth.permission",
  "pk": 24
},
{
  "fields": {
    "codename": "add_fixedproductdiscount",
    "content_type": 58,
    "name": "Can add fixed product discount"
  },
  "model": "auth.permission",
  "pk": 25
},
{
  "fields": {
    "codename": "change_fixedproductdiscount",
    "content_type": 58,
    "name": "Can change fixed product discount"
  },
  "model": "auth.permission",
  "pk": 26
},
{
  "fields": {
    "codename": "delete_fixedproductdiscount",
    "content_type": 58,
    "name": "Can delete fixed product discount"
  },
  "model": "auth.permission",
  "pk": 27
},
{
  "fields": {
    "codename": "add_category",
    "content_type": 37,
    "name": "Can add category"
  },
  "model": "auth.permission",
  "pk": 28
},
{
  "fields": {
    "codename": "change_category",
    "content_type": 37,
    "name": "Can change category"
  },
  "model": "auth.permission",
  "pk": 29
},
{
  "fields": {
    "codename": "delete_category",
    "content_type": 37,
    "name": "Can delete category"
  },
  "model": "auth.permission",
  "pk": 30
},
{
  "fields": {
    "codename": "add_product",
    "content_type": 39,
    "name": "Can add product"
  },
  "model": "auth.permission",
  "pk": 31
},
{
  "fields": {
    "codename": "change_product",
    "content_type": 39,
    "name": "Can change product"
  },
  "model": "auth.permission",
  "pk": 32
},
{
  "fields": {
    "codename": "delete_product",
    "content_type": 39,
    "name": "Can delete product"
  },
  "model": "auth.permission",
  "pk": 33
},
{
  "fields": {
    "codename": "add_productvariant",
    "content_type": 41,
    "name": "Can add product variant"
  },
  "model": "auth.permission",
  "pk": 34
},
{
  "fields": {
    "codename": "change_productvariant",
    "content_type": 41,
    "name": "Can change product variant"
  },
  "model": "auth.permission",
  "pk": 35
},
{
  "fields": {
    "codename": "delete_productvariant",
    "content_type": 41,
    "name": "Can delete product variant"
  },
  "model": "auth.permission",
  "pk": 36
},
{
  "fields": {
    "codename": "add_stock",
    "content_type": 43,
    "name": "Can add stock"
  },
  "model": "auth.permission",
  "pk": 37
},
{
  "fields": {
    "codename": "change_stock",
    "content_type": 43,
    "name": "Can change stock"
  },
  "model": "auth.permission",
  "pk": 38
},
{
  "fields": {
    "codename": "delete_stock",
    "content_type": 43,
    "name": "Can delete stock"
  },
  "model": "auth.permission",
  "pk": 39
},
{
  "fields": {
    "codename": "add_productattribute",
    "content_type": 39,
    "name": "Can add product attribute"
  },
  "model": "auth.permission",
  "pk": 40
},
{
  "fields": {
    "codename": "change_productattribute",
    "content_type": 39,
    "name": "Can change product attribute"
  },
  "model": "auth.permission",
  "pk": 41
},
{
  "fields": {
    "codename": "delete_productattribute",
    "content_type": 39,
    "name": "Can delete product attribute"
  },
  "model": "auth.permission",
  "pk": 42
},
{
  "fields": {
    "codename": "add_attributechoicevalue",
    "content_type": 36,
    "name": "Can add attribute choice value"
  },
  "model": "auth.permission",
  "pk": 43
},
{
  "fields": {
    "codename": "change_attributechoicevalue",
    "content_type": 36,
    "name": "Can change attribute choice value"
  },
  "model": "auth.permission",
  "pk": 44
},
{
  "fields": {
    "codename": "delete_attributechoicevalue",
    "content_type": 36,
    "name": "Can delete attribute choice value"
  },
  "model": "auth.permission",
  "pk": 45
},
{
  "fields": {
    "codename": "add_productimage",
    "content_type": 38,
    "name": "Can add product image"
  },
  "model": "auth.permission",
  "pk": 46
},
{
  "fields": {
    "codename": "change_productimage",
    "content_type": 38,
    "name": "Can change product image"
  },
  "model": "auth.permission",
  "pk": 47
},
{
  "fields": {
    "codename": "delete_productimage",
    "content_type": 38,
    "name": "Can delete product image"
  },
  "model": "auth.permission",
  "pk": 48
},
{
  "fields": {
    "codename": "add_order",
    "content_type": 47,
    "name": "Can add order"
  },
  "model": "auth.permission",
  "pk": 49
},
{
  "fields": {
    "codename": "change_order",
    "content_type": 47,
    "name": "Can change order"
  },
  "model": "auth.permission",
  "pk": 50
},
{
  "fields": {
    "codename": "delete_order",
    "content_type": 47,
    "name": "Can delete order"
  },
  "model": "auth.permission",
  "pk": 51
},
{
  "fields": {
    "codename": "add_deliverygroup",
    "content_type": 48,
    "name": "Can add delivery group"
  },
  "model": "auth.permission",
  "pk": 52
},
{
  "fields": {
    "codename": "change_deliverygroup",
    "content_type": 48,
    "name": "Can change delivery group"
  },
  "model": "auth.permission",
  "pk": 53
},
{
  "fields": {
    "codename": "delete_deliverygroup",
    "content_type": 48,
    "name": "Can delete delivery group"
  },
  "model": "auth.permission",
  "pk": 54
},
{
  "fields": {
    "codename": "add_ordereditem",
    "content_type": 46,
    "name": "Can add ordered item"
  },
  "model": "auth.permission",
  "pk": 55
},
{
  "fields": {
    "codename": "change_ordereditem",
    "content_type": 46,
    "name": "Can change ordered item"
  },
  "model": "auth.permission",
  "pk": 56
},
{
  "fields": {
    "codename": "delete_ordereditem",
    "content_type": 46,
    "name": "Can delete ordered item"
  },
  "model": "auth.permission",
  "pk": 57
},
{
  "fields": {
    "codename": "add_payment",
    "content_type": 49,
    "name": "Can add payment"
  },
  "model": "auth.permission",
  "pk": 58
},
{
  "fields": {
    "codename": "change_payment",
    "content_type": 49,
    "name": "Can change payment"
  },
  "model": "auth.permission",
  "pk": 59
},
{
  "fields": {
    "codename": "delete_payment",
    "content_type": 49,
    "name": "Can delete payment"
  },
  "model": "auth.permission",
  "pk": 60
},
{
  "fields": {
    "codename": "add_orderhistoryentry",
    "content_type": 44,
    "name": "Can add order history entry"
  },
  "model": "auth.permission",
  "pk": 61
},
{
  "fields": {
    "codename": "change_orderhistoryentry",
    "content_type": 44,
    "name": "Can change order history entry"
  },
  "model": "auth.permission",
  "pk": 62
},
{
  "fields": {
    "codename": "delete_orderhistoryentry",
    "content_type": 44,
    "name": "Can delete order history entry"
  },
  "model": "auth.permission",
  "pk": 63
},
{
  "fields": {
    "codename": "add_ordernote",
    "content_type": 45,
    "name": "Can add order note"
  },
  "model": "auth.permission",
  "pk": 64
},
{
  "fields": {
    "codename": "change_ordernote",
    "content_type": 45,
    "name": "Can change order note"
  },
  "model": "auth.permission",
  "pk": 65
},
{
  "fields": {
    "codename": "delete_ordernote",
    "content_type": 45,
    "name": "Can delete order note"
  },
  "model": "auth.permission",
  "pk": 66
},
{
  "fields": {
    "codename": "add_externaluserdata",
    "content_type": 52,
    "name": "Can add external user data"
  },
  "model": "auth.permission",
  "pk": 67
},
{
  "fields": {
    "codename": "change_externaluserdata",
    "content_type": 52,
    "name": "Can change external user data"
  },
  "model": "auth.permission",
  "pk": 68
},
{
  "fields": {
    "codename": "delete_externaluserdata",
    "content_type": 52,
    "name": "Can delete external user data"
  },
  "model": "auth.permission",
  "pk": 69
},
{
  "fields": {
    "codename": "add_emailconfirmationrequest",
    "content_type": 51,
    "name": "Can add email confirmation request"
  },
  "model": "auth.permission",
  "pk": 70
},
{
  "fields": {
    "codename": "change_emailconfirmationrequest",
    "content_type": 51,
    "name": "Can change email confirmation request"
  },
  "model": "auth.permission",
  "pk": 71
},
{
  "fields": {
    "codename": "delete_emailconfirmationrequest",
    "content_type": 51,
    "name": "Can delete email confirmation request"
  },
  "model": "auth.permission",
  "pk": 72
},
{
  "fields": {
    "codename": "add_emailchangerequest",
    "content_type": 50,
    "name": "Can add email change request"
  },
  "model": "auth.permission",
  "pk": 73
},
{
  "fields": {
    "codename": "change_emailchangerequest",
    "content_type": 50,
    "name": "Can change email change request"
  },
  "model": "auth.permission",
  "pk": 74
},
{
  "fields": {
    "codename": "delete_emailchangerequest",
    "content_type": 50,
    "name": "Can delete email change request"
  },
  "model": "auth.permission",
  "pk": 75
},
{
  "fields": {
    "codename": "add_modelgeneric",
    "content_type": 57,
    "name": "Can add model generic"
  },
  "model": "auth.permission",
  "pk": 76
},
{
  "fields": {
    "codename": "change_modelgeneric",
    "content_type": 57,
    "name": "Can change model generic"
  },
  "model": "auth.permission",
  "pk": 77
},
{
  "fields": {
    "codename": "delete_modelgeneric",
    "content_type": 57,
    "name": "Can delete model generic"
  },
  "model": "auth.permission",
  "pk": 78
},
{
  "fields": {
    "codename": "add_optionset",
    "content_type": 56,
    "name": "Can add Option Set"
  },
  "model": "auth.permission",
  "pk": 79
},
{
  "fields": {
    "codename": "change_optionset",
    "content_type": 56,
    "name": "Can change Option Set"
  },
  "model": "auth.permission",
  "pk": 80
},
{
  "fields": {
    "codename": "delete_optionset",
    "content_type": 56,
    "name": "Can delete Option Set"
  },
  "model": "auth.permission",
  "pk": 81
},
{
  "fields": {
    "codename": "add_option",
    "content_type": 55,
    "name": "Can add Option"
  },
  "model": "auth.permission",
  "pk": 82
},
{
  "fields": {
    "codename": "change_option",
    "content_type": 55,
    "name": "Can change Option"
  },
  "model": "auth.permission",
  "pk": 83
},
{
  "fields": {
    "codename": "delete_option",
    "content_type": 55,
    "name": "Can delete Option"
  },
  "model": "auth.permission",
  "pk": 84
},
{
  "fields": {
    "codename": "add_favorite",
    "content_type": 53,
    "name": "Can add favorite"
  },
  "model": "auth.permission",
  "pk": 85
},
{
  "fields": {
    "codename": "change_favorite",
    "content_type": 53,
    "name": "Can change favorite"
  },
  "model": "auth.permission",
  "pk": 86
},
{
  "fields": {
    "codename": "delete_favorite",
    "content_type": 53,
    "name": "Can delete favorite"
  },
  "model": "auth.permission",
  "pk": 87
},

{
  "fields": {
    "codename": "add_overallrating",
    "content_type": 32,
    "name": "Can add overall rating"
  },
  "model": "auth.permission",
  "pk": 91
},
{
  "fields": {
    "codename": "change_overallrating",
    "content_type": 32,
    "name": "Can change overall rating"
  },
  "model": "auth.permission",
  "pk": 92
},
{
  "fields": {
    "codename": "delete_overallrating",
    "content_type": 32,
    "name": "Can delete overall rating"
  },
  "model": "auth.permission",
  "pk": 93
},
{
  "fields": {
    "codename": "add_rating",
    "content_type": 31,
    "name": "Can add rating"
  },
  "model": "auth.permission",
  "pk": 94
},
{
  "fields": {
    "codename": "change_rating",
    "content_type": 31,
    "name": "Can change rating"
  },
  "model": "auth.permission",
  "pk": 95
},
{
  "fields": {
    "codename": "delete_rating",
    "content_type": 31,
    "name": "Can delete rating"
  },
  "model": "auth.permission",
  "pk": 96
},
{
  "fields": {
    "codename": "add_overallrating",
    "content_type": 33,
    "name": "Can add overall rating"
  },
  "model": "auth.permission",
  "pk": 97
},
{
  "fields": {
    "codename": "change_overallrating",
    "content_type": 33,
    "name": "Can change overall rating"
  },
  "model": "auth.permission",
  "pk": 98
},
{
  "fields": {
    "codename": "delete_overallrating",
    "content_type": 33,
    "name": "Can delete overall rating"
  },
  "model": "auth.permission",
  "pk": 99
},
{
  "fields": {
    "codename": "add_rating",
    "content_type": 34,
    "name": "Can add rating"
  },
  "model": "auth.permission",
  "pk": 100
},
{
  "fields": {
    "codename": "change_rating",
    "content_type": 34,
    "name": "Can change rating"
  },
  "model": "auth.permission",
  "pk": 101
},
{
  "fields": {
    "codename": "delete_rating",
    "content_type": 34,
    "name": "Can delete rating"
  },
  "model": "auth.permission",
  "pk": 102
},
{
  "fields": {
    "codename": "add_overallrating",
    "content_type": 35,
    "name": "Can add overall rating"
  },
  "model": "auth.permission",
  "pk": 103
},
{
  "fields": {
    "codename": "change_overallrating",
    "content_type": 35,
    "name": "Can change overall rating"
  },
  "model": "auth.permission",
  "pk": 104
},
{
  "fields": {
    "codename": "delete_overallrating",
    "content_type": 35,
    "name": "Can delete overall rating"
  },
  "model": "auth.permission",
  "pk": 105
},
{
  "fields": {
    "codename": "add_rating",
    "content_type": 36,
    "name": "Can add rating"
  },
  "model": "auth.permission",
  "pk": 106
},
{
  "fields": {
    "codename": "change_rating",
    "content_type": 36,
    "name": "Can change rating"
  },
  "model": "auth.permission",
  "pk": 107
},
{
  "fields": {
    "codename": "delete_rating",
    "content_type": 36,
    "name": "Can delete rating"
  },
  "model": "auth.permission",
  "pk": 108
},
{
  "fields": {
    "codename": "add_overallrating",
    "content_type": 37,
    "name": "Can add overall rating"
  },
  "model": "auth.permission",
  "pk": 109
},
{
  "fields": {
    "codename": "change_overallrating",
    "content_type": 37,
    "name": "Can change overall rating"
  },
  "model": "auth.permission",
  "pk": 110
},
{
  "fields": {
    "codename": "delete_overallrating",
    "content_type": 37,
    "name": "Can delete overall rating"
  },
  "model": "auth.permission",
  "pk": 111
},
{
  "fields": {
    "codename": "add_rating",
    "content_type": 38,
    "name": "Can add rating"
  },
  "model": "auth.permission",
  "pk": 112
},
{
  "fields": {
    "codename": "change_rating",
    "content_type": 38,
    "name": "Can change rating"
  },
  "model": "auth.permission",
  "pk": 113
},
{
  "fields": {
    "codename": "delete_rating",
    "content_type": 38,
    "name": "Can delete rating"
  },
  "model": "auth.permission",
  "pk": 114
},
{
  "fields": {
    "codename": "add_overallrating",
    "content_type": 58,
    "name": "Can add overall rating"
  },
  "model": "auth.permission",
  "pk": 115
},
{
  "fields": {
    "codename": "change_overallrating",
    "content_type": 58,
    "name": "Can change overall rating"
  },
  "model": "auth.permission",
  "pk": 116
},
{
  "fields": {
    "codename": "delete_overallrating",
    "content_type": 58,
    "name": "Can delete overall rating"
  },
  "model": "auth.permission",
  "pk": 117
},
{
  "fields": {
    "codename": "add_rating",
    "content_type": 59,
    "name": "Can add rating"
  },
  "model": "auth.permission",
  "pk": 118
},
{
  "fields": {
    "codename": "change_rating",
    "content_type": 59,
    "name": "Can change rating"
  },
  "model": "auth.permission",
  "pk": 119
},
{
  "fields": {
    "codename": "delete_rating",
    "content_type": 59,
    "name": "Can delete rating"
  },
  "model": "auth.permission",
  "pk": 120
},
{
  "fields": {
    "codename": "add_message",
    "content_type": 54,
    "name": "Can add Message"
  },
  "model": "auth.permission",
  "pk": 121
},
{
  "fields": {
    "codename": "change_message",
    "content_type": 54,
    "name": "Can change Message"
  },
  "model": "auth.permission",
  "pk": 122
},
{
  "fields": {
    "codename": "delete_message",
    "content_type": 54,
    "name": "Can delete Message"
  },
  "model": "auth.permission",
  "pk": 123
},
{
  "fields": {
    "codename": "use_structure",
    "content_type": 1,
    "name": "Can use Structure mode"
  },
  "model": "auth.permission",
  "pk": 124
},
{
  "fields": {
    "codename": "change_page",
    "content_type": 2,
    "name": ""
  },
  "model": "auth.permission",
  "pk": 125
},
{
  "fields": {
    "codename": "add_usersettings",
    "content_type": 5,
    "name": "Can add user setting"
  },
  "model": "auth.permission",
  "pk": 126
},
{
  "fields": {
    "codename": "change_usersettings",
    "content_type": 5,
    "name": "Can change user setting"
  },
  "model": "auth.permission",
  "pk": 127
},
{
  "fields": {
    "codename": "delete_usersettings",
    "content_type": 5,
    "name": "Can delete user setting"
  },
  "model": "auth.permission",
  "pk": 128
},
{
  "fields": {
    "codename": "add_placeholder",
    "content_type": 1,
    "name": "Can add placeholder"
  },
  "model": "auth.permission",
  "pk": 129
},
{
  "fields": {
    "codename": "change_placeholder",
    "content_type": 1,
    "name": "Can change placeholder"
  },
  "model": "auth.permission",
  "pk": 130
},
{
  "fields": {
    "codename": "delete_placeholder",
    "content_type": 1,
    "name": "Can delete placeholder"
  },
  "model": "auth.permission",
  "pk": 131
},
{
  "fields": {
    "codename": "add_cmsplugin",
    "content_type": 6,
    "name": "Can add cms plugin"
  },
  "model": "auth.permission",
  "pk": 132
},
{
  "fields": {
    "codename": "change_cmsplugin",
    "content_type": 6,
    "name": "Can change cms plugin"
  },
  "model": "auth.permission",
  "pk": 133
},
{
  "fields": {
    "codename": "delete_cmsplugin",
    "content_type": 6,
    "name": "Can delete cms plugin"
  },
  "model": "auth.permission",
  "pk": 134
},
{
  "fields": {
    "codename": "add_page",
    "content_type": 2,
    "name": "Can add page"
  },
  "model": "auth.permission",
  "pk": 135
},
{
  "fields": {
    "codename": "delete_page",
    "content_type": 2,
    "name": "Can delete page"
  },
  "model": "auth.permission",
  "pk": 136
},
{
  "fields": {
    "codename": "view_page",
    "content_type": 2,
    "name": "Can view page"
  },
  "model": "auth.permission",
  "pk": 137
},
{
  "fields": {
    "codename": "publish_page",
    "content_type": 2,
    "name": "Can publish page"
  },
  "model": "auth.permission",
  "pk": 138
},
{
  "fields": {
    "codename": "edit_static_placeholder",
    "content_type": 2,
    "name": "Can edit static placeholders"
  },
  "model": "auth.permission",
  "pk": 139
},
{
  "fields": {
    "codename": "add_globalpagepermission",
    "content_type": 4,
    "name": "Can add Page global permission"
  },
  "model": "auth.permission",
  "pk": 140
},
{
  "fields": {
    "codename": "change_globalpagepermission",
    "content_type": 4,
    "name": "Can change Page global permission"
  },
  "model": "auth.permission",
  "pk": 141
},
{
  "fields": {
    "codename": "delete_globalpagepermission",
    "content_type": 4,
    "name": "Can delete Page global permission"
  },
  "model": "auth.permission",
  "pk": 142
},
{
  "fields": {
    "codename": "add_pagepermission",
    "content_type": 9,
    "name": "Can add Page permission"
  },
  "model": "auth.permission",
  "pk": 143
},
{
  "fields": {
    "codename": "change_pagepermission",
    "content_type": 9,
    "name": "Can change Page permission"
  },
  "model": "auth.permission",
  "pk": 144
},
{
  "fields": {
    "codename": "delete_pagepermission",
    "content_type": 9,
    "name": "Can delete Page permission"
  },
  "model": "auth.permission",
  "pk": 145
},
{
  "fields": {
    "codename": "add_pageuser",
    "content_type": 3,
    "name": "Can add User (page)"
  },
  "model": "auth.permission",
  "pk": 146
},
{
  "fields": {
    "codename": "change_pageuser",
    "content_type": 3,
    "name": "Can change User (page)"
  },
  "model": "auth.permission",
  "pk": 147
},
{
  "fields": {
    "codename": "delete_pageuser",
    "content_type": 3,
    "name": "Can delete User (page)"
  },
  "model": "auth.permission",
  "pk": 148
},
{
  "fields": {
    "codename": "add_pageusergroup",
    "content_type": 11,
    "name": "Can add User group (page)"
  },
  "model": "auth.permission",
  "pk": 149
},
{
  "fields": {
    "codename": "change_pageusergroup",
    "content_type": 11,
    "name": "Can change User group (page)"
  },
  "model": "auth.permission",
  "pk": 150
},
{
  "fields": {
    "codename": "delete_pageusergroup",
    "content_type": 11,
    "name": "Can delete User group (page)"
  },
  "model": "auth.permission",
  "pk": 151
},
{
  "fields": {
    "codename": "add_title",
    "content_type": 10,
    "name": "Can add title"
  },
  "model": "auth.permission",
  "pk": 152
},
{
  "fields": {
    "codename": "change_title",
    "content_type": 10,
    "name": "Can change title"
  },
  "model": "auth.permission",
  "pk": 153
},
{
  "fields": {
    "codename": "delete_title",
    "content_type": 10,
    "name": "Can delete title"
  },
  "model": "auth.permission",
  "pk": 154
},
{
  "fields": {
    "codename": "add_placeholderreference",
    "content_type": 7,
    "name": "Can add placeholder reference"
  },
  "model": "auth.permission",
  "pk": 155
},
{
  "fields": {
    "codename": "change_placeholderreference",
    "content_type": 7,
    "name": "Can change placeholder reference"
  },
  "model": "auth.permission",
  "pk": 156
},
{
  "fields": {
    "codename": "delete_placeholderreference",
    "content_type": 7,
    "name": "Can delete placeholder reference"
  },
  "model": "auth.permission",
  "pk": 157
},
{
  "fields": {
    "codename": "add_staticplaceholder",
    "content_type": 8,
    "name": "Can add static placeholder"
  },
  "model": "auth.permission",
  "pk": 158
},
{
  "fields": {
    "codename": "change_staticplaceholder",
    "content_type": 8,
    "name": "Can change static placeholder"
  },
  "model": "auth.permission",
  "pk": 159
},
{
  "fields": {
    "codename": "delete_staticplaceholder",
    "content_type": 8,
    "name": "Can delete static placeholder"
  },
  "model": "auth.permission",
  "pk": 160
},
{
  "fields": {
    "codename": "add_aliaspluginmodel",
    "content_type": 12,
    "name": "Can add alias plugin model"
  },
  "model": "auth.permission",
  "pk": 161
},
{
  "fields": {
    "codename": "change_aliaspluginmodel",
    "content_type": 12,
    "name": "Can change alias plugin model"
  },
  "model": "auth.permission",
  "pk": 162
},
{
  "fields": {
    "codename": "delete_aliaspluginmodel",
    "content_type": 12,
    "name": "Can delete alias plugin model"
  },
  "model": "auth.permission",
  "pk": 163
},
{
  "fields": {
    "codename": "add_cachekey",
    "content_type": 13,
    "name": "Can add cache key"
  },
  "model": "auth.permission",
  "pk": 164
},
{
  "fields": {
    "codename": "change_cachekey",
    "content_type": 13,
    "name": "Can change cache key"
  },
  "model": "auth.permission",
  "pk": 165
},
{
  "fields": {
    "codename": "delete_cachekey",
    "content_type": 13,
    "name": "Can delete cache key"
  },
  "model": "auth.permission",
  "pk": 166
},
{
  "fields": {
    "codename": "add_style",
    "content_type": 21,
    "name": "Can add style"
  },
  "model": "auth.permission",
  "pk": 167
},
{
  "fields": {
    "codename": "change_style",
    "content_type": 21,
    "name": "Can change style"
  },
  "model": "auth.permission",
  "pk": 168
},
{
  "fields": {
    "codename": "delete_style",
    "content_type": 21,
    "name": "Can delete style"
  },
  "model": "auth.permission",
  "pk": 169
},
{
  "fields": {
    "codename": "add_multicolumns",
    "content_type": 23,
    "name": "Can add multi columns"
  },
  "model": "auth.permission",
  "pk": 170
},
{
  "fields": {
    "codename": "change_multicolumns",
    "content_type": 23,
    "name": "Can change multi columns"
  },
  "model": "auth.permission",
  "pk": 171
},
{
  "fields": {
    "codename": "delete_multicolumns",
    "content_type": 23,
    "name": "Can delete multi columns"
  },
  "model": "auth.permission",
  "pk": 172
},
{
  "fields": {
    "codename": "add_column",
    "content_type": 22,
    "name": "Can add column"
  },
  "model": "auth.permission",
  "pk": 173
},
{
  "fields": {
    "codename": "change_column",
    "content_type": 22,
    "name": "Can change column"
  },
  "model": "auth.permission",
  "pk": 174
},
{
  "fields": {
    "codename": "delete_column",
    "content_type": 22,
    "name": "Can delete column"
  },
  "model": "auth.permission",
  "pk": 175
},
{
  "fields": {
    "codename": "add_file",
    "content_type": 24,
    "name": "Can add file"
  },
  "model": "auth.permission",
  "pk": 176
},
{
  "fields": {
    "codename": "change_file",
    "content_type": 24,
    "name": "Can change file"
  },
  "model": "auth.permission",
  "pk": 177
},
{
  "fields": {
    "codename": "delete_file",
    "content_type": 24,
    "name": "Can delete file"
  },
  "model": "auth.permission",
  "pk": 178
},
{
  "fields": {
    "codename": "add_flash",
    "content_type": 25,
    "name": "Can add flash"
  },
  "model": "auth.permission",
  "pk": 179
},
{
  "fields": {
    "codename": "change_flash",
    "content_type": 25,
    "name": "Can change flash"
  },
  "model": "auth.permission",
  "pk": 180
},
{
  "fields": {
    "codename": "delete_flash",
    "content_type": 25,
    "name": "Can delete flash"
  },
  "model": "auth.permission",
  "pk": 181
},
{
  "fields": {
    "codename": "add_googlemap",
    "content_type": 26,
    "name": "Can add google map"
  },
  "model": "auth.permission",
  "pk": 182
},
{
  "fields": {
    "codename": "change_googlemap",
    "content_type": 26,
    "name": "Can change google map"
  },
  "model": "auth.permission",
  "pk": 183
},
{
  "fields": {
    "codename": "delete_googlemap",
    "content_type": 26,
    "name": "Can delete google map"
  },
  "model": "auth.permission",
  "pk": 184
},
{
  "fields": {
    "codename": "add_inheritpageplaceholder",
    "content_type": 27,
    "name": "Can add inherit page placeholder"
  },
  "model": "auth.permission",
  "pk": 185
},
{
  "fields": {
    "codename": "change_inheritpageplaceholder",
    "content_type": 27,
    "name": "Can change inherit page placeholder"
  },
  "model": "auth.permission",
  "pk": 186
},
{
  "fields": {
    "codename": "delete_inheritpageplaceholder",
    "content_type": 27,
    "name": "Can delete inherit page placeholder"
  },
  "model": "auth.permission",
  "pk": 187
},
{
  "fields": {
    "codename": "add_link",
    "content_type": 28,
    "name": "Can add link"
  },
  "model": "auth.permission",
  "pk": 188
},
{
  "fields": {
    "codename": "change_link",
    "content_type": 28,
    "name": "Can change link"
  },
  "model": "auth.permission",
  "pk": 189
},
{
  "fields": {
    "codename": "delete_link",
    "content_type": 28,
    "name": "Can delete link"
  },
  "model": "auth.permission",
  "pk": 190
},
{
  "fields": {
    "codename": "add_picture",
    "content_type": 29,
    "name": "Can add picture"
  },
  "model": "auth.permission",
  "pk": 191
},
{
  "fields": {
    "codename": "change_picture",
    "content_type": 29,
    "name": "Can change picture"
  },
  "model": "auth.permission",
  "pk": 192
},
{
  "fields": {
    "codename": "delete_picture",
    "content_type": 29,
    "name": "Can delete picture"
  },
  "model": "auth.permission",
  "pk": 193
},
{
  "fields": {
    "codename": "add_teaser",
    "content_type": 30,
    "name": "Can add teaser"
  },
  "model": "auth.permission",
  "pk": 194
},
{
  "fields": {
    "codename": "change_teaser",
    "content_type": 30,
    "name": "Can change teaser"
  },
  "model": "auth.permission",
  "pk": 195
},
{
  "fields": {
    "codename": "delete_teaser",
    "content_type": 30,
    "name": "Can delete teaser"
  },
  "model": "auth.permission",
  "pk": 196
},
{
  "fields": {
    "codename": "add_video",
    "content_type": 31,
    "name": "Can add video"
  },
  "model": "auth.permission",
  "pk": 197
},
{
  "fields": {
    "codename": "change_video",
    "content_type": 31,
    "name": "Can change video"
  },
  "model": "auth.permission",
  "pk": 198
},
{
  "fields": {
    "codename": "delete_video",
    "content_type": 31,
    "name": "Can delete video"
  },
  "model": "auth.permission",
  "pk": 199
},
{
  "fields": {
    "codename": "add_revision",
    "content_type": 33,
    "name": "Can add revision"
  },
  "model": "auth.permission",
  "pk": 200
},
{
  "fields": {
    "codename": "change_revision",
    "content_type": 33,
    "name": "Can change revision"
  },
  "model": "auth.permission",
  "pk": 201
},
{
  "fields": {
    "codename": "delete_revision",
    "content_type": 33,
    "name": "Can delete revision"
  },
  "model": "auth.permission",
  "pk": 202
},
{
  "fields": {
    "codename": "add_version",
    "content_type": 32,
    "name": "Can add version"
  },
  "model": "auth.permission",
  "pk": 203
},
{
  "fields": {
    "codename": "change_version",
    "content_type": 32,
    "name": "Can change version"
  },
  "model": "auth.permission",
  "pk": 204
},
{
  "fields": {
    "codename": "delete_version",
    "content_type": 32,
    "name": "Can delete version"
  },
  "model": "auth.permission",
  "pk": 205
},
{
  "fields": {
    "codename": "add_featuredproductplugin",
    "content_type": 60,
    "name": "Can add featured product plugin"
  },
  "model": "auth.permission",
  "pk": 206
},
{
  "fields": {
    "codename": "change_featuredproductplugin",
    "content_type": 60,
    "name": "Can change featured product plugin"
  },
  "model": "auth.permission",
  "pk": 207
},
{
  "fields": {
    "codename": "delete_featuredproductplugin",
    "content_type": 60,
    "name": "Can delete featured product plugin"
  },
  "model": "auth.permission",
  "pk": 208
},
{
  "fields": {
    "codename": "add_contactplus",
    "content_type": 62,
    "name": "Can add Contact Plus Form"
  },
  "model": "auth.permission",
  "pk": 209
},
{
  "fields": {
    "codename": "change_contactplus",
    "content_type": 62,
    "name": "Can change Contact Plus Form"
  },
  "model": "auth.permission",
  "pk": 210
},
{
  "fields": {
    "codename": "delete_contactplus",
    "content_type": 62,
    "name": "Can delete Contact Plus Form"
  },
  "model": "auth.permission",
  "pk": 211
},
{
  "fields": {
    "codename": "add_extrafield",
    "content_type": 63,
    "name": "Can add extra field"
  },
  "model": "auth.permission",
  "pk": 212
},
{
  "fields": {
    "codename": "change_extrafield",
    "content_type": 63,
    "name": "Can change extra field"
  },
  "model": "auth.permission",
  "pk": 213
},
{
  "fields": {
    "codename": "delete_extrafield",
    "content_type": 63,
    "name": "Can delete extra field"
  },
  "model": "auth.permission",
  "pk": 214
},
{
  "fields": {
    "codename": "add_contactrecord",
    "content_type": 64,
    "name": "Can add Contact Record"
  },
  "model": "auth.permission",
  "pk": 215
},
{
  "fields": {
    "codename": "change_contactrecord",
    "content_type": 64,
    "name": "Can change Contact Record"
  },
  "model": "auth.permission",
  "pk": 216
},
{
  "fields": {
    "codename": "delete_contactrecord",
    "content_type": 64,
    "name": "Can delete Contact Record"
  },
  "model": "auth.permission",
  "pk": 217
},
{
  "fields": {
    "codename": "add_text",
    "content_type": 14,
    "name": "Can add text"
  },
  "model": "auth.permission",
  "pk": 218
},
{
  "fields": {
    "codename": "change_text",
    "content_type": 14,
    "name": "Can change text"
  },
  "model": "auth.permission",
  "pk": 219
},
{
  "fields": {
    "codename": "delete_text",
    "content_type": 14,
    "name": "Can delete text"
  },
  "model": "auth.permission",
  "pk": 220
},
{
  "fields": {
    "codename": "add_form",
    "content_type": 66,
    "name": "Can add form"
  },
  "model": "auth.permission",
  "pk": 224
},
{
  "fields": {
    "codename": "change_form",
    "content_type": 66,
    "name": "Can change form"
  },
  "model": "auth.permission",
  "pk": 225
},
{
  "fields": {
    "codename": "delete_form",
    "content_type": 66,
    "name": "Can delete form"
  },
  "model": "auth.permission",
  "pk": 226
},
{
  "fields": {
    "codename": "add_formdefinition",
    "content_type": 65,
    "name": "Can add form"
  },
  "model": "auth.permission",
  "pk": 227
},
{
  "fields": {
    "codename": "change_formdefinition",
    "content_type": 65,
    "name": "Can change form"
  },
  "model": "auth.permission",
  "pk": 228
},
{
  "fields": {
    "codename": "delete_formdefinition",
    "content_type": 65,
    "name": "Can delete form"
  },
  "model": "auth.permission",
  "pk": 229
},
{
  "fields": {
    "codename": "add_formfield",
    "content_type": 67,
    "name": "Can add field"
  },
  "model": "auth.permission",
  "pk": 230
},
{
  "fields": {
    "codename": "change_formfield",
    "content_type": 67,
    "name": "Can change field"
  },
  "model": "auth.permission",
  "pk": 231
},
{
  "fields": {
    "codename": "delete_formfield",
    "content_type": 67,
    "name": "Can delete field"
  },
  "model": "auth.permission",
  "pk": 232
},
{
  "fields": {
    "codename": "add_formsubmission",
    "content_type": 68,
    "name": "Can add form submission"
  },
  "model": "auth.permission",
  "pk": 233
},
{
  "fields": {
    "codename": "change_formsubmission",
    "content_type": 68,
    "name": "Can change form submission"
  },
  "model": "auth.permission",
  "pk": 234
},
{
  "fields": {
    "codename": "delete_formsubmission",
    "content_type": 68,
    "name": "Can delete form submission"
  },
  "model": "auth.permission",
  "pk": 235
},
{
  "fields": {
    "codename": "export_formsubmission",
    "content_type": 68,
    "name": "Can export Form Submission"
  },
  "model": "auth.permission",
  "pk": 236
},
{
  "fields": {
    "codename": "add_folder",
    "content_type": 70,
    "name": "Can add Folder"
  },
  "model": "auth.permission",
  "pk": 237
},
{
  "fields": {
    "codename": "change_folder",
    "content_type": 70,
    "name": "Can change Folder"
  },
  "model": "auth.permission",
  "pk": 238
},
{
  "fields": {
    "codename": "delete_folder",
    "content_type": 70,
    "name": "Can delete Folder"
  },
  "model": "auth.permission",
  "pk": 239
},
{
  "fields": {
    "codename": "can_use_directory_listing",
    "content_type": 70,
    "name": "Can use directory listing"
  },
  "model": "auth.permission",
  "pk": 240
},
{
  "fields": {
    "codename": "add_folderpermission",
    "content_type": 72,
    "name": "Can add folder permission"
  },
  "model": "auth.permission",
  "pk": 241
},
{
  "fields": {
    "codename": "change_folderpermission",
    "content_type": 72,
    "name": "Can change folder permission"
  },
  "model": "auth.permission",
  "pk": 242
},
{
  "fields": {
    "codename": "delete_folderpermission",
    "content_type": 72,
    "name": "Can delete folder permission"
  },
  "model": "auth.permission",
  "pk": 243
},
{
  "fields": {
    "codename": "add_file",
    "content_type": 73,
    "name": "Can add file"
  },
  "model": "auth.permission",
  "pk": 244
},
{
  "fields": {
    "codename": "change_file",
    "content_type": 73,
    "name": "Can change file"
  },
  "model": "auth.permission",
  "pk": 245
},
{
  "fields": {
    "codename": "delete_file",
    "content_type": 73,
    "name": "Can delete file"
  },
  "model": "auth.permission",
  "pk": 246
},
{
  "fields": {
    "codename": "add_clipboard",
    "content_type": 69,
    "name": "Can add clipboard"
  },
  "model": "auth.permission",
  "pk": 247
},
{
  "fields": {
    "codename": "change_clipboard",
    "content_type": 69,
    "name": "Can change clipboard"
  },
  "model": "auth.permission",
  "pk": 248
},
{
  "fields": {
    "codename": "delete_clipboard",
    "content_type": 69,
    "name": "Can delete clipboard"
  },
  "model": "auth.permission",
  "pk": 249
},
{
  "fields": {
    "codename": "add_clipboarditem",
    "content_type": 71,
    "name": "Can add clipboard item"
  },
  "model": "auth.permission",
  "pk": 250
},
{
  "fields": {
    "codename": "change_clipboarditem",
    "content_type": 71,
    "name": "Can change clipboard item"
  },
  "model": "auth.permission",
  "pk": 251
},
{
  "fields": {
    "codename": "delete_clipboarditem",
    "content_type": 71,
    "name": "Can delete clipboard item"
  },
  "model": "auth.permission",
  "pk": 252
},
{
  "fields": {
    "codename": "add_image",
    "content_type": 74,
    "name": "Can add image"
  },
  "model": "auth.permission",
  "pk": 253
},
{
  "fields": {
    "codename": "change_image",
    "content_type": 74,
    "name": "Can change image"
  },
  "model": "auth.permission",
  "pk": 254
},
{
  "fields": {
    "codename": "delete_image",
    "content_type": 74,
    "name": "Can delete image"
  },
  "model": "auth.permission",
  "pk": 255
},
{
  "fields": {
    "codename": "add_source",
    "content_type": 76,
    "name": "Can add source"
  },
  "model": "auth.permission",
  "pk": 256
},
{
  "fields": {
    "codename": "change_source",
    "content_type": 76,
    "name": "Can change source"
  },
  "model": "auth.permission",
  "pk": 257
},
{
  "fields": {
    "codename": "delete_source",
    "content_type": 76,
    "name": "Can delete source"
  },
  "model": "auth.permission",
  "pk": 258
},
{
  "fields": {
    "codename": "add_thumbnail",
    "content_type": 75,
    "name": "Can add thumbnail"
  },
  "model": "auth.permission",
  "pk": 259
},
{
  "fields": {
    "codename": "change_thumbnail",
    "content_type": 75,
    "name": "Can change thumbnail"
  },
  "model": "auth.permission",
  "pk": 260
},
{
  "fields": {
    "codename": "delete_thumbnail",
    "content_type": 75,
    "name": "Can delete thumbnail"
  },
  "model": "auth.permission",
  "pk": 261
},
{
  "fields": {
    "codename": "add_thumbnaildimensions",
    "content_type": 77,
    "name": "Can add thumbnail dimensions"
  },
  "model": "auth.permission",
  "pk": 262
},
{
  "fields": {
    "codename": "change_thumbnaildimensions",
    "content_type": 77,
    "name": "Can change thumbnail dimensions"
  },
  "model": "auth.permission",
  "pk": 263
},
{
  "fields": {
    "codename": "delete_thumbnaildimensions",
    "content_type": 77,
    "name": "Can delete thumbnail dimensions"
  },
  "model": "auth.permission",
  "pk": 264
},
{
  "fields": {
    "codename": "add_filerimage",
    "content_type": 78,
    "name": "Can add filer image"
  },
  "model": "auth.permission",
  "pk": 265
},
{
  "fields": {
    "codename": "change_filerimage",
    "content_type": 78,
    "name": "Can change filer image"
  },
  "model": "auth.permission",
  "pk": 266
},
{
  "fields": {
    "codename": "delete_filerimage",
    "content_type": 78,
    "name": "Can delete filer image"
  },
  "model": "auth.permission",
  "pk": 267
},
{
  "fields": {
    "codename": "add_thumbnailoption",
    "content_type": 79,
    "name": "Can add thumbnail option"
  },
  "model": "auth.permission",
  "pk": 268
},
{
  "fields": {
    "codename": "change_thumbnailoption",
    "content_type": 79,
    "name": "Can change thumbnail option"
  },
  "model": "auth.permission",
  "pk": 269
},
{
  "fields": {
    "codename": "delete_thumbnailoption",
    "content_type": 79,
    "name": "Can delete thumbnail option"
  },
  "model": "auth.permission",
  "pk": 270
},
{
  "fields": {
    "codename": "add_optionplugin",
    "content_type": 61,
    "name": "Can add option plugin"
  },
  "model": "auth.permission",
  "pk": 271
},
{
  "fields": {
    "codename": "change_optionplugin",
    "content_type": 61,
    "name": "Can change option plugin"
  },
  "model": "auth.permission",
  "pk": 272
},
{
  "fields": {
    "codename": "delete_optionplugin",
    "content_type": 61,
    "name": "Can delete option plugin"
  },
  "model": "auth.permission",
  "pk": 273
},
{
  "fields": {
    "margin_right": null,
    "padding_right": null,
    "margin_bottom": null,
    "class_name": null,
    "margin_left": null,
    "additional_classes": "content-title",
    "tag_type": "div",
    "padding_left": null,
    "margin_top": null,
    "padding_bottom": null,
    "padding_top": null
  },
  "model": "djangocms_style.style",
  "pk": 44
},
{
  "fields": {
    "margin_right": null,
    "padding_right": null,
    "margin_bottom": null,
    "class_name": "new",
    "margin_left": null,
    "additional_classes": "title",
    "tag_type": "div",
    "padding_left": null,
    "margin_top": null,
    "padding_bottom": null,
    "padding_top": null
  },
  "model": "djangocms_style.style",
  "pk": 45
},
{
  "fields": {
    "margin_right": null,
    "padding_right": null,
    "margin_bottom": null,
    "class_name": "info",
    "margin_left": null,
    "additional_classes": "md-margin",
    "tag_type": "div",
    "padding_left": null,
    "margin_top": null,
    "padding_bottom": null,
    "padding_top": null
  },
  "model": "djangocms_style.style",
  "pk": 50
},
{
  "fields": {
    "margin_right": null,
    "padding_right": null,
    "margin_bottom": null,
    "class_name": "info",
    "margin_left": null,
    "additional_classes": "md-margin",
    "tag_type": "div",
    "padding_left": null,
    "margin_top": null,
    "padding_bottom": null,
    "padding_top": null
  },
  "model": "djangocms_style.style",
  "pk": 51
},
{
  "fields": {
    "margin_right": null,
    "padding_right": null,
    "margin_bottom": null,
    "class_name": "info",
    "margin_left": null,
    "additional_classes": "lg-margin",
    "tag_type": "div",
    "padding_left": null,
    "margin_top": null,
    "padding_bottom": null,
    "padding_top": null
  },
  "model": "djangocms_style.style",
  "pk": 52
},
{
  "fields": {
    "margin_right": null,
    "padding_right": null,
    "margin_bottom": null,
    "class_name": "info",
    "margin_left": null,
    "additional_classes": "lg-margin",
    "tag_type": "div",
    "padding_left": null,
    "margin_top": null,
    "padding_bottom": null,
    "padding_top": null
  },
  "model": "djangocms_style.style",
  "pk": 125
},
{
  "fields": {
    "margin_right": null,
    "padding_right": null,
    "margin_bottom": null,
    "class_name": null,
    "margin_left": null,
    "additional_classes": "content-title",
    "tag_type": "div",
    "padding_left": null,
    "margin_top": null,
    "padding_bottom": null,
    "padding_top": null
  },
  "model": "djangocms_style.style",
  "pk": 128
},
{
  "fields": {
    "margin_right": null,
    "padding_right": null,
    "margin_bottom": null,
    "class_name": "new",
    "margin_left": null,
    "additional_classes": "title",
    "tag_type": "div",
    "padding_left": null,
    "margin_top": null,
    "padding_bottom": null,
    "padding_top": null
  },
  "model": "djangocms_style.style",
  "pk": 129
},
{
  "fields": {
    "margin_right": null,
    "padding_right": null,
    "margin_bottom": null,
    "class_name": "info",
    "margin_left": null,
    "additional_classes": "md-margin",
    "tag_type": "div",
    "padding_left": null,
    "margin_top": null,
    "padding_bottom": null,
    "padding_top": null
  },
  "model": "djangocms_style.style",
  "pk": 131
},
{
  "fields": {},
  "model": "djangocms_column.multicolumns",
  "pk": 39
},
{
  "fields": {},
  "model": "djangocms_column.multicolumns",
  "pk": 107
},
{
  "fields": {},
  "model": "djangocms_column.multicolumns",
  "pk": 115
},
{
  "fields": {},
  "model": "djangocms_column.multicolumns",
  "pk": 122
},
{
  "fields": {
    "width": "33.33%"
  },
  "model": "djangocms_column.column",
  "pk": 40
},
{
  "fields": {
    "width": "66.66%"
  },
  "model": "djangocms_column.column",
  "pk": 41
},
{
  "fields": {
    "width": "50%"
  },
  "model": "djangocms_column.column",
  "pk": 109
},
{
  "fields": {
    "width": "50%"
  },
  "model": "djangocms_column.column",
  "pk": 110
},
{
  "fields": {
    "width": "50%"
  },
  "model": "djangocms_column.column",
  "pk": 116
},
{
  "fields": {
    "width": "50%"
  },
  "model": "djangocms_column.column",
  "pk": 118
},
{
  "fields": {
    "width": "33.33%"
  },
  "model": "djangocms_column.column",
  "pk": 123
},
{
  "fields": {
    "width": "66.66%"
  },
  "model": "djangocms_column.column",
  "pk": 126
},
{
  "fields": {
    "format": "json",
    "serialized_data": "[{\"pk\": 3, \"model\": \"cms.title\", \"fields\": {\"has_url_overwrite\": true, \"path\": \"productos\", \"language\": \"es\", \"published\": true, \"page_title\": \"Productos\", \"slug\": \"productos\", \"creation_date\": \"2015-09-11T21:21:09.622Z\", \"redirect\": \"\", \"meta_description\": \"productos, articulos, remeras, estampados, \", \"page\": 3, \"menu_title\": \"PRODUCTOS\", \"title\": \"Productos\"}}]",
    "content_type": 10,
    "revision": 5,
    "object_id_int": 3,
    "object_id": "3",
    "object_repr": "Productos (productos, es)"
  },
  "model": "reversion.version",
  "pk": 23
},
{
  "fields": {
    "format": "json",
    "serialized_data": "[{\"pk\": 3, \"model\": \"cms.page\", \"fields\": {\"application_urls\": \"ProductsApp\", \"path\": \"0003\", \"publication_date\": \"2015-09-11T21:30:08.393Z\", \"numchild\": 0, \"soft_root\": false, \"creation_date\": \"2015-09-11T21:21:09.448Z\", \"is_home\": false, \"depth\": 1, \"publication_end_date\": null, \"placeholders\": [4, 5], \"revision_id\": 0, \"languages\": \"es\", \"in_navigation\": true, \"application_namespace\": null, \"login_required\": false, \"navigation_extenders\": \"\", \"limit_visibility_in_menu\": null, \"parent\": null, \"site\": 1, \"changed_by\": \"contextinformatic@gmail.com\", \"reverse_id\": null, \"xframe_options\": 0, \"template\": \"feature.html\", \"changed_date\": \"2015-09-11T21:30:08.667Z\", \"created_by\": \"contextinformatic@gmail.com\"}}]",
    "content_type": 2,
    "revision": 5,
    "object_id_int": 3,
    "object_id": "3",
    "object_repr": "PRODUCTOS"
  },
  "model": "reversion.version",
  "pk": 24
},
{
  "fields": {
    "format": "json",
    "serialized_data": "[{\"pk\": 4, \"model\": \"cms.placeholder\", \"fields\": {\"slot\": \"content\", \"default_width\": null}}]",
    "content_type": 1,
    "revision": 5,
    "object_id_int": 4,
    "object_id": "4",
    "object_repr": "content"
  },
  "model": "reversion.version",
  "pk": 25
},
{
  "fields": {
    "format": "json",
    "serialized_data": "[{\"pk\": 5, \"model\": \"cms.placeholder\", \"fields\": {\"slot\": \"feature\", \"default_width\": null}}]",
    "content_type": 1,
    "revision": 5,
    "object_id_int": 5,
    "object_id": "5",
    "object_repr": "feature"
  },
  "model": "reversion.version",
  "pk": 26
},
{
  "fields": {
    "format": "json",
    "serialized_data": "[{\"pk\": 1, \"model\": \"cms.page\", \"fields\": {\"publication_end_date\": null, \"soft_root\": false, \"in_navigation\": true, \"application_urls\": null, \"parent\": null, \"publication_date\": \"2015-09-11T21:05:16.122Z\", \"created_by\": \"contextinformatic@gmail.com\", \"creation_date\": \"2015-09-11T21:05:15.638Z\", \"limit_visibility_in_menu\": null, \"numchild\": 0, \"application_namespace\": null, \"template\": \"INHERIT\", \"reverse_id\": null, \"changed_by\": \"contextinformatic@gmail.com\", \"xframe_options\": 0, \"depth\": 1, \"languages\": \"es\", \"login_required\": false, \"changed_date\": \"2015-09-11T22:13:44.401Z\", \"navigation_extenders\": null, \"is_home\": true, \"site\": 1, \"placeholders\": [2], \"path\": \"0001\", \"revision_id\": 0}}]",
    "content_type": 2,
    "revision": 15,
    "object_id_int": 1,
    "object_id": "1",
    "object_repr": "INICIO"
  },
  "model": "reversion.version",
  "pk": 118
},
{
  "fields": {
    "format": "json",
    "serialized_data": "[{\"pk\": 2, \"model\": \"cms.placeholder\", \"fields\": {\"slot\": \"content\", \"default_width\": null}}]",
    "content_type": 1,
    "revision": 15,
    "object_id_int": 2,
    "object_id": "2",
    "object_repr": "content"
  },
  "model": "reversion.version",
  "pk": 119
},
{
  "fields": {
    "format": "json",
    "serialized_data": "[{\"pk\": 1, \"model\": \"pluggin_featured_product.featuredproductplugin\", \"fields\": {\"title\": \"Produtos Favoritos\", \"description\": \"Esta es la descripcion de los productos favoritos\", \"query\": \"favorite\"}}]",
    "content_type": 60,
    "revision": 15,
    "object_id_int": 1,
    "object_id": "1",
    "object_repr": "Produtos Favoritos"
  },
  "model": "reversion.version",
  "pk": 120
},
{
  "fields": {
    "format": "json",
    "serialized_data": "[{\"pk\": 1, \"model\": \"cms.title\", \"fields\": {\"published\": true, \"has_url_overwrite\": false, \"creation_date\": \"2015-09-11T21:05:15.886Z\", \"title\": \"Home\", \"redirect\": null, \"page\": 1, \"language\": \"es\", \"menu_title\": \"INICIO\", \"slug\": \"home\", \"page_title\": \"Inicio\", \"path\": \"\", \"meta_description\": \"productos, articulos, compra, venta\"}}]",
    "content_type": 10,
    "revision": 15,
    "object_id_int": 1,
    "object_id": "1",
    "object_repr": "Home (home, es)"
  },
  "model": "reversion.version",
  "pk": 121
},
{
  "fields": {
    "format": "json",
    "serialized_data": "[{\"pk\": 1, \"model\": \"cms.cmsplugin\", \"fields\": {\"position\": 0, \"placeholder\": 2, \"plugin_type\": \"CMSFeaturedProductPlugin\", \"depth\": 1, \"creation_date\": \"2015-09-11T21:27:32.565Z\", \"numchild\": 0, \"parent\": null, \"path\": \"0001\", \"changed_date\": \"2015-09-11T21:27:52.054Z\", \"language\": \"es\"}}]",
    "content_type": 6,
    "revision": 15,
    "object_id_int": 1,
    "object_id": "1",
    "object_repr": "1"
  },
  "model": "reversion.version",
  "pk": 122
},
{
  "fields": {
    "format": "json",
    "serialized_data": "[{\"pk\": 2, \"model\": \"pluggin_featured_product.featuredproductplugin\", \"fields\": {\"title\": \"Productos destacados\", \"description\": \"Estos son los productos destacados\", \"query\": \"featured\"}}]",
    "content_type": 60,
    "revision": 15,
    "object_id_int": 2,
    "object_id": "2",
    "object_repr": "Productos destacados"
  },
  "model": "reversion.version",
  "pk": 123
},
{
  "fields": {
    "format": "json",
    "serialized_data": "[{\"pk\": 2, \"model\": \"cms.cmsplugin\", \"fields\": {\"position\": 1, \"placeholder\": 2, \"plugin_type\": \"CMSFeaturedProductPlugin\", \"depth\": 1, \"creation_date\": \"2015-09-11T21:28:05.004Z\", \"numchild\": 0, \"parent\": null, \"path\": \"0002\", \"changed_date\": \"2015-09-11T21:28:23.853Z\", \"language\": \"es\"}}]",
    "content_type": 6,
    "revision": 15,
    "object_id_int": 2,
    "object_id": "2",
    "object_repr": "2"
  },
  "model": "reversion.version",
  "pk": 124
},
{
  "fields": {
    "format": "json",
    "serialized_data": "[{\"model\": \"cms.cmsplugin\", \"fields\": {\"language\": \"es\", \"position\": 0, \"placeholder\": 8, \"plugin_type\": \"StylePlugin\", \"parent\": 18, \"depth\": 4, \"numchild\": 2, \"creation_date\": \"2015-09-12T16:29:01.632Z\", \"changed_date\": \"2015-09-12T16:32:31.298Z\", \"path\": \"0004000200010001\"}, \"pk\": 19}]",
    "content_type": 6,
    "revision": 32,
    "object_id_int": 19,
    "object_id": "19",
    "object_repr": "19"
  },
  "model": "reversion.version",
  "pk": 388
},
{
  "fields": {
    "format": "json",
    "serialized_data": "[{\"model\": \"cms.cmsplugin\", \"fields\": {\"language\": \"es\", \"position\": 0, \"placeholder\": 8, \"plugin_type\": \"GoogleMapPlugin\", \"parent\": null, \"depth\": 1, \"numchild\": 0, \"creation_date\": \"2015-09-11T21:57:37.616Z\", \"changed_date\": \"2015-09-11T21:59:21.842Z\", \"path\": \"0003\"}, \"pk\": 3}]",
    "content_type": 6,
    "revision": 32,
    "object_id_int": 3,
    "object_id": "3",
    "object_repr": "3"
  },
  "model": "reversion.version",
  "pk": 389
},
{
  "fields": {
    "format": "json",
    "serialized_data": "[{\"model\": \"cms.title\", \"fields\": {\"menu_title\": \"CONTACTANOS\", \"slug\": \"contactanos\", \"page_title\": \"Contactanos\", \"published\": false, \"path\": \"contactanos\", \"has_url_overwrite\": false, \"page\": 5, \"redirect\": null, \"language\": \"es\", \"title\": \"Contactanos\", \"meta_description\": \"contactanos\", \"creation_date\": \"2015-09-11T21:33:08.455Z\"}, \"pk\": 5}]",
    "content_type": 10,
    "revision": 32,
    "object_id_int": 5,
    "object_id": "5",
    "object_repr": "Contactanos (contactanos, es)"
  },
  "model": "reversion.version",
  "pk": 390
},
{
  "fields": {
    "format": "json",
    "serialized_data": "[{\"model\": \"djangocms_googlemap.googlemap\", \"fields\": {\"scrollwheel\": true, \"draggable\": true, \"lng\": \"-64.154900\", \"route_planer\": false, \"address\": \"Cordoba\", \"street_view_control\": true, \"zoom_control\": true, \"content\": \"\", \"keyboard_shortcuts\": true, \"lat\": \"-31.396000\", \"title\": \"Mi casa\", \"zoom\": 13, \"double_click_zoom\": true, \"pan_control\": true, \"zipcode\": \"5000\", \"info_window\": true, \"city\": \"Cordoba\", \"height\": \"400px\", \"route_planer_title\": \"Calcular la manera m\\u00e1s r\\u00e1pida de ir\", \"width\": \"100%\"}, \"pk\": 3}]",
    "content_type": 26,
    "revision": 32,
    "object_id_int": 3,
    "object_id": "3",
    "object_repr": "Mi casa (Cordoba, 5000 Cordoba)"
  },
  "model": "reversion.version",
  "pk": 391
},
{
  "fields": {
    "format": "json",
    "serialized_data": "[{\"model\": \"djangocms_column.multicolumns\", \"fields\": {}, \"pk\": 4}]",
    "content_type": 23,
    "revision": 32,
    "object_id_int": 4,
    "object_id": "4",
    "object_repr": "2 columnas"
  },
  "model": "reversion.version",
  "pk": 392
},
{
  "fields": {
    "format": "json",
    "serialized_data": "[{\"model\": \"cms.page\", \"fields\": {\"limit_visibility_in_menu\": null, \"application_urls\": null, \"publication_date\": null, \"publication_end_date\": null, \"login_required\": false, \"application_namespace\": null, \"in_navigation\": true, \"revision_id\": 0, \"depth\": 1, \"parent\": null, \"soft_root\": false, \"created_by\": \"contextinformatic@gmail.com\", \"is_home\": false, \"changed_by\": \"contextinformatic@gmail.com\", \"changed_date\": \"2015-09-12T16:32:59.436Z\", \"site\": 1, \"xframe_options\": 0, \"placeholders\": [8], \"path\": \"0005\", \"languages\": \"es\", \"navigation_extenders\": null, \"numchild\": 0, \"reverse_id\": null, \"creation_date\": \"2015-09-11T21:33:08.036Z\", \"template\": \"INHERIT\"}, \"pk\": 5}]",
    "content_type": 2,
    "revision": 32,
    "object_id_int": 5,
    "object_id": "5",
    "object_repr": "CONTACTANOS"
  },
  "model": "reversion.version",
  "pk": 393
},
{
  "fields": {
    "format": "json",
    "serialized_data": "[{\"model\": \"djangocms_column.column\", \"fields\": {\"width\": \"50%\"}, \"pk\": 6}]",
    "content_type": 22,
    "revision": 32,
    "object_id_int": 6,
    "object_id": "6",
    "object_repr": "50%"
  },
  "model": "reversion.version",
  "pk": 394
},
{
  "fields": {
    "format": "json",
    "serialized_data": "[{\"model\": \"cmsplugin_contact_plus.contactplus\", \"fields\": {\"submit\": \"Enviar consulta\", \"email_subject\": \"testnubiquo@gmail.com\", \"title\": \"Contactanos\", \"thanks\": \"Gracias por contactarte con nosotros, te estaremos respondiendo a la brevedad.\", \"recipient_email\": \"contextinformatic@gmail.com\", \"template\": \"cmsplugin_contact_plus/contact.html\", \"collect_records\": true}, \"pk\": 7}]",
    "content_type": 62,
    "revision": 32,
    "object_id_int": 7,
    "object_id": "7",
    "object_repr": "Contactanos"
  },
  "model": "reversion.version",
  "pk": 395
},
{
  "fields": {
    "format": "json",
    "serialized_data": "[{\"model\": \"cms.placeholder\", \"fields\": {\"default_width\": null, \"slot\": \"content\"}, \"pk\": 8}]",
    "content_type": 1,
    "revision": 32,
    "object_id_int": 8,
    "object_id": "8",
    "object_repr": "content"
  },
  "model": "reversion.version",
  "pk": 396
},
{
  "fields": {
    "format": "json",
    "serialized_data": "[{\"model\": \"cms.cmsplugin\", \"fields\": {\"language\": \"es\", \"position\": 0, \"placeholder\": 8, \"plugin_type\": \"CMSContactPlusPlugin\", \"parent\": 5, \"depth\": 3, \"numchild\": 0, \"creation_date\": \"2015-09-11T22:00:20.065Z\", \"changed_date\": \"2015-09-12T16:25:18.265Z\", \"path\": \"000400010001\"}, \"pk\": 7}]",
    "content_type": 6,
    "revision": 32,
    "object_id_int": 7,
    "object_id": "7",
    "object_repr": "7"
  },
  "model": "reversion.version",
  "pk": 397
},
{
  "fields": {
    "format": "json",
    "serialized_data": "[{\"model\": \"djangocms_style.style\", \"fields\": {\"tag_type\": \"div\", \"margin_right\": null, \"margin_left\": null, \"padding_right\": null, \"padding_left\": null, \"padding_top\": null, \"margin_top\": null, \"margin_bottom\": null, \"additional_classes\": \"content-title\", \"class_name\": \"hint\", \"padding_bottom\": null}, \"pk\": 18}]",
    "content_type": 21,
    "revision": 32,
    "object_id_int": 18,
    "object_id": "18",
    "object_repr": "18"
  },
  "model": "reversion.version",
  "pk": 398
},
{
  "fields": {
    "format": "json",
    "serialized_data": "[{\"model\": \"cms.cmsplugin\", \"fields\": {\"language\": \"es\", \"position\": 0, \"placeholder\": 8, \"plugin_type\": \"StylePlugin\", \"parent\": 6, \"depth\": 3, \"numchild\": 1, \"creation_date\": \"2015-09-12T16:28:07.903Z\", \"changed_date\": \"2015-09-12T16:32:02.256Z\", \"path\": \"000400020001\"}, \"pk\": 18}]",
    "content_type": 6,
    "revision": 32,
    "object_id_int": 18,
    "object_id": "18",
    "object_repr": "18"
  },
  "model": "reversion.version",
  "pk": 399
},
{
  "fields": {
    "format": "json",
    "serialized_data": "[{\"model\": \"djangocms_style.style\", \"fields\": {\"tag_type\": \"div\", \"margin_right\": null, \"margin_left\": null, \"padding_right\": null, \"padding_left\": null, \"padding_top\": null, \"margin_top\": null, \"margin_bottom\": null, \"additional_classes\": \"title\", \"class_name\": \"info\", \"padding_bottom\": null}, \"pk\": 19}]",
    "content_type": 21,
    "revision": 32,
    "object_id_int": 19,
    "object_id": "19",
    "object_repr": "19"
  },
  "model": "reversion.version",
  "pk": 400
},
{
  "fields": {
    "format": "json",
    "serialized_data": "[{\"model\": \"cms.cmsplugin\", \"fields\": {\"language\": \"es\", \"position\": 1, \"placeholder\": 8, \"plugin_type\": \"VideoPlugin\", \"parent\": 6, \"depth\": 3, \"numchild\": 0, \"creation_date\": \"2015-09-12T16:29:25.874Z\", \"changed_date\": \"2015-09-12T16:29:25.887Z\", \"path\": \"000400020002\"}, \"pk\": 20}]",
    "content_type": 6,
    "revision": 32,
    "object_id_int": 20,
    "object_id": "20",
    "object_repr": "20"
  },
  "model": "reversion.version",
  "pk": 401
},
{
  "fields": {
    "format": "json",
    "serialized_data": "[{\"model\": \"cms.cmsplugin\", \"fields\": {\"language\": \"es\", \"position\": 0, \"placeholder\": 8, \"plugin_type\": \"AliasPlugin\", \"parent\": 19, \"depth\": 5, \"numchild\": 0, \"creation_date\": \"2015-09-12T16:32:59.368Z\", \"changed_date\": \"2015-09-12T16:32:59.378Z\", \"path\": \"00040002000100010001\"}, \"pk\": 21}]",
    "content_type": 6,
    "revision": 32,
    "object_id_int": 21,
    "object_id": "21",
    "object_repr": "21"
  },
  "model": "reversion.version",
  "pk": 402
},
{
  "fields": {
    "format": "json",
    "serialized_data": "[{\"model\": \"cms.cmsplugin\", \"fields\": {\"language\": \"es\", \"position\": 1, \"placeholder\": 8, \"plugin_type\": \"LinkPlugin\", \"parent\": 19, \"depth\": 5, \"numchild\": 0, \"creation_date\": \"2015-09-12T16:33:24.176Z\", \"changed_date\": \"2015-09-12T16:33:24.186Z\", \"path\": \"00040002000100010002\"}, \"pk\": 22}]",
    "content_type": 6,
    "revision": 32,
    "object_id_int": 22,
    "object_id": "22",
    "object_repr": "22"
  },
  "model": "reversion.version",
  "pk": 403
},
{
  "fields": {
    "format": "json",
    "serialized_data": "[{\"model\": \"cms.cmsplugin\", \"fields\": {\"language\": \"es\", \"position\": 1, \"placeholder\": 8, \"plugin_type\": \"MultiColumnPlugin\", \"parent\": null, \"depth\": 1, \"numchild\": 2, \"creation_date\": \"2015-09-11T21:59:43.244Z\", \"changed_date\": \"2015-09-11T22:00:05.259Z\", \"path\": \"0004\"}, \"pk\": 4}]",
    "content_type": 6,
    "revision": 32,
    "object_id_int": 4,
    "object_id": "4",
    "object_repr": "4"
  },
  "model": "reversion.version",
  "pk": 404
},
{
  "fields": {
    "format": "json",
    "serialized_data": "[{\"model\": \"cms.cmsplugin\", \"fields\": {\"language\": \"es\", \"position\": 1, \"placeholder\": 8, \"plugin_type\": \"ColumnPlugin\", \"parent\": 4, \"depth\": 2, \"numchild\": 2, \"creation_date\": \"2015-09-11T22:00:05.337Z\", \"changed_date\": \"2015-09-11T22:02:58.149Z\", \"path\": \"00040002\"}, \"pk\": 6}]",
    "content_type": 6,
    "revision": 32,
    "object_id_int": 6,
    "object_id": "6",
    "object_repr": "6"
  },
  "model": "reversion.version",
  "pk": 405
},
{
  "fields": {
    "format": "json",
    "serialized_data": "[{\"model\": \"cms.cmsplugin\", \"fields\": {\"language\": \"es\", \"position\": 0, \"placeholder\": 8, \"plugin_type\": \"ColumnPlugin\", \"parent\": 4, \"depth\": 2, \"numchild\": 1, \"creation_date\": \"2015-09-11T22:00:05.278Z\", \"changed_date\": \"2015-09-11T22:00:05.309Z\", \"path\": \"00040001\"}, \"pk\": 5}]",
    "content_type": 6,
    "revision": 32,
    "object_id_int": 5,
    "object_id": "5",
    "object_repr": "5"
  },
  "model": "reversion.version",
  "pk": 406
},
{
  "fields": {
    "format": "json",
    "serialized_data": "[{\"model\": \"djangocms_column.column\", \"fields\": {\"width\": \"50%\"}, \"pk\": 5}]",
    "content_type": 22,
    "revision": 32,
    "object_id_int": 5,
    "object_id": "5",
    "object_repr": "50%"
  },
  "model": "reversion.version",
  "pk": 407
},
{
  "fields": {
    "format": "json",
    "serialized_data": "[{\"model\": \"cms.cmsplugin\", \"fields\": {\"language\": \"es\", \"position\": 0, \"placeholder\": 8, \"plugin_type\": \"StylePlugin\", \"parent\": 18, \"depth\": 4, \"numchild\": 1, \"creation_date\": \"2015-09-12T16:29:01.632Z\", \"changed_date\": \"2015-09-12T16:33:31.991Z\", \"path\": \"0004000200010001\"}, \"pk\": 19}]",
    "content_type": 6,
    "revision": 33,
    "object_id_int": 19,
    "object_id": "19",
    "object_repr": "19"
  },
  "model": "reversion.version",
  "pk": 408
},
{
  "fields": {
    "format": "json",
    "serialized_data": "[{\"model\": \"cms.cmsplugin\", \"fields\": {\"language\": \"es\", \"position\": 0, \"placeholder\": 8, \"plugin_type\": \"GoogleMapPlugin\", \"parent\": null, \"depth\": 1, \"numchild\": 0, \"creation_date\": \"2015-09-11T21:57:37.616Z\", \"changed_date\": \"2015-09-11T21:59:21.842Z\", \"path\": \"0003\"}, \"pk\": 3}]",
    "content_type": 6,
    "revision": 33,
    "object_id_int": 3,
    "object_id": "3",
    "object_repr": "3"
  },
  "model": "reversion.version",
  "pk": 409
},
{
  "fields": {
    "format": "json",
    "serialized_data": "[{\"model\": \"cms.title\", \"fields\": {\"menu_title\": \"CONTACTANOS\", \"slug\": \"contactanos\", \"page_title\": \"Contactanos\", \"published\": false, \"path\": \"contactanos\", \"has_url_overwrite\": false, \"page\": 5, \"redirect\": null, \"language\": \"es\", \"title\": \"Contactanos\", \"meta_description\": \"contactanos\", \"creation_date\": \"2015-09-11T21:33:08.455Z\"}, \"pk\": 5}]",
    "content_type": 10,
    "revision": 33,
    "object_id_int": 5,
    "object_id": "5",
    "object_repr": "Contactanos (contactanos, es)"
  },
  "model": "reversion.version",
  "pk": 410
},
{
  "fields": {
    "format": "json",
    "serialized_data": "[{\"model\": \"djangocms_googlemap.googlemap\", \"fields\": {\"scrollwheel\": true, \"draggable\": true, \"lng\": \"-64.154900\", \"route_planer\": false, \"address\": \"Cordoba\", \"street_view_control\": true, \"zoom_control\": true, \"content\": \"\", \"keyboard_shortcuts\": true, \"lat\": \"-31.396000\", \"title\": \"Mi casa\", \"zoom\": 13, \"double_click_zoom\": true, \"pan_control\": true, \"zipcode\": \"5000\", \"info_window\": true, \"city\": \"Cordoba\", \"height\": \"400px\", \"route_planer_title\": \"Calcular la manera m\\u00e1s r\\u00e1pida de ir\", \"width\": \"100%\"}, \"pk\": 3}]",
    "content_type": 26,
    "revision": 33,
    "object_id_int": 3,
    "object_id": "3",
    "object_repr": "Mi casa (Cordoba, 5000 Cordoba)"
  },
  "model": "reversion.version",
  "pk": 411
},
{
  "fields": {
    "format": "json",
    "serialized_data": "[{\"model\": \"djangocms_column.multicolumns\", \"fields\": {}, \"pk\": 4}]",
    "content_type": 23,
    "revision": 33,
    "object_id_int": 4,
    "object_id": "4",
    "object_repr": "2 columnas"
  },
  "model": "reversion.version",
  "pk": 412
},
{
  "fields": {
    "format": "json",
    "serialized_data": "[{\"model\": \"cms.page\", \"fields\": {\"limit_visibility_in_menu\": null, \"application_urls\": null, \"publication_date\": null, \"publication_end_date\": null, \"login_required\": false, \"application_namespace\": null, \"in_navigation\": true, \"revision_id\": 0, \"depth\": 1, \"parent\": null, \"soft_root\": false, \"created_by\": \"contextinformatic@gmail.com\", \"is_home\": false, \"changed_by\": \"contextinformatic@gmail.com\", \"changed_date\": \"2015-09-12T16:33:32.115Z\", \"site\": 1, \"xframe_options\": 0, \"placeholders\": [8], \"path\": \"0005\", \"languages\": \"es\", \"navigation_extenders\": null, \"numchild\": 0, \"reverse_id\": null, \"creation_date\": \"2015-09-11T21:33:08.036Z\", \"template\": \"INHERIT\"}, \"pk\": 5}]",
    "content_type": 2,
    "revision": 33,
    "object_id_int": 5,
    "object_id": "5",
    "object_repr": "CONTACTANOS"
  },
  "model": "reversion.version",
  "pk": 413
},
{
  "fields": {
    "format": "json",
    "serialized_data": "[{\"model\": \"djangocms_column.column\", \"fields\": {\"width\": \"50%\"}, \"pk\": 6}]",
    "content_type": 22,
    "revision": 33,
    "object_id_int": 6,
    "object_id": "6",
    "object_repr": "50%"
  },
  "model": "reversion.version",
  "pk": 414
},
{
  "fields": {
    "format": "json",
    "serialized_data": "[{\"model\": \"cmsplugin_contact_plus.contactplus\", \"fields\": {\"submit\": \"Enviar consulta\", \"email_subject\": \"testnubiquo@gmail.com\", \"title\": \"Contactanos\", \"thanks\": \"Gracias por contactarte con nosotros, te estaremos respondiendo a la brevedad.\", \"recipient_email\": \"contextinformatic@gmail.com\", \"template\": \"cmsplugin_contact_plus/contact.html\", \"collect_records\": true}, \"pk\": 7}]",
    "content_type": 62,
    "revision": 33,
    "object_id_int": 7,
    "object_id": "7",
    "object_repr": "Contactanos"
  },
  "model": "reversion.version",
  "pk": 415
},
{
  "fields": {
    "format": "json",
    "serialized_data": "[{\"model\": \"cms.placeholder\", \"fields\": {\"default_width\": null, \"slot\": \"content\"}, \"pk\": 8}]",
    "content_type": 1,
    "revision": 33,
    "object_id_int": 8,
    "object_id": "8",
    "object_repr": "content"
  },
  "model": "reversion.version",
  "pk": 416
},
{
  "fields": {
    "format": "json",
    "serialized_data": "[{\"model\": \"cms.cmsplugin\", \"fields\": {\"language\": \"es\", \"position\": 0, \"placeholder\": 8, \"plugin_type\": \"CMSContactPlusPlugin\", \"parent\": 5, \"depth\": 3, \"numchild\": 0, \"creation_date\": \"2015-09-11T22:00:20.065Z\", \"changed_date\": \"2015-09-12T16:25:18.265Z\", \"path\": \"000400010001\"}, \"pk\": 7}]",
    "content_type": 6,
    "revision": 33,
    "object_id_int": 7,
    "object_id": "7",
    "object_repr": "7"
  },
  "model": "reversion.version",
  "pk": 417
},
{
  "fields": {
    "format": "json",
    "serialized_data": "[{\"model\": \"djangocms_style.style\", \"fields\": {\"tag_type\": \"div\", \"margin_right\": null, \"margin_left\": null, \"padding_right\": null, \"padding_left\": null, \"padding_top\": null, \"margin_top\": null, \"margin_bottom\": null, \"additional_classes\": \"content-title\", \"class_name\": \"hint\", \"padding_bottom\": null}, \"pk\": 18}]",
    "content_type": 21,
    "revision": 33,
    "object_id_int": 18,
    "object_id": "18",
    "object_repr": "18"
  },
  "model": "reversion.version",
  "pk": 418
},
{
  "fields": {
    "format": "json",
    "serialized_data": "[{\"model\": \"cms.cmsplugin\", \"fields\": {\"language\": \"es\", \"position\": 0, \"placeholder\": 8, \"plugin_type\": \"StylePlugin\", \"parent\": 6, \"depth\": 3, \"numchild\": 1, \"creation_date\": \"2015-09-12T16:28:07.903Z\", \"changed_date\": \"2015-09-12T16:32:02.256Z\", \"path\": \"000400020001\"}, \"pk\": 18}]",
    "content_type": 6,
    "revision": 33,
    "object_id_int": 18,
    "object_id": "18",
    "object_repr": "18"
  },
  "model": "reversion.version",
  "pk": 419
},
{
  "fields": {
    "format": "json",
    "serialized_data": "[{\"model\": \"djangocms_style.style\", \"fields\": {\"tag_type\": \"div\", \"margin_right\": null, \"margin_left\": null, \"padding_right\": null, \"padding_left\": null, \"padding_top\": null, \"margin_top\": null, \"margin_bottom\": null, \"additional_classes\": \"title\", \"class_name\": \"info\", \"padding_bottom\": null}, \"pk\": 19}]",
    "content_type": 21,
    "revision": 33,
    "object_id_int": 19,
    "object_id": "19",
    "object_repr": "19"
  },
  "model": "reversion.version",
  "pk": 420
},
{
  "fields": {
    "format": "json",
    "serialized_data": "[{\"model\": \"cms.cmsplugin\", \"fields\": {\"language\": \"es\", \"position\": 1, \"placeholder\": 8, \"plugin_type\": \"VideoPlugin\", \"parent\": 6, \"depth\": 3, \"numchild\": 0, \"creation_date\": \"2015-09-12T16:29:25.874Z\", \"changed_date\": \"2015-09-12T16:29:25.887Z\", \"path\": \"000400020002\"}, \"pk\": 20}]",
    "content_type": 6,
    "revision": 33,
    "object_id_int": 20,
    "object_id": "20",
    "object_repr": "20"
  },
  "model": "reversion.version",
  "pk": 421
},
{
  "fields": {
    "format": "json",
    "serialized_data": "[{\"model\": \"cms.cmsplugin\", \"fields\": {\"language\": \"es\", \"position\": 0, \"placeholder\": 8, \"plugin_type\": \"AliasPlugin\", \"parent\": 19, \"depth\": 5, \"numchild\": 0, \"creation_date\": \"2015-09-12T16:32:59.368Z\", \"changed_date\": \"2015-09-12T16:32:59.378Z\", \"path\": \"00040002000100010001\"}, \"pk\": 21}]",
    "content_type": 6,
    "revision": 33,
    "object_id_int": 21,
    "object_id": "21",
    "object_repr": "21"
  },
  "model": "reversion.version",
  "pk": 422
},
{
  "fields": {
    "format": "json",
    "serialized_data": "[{\"model\": \"cms.cmsplugin\", \"fields\": {\"language\": \"es\", \"position\": 1, \"placeholder\": 8, \"plugin_type\": \"MultiColumnPlugin\", \"parent\": null, \"depth\": 1, \"numchild\": 2, \"creation_date\": \"2015-09-11T21:59:43.244Z\", \"changed_date\": \"2015-09-11T22:00:05.259Z\", \"path\": \"0004\"}, \"pk\": 4}]",
    "content_type": 6,
    "revision": 33,
    "object_id_int": 4,
    "object_id": "4",
    "object_repr": "4"
  },
  "model": "reversion.version",
  "pk": 423
},
{
  "fields": {
    "format": "json",
    "serialized_data": "[{\"model\": \"cms.cmsplugin\", \"fields\": {\"language\": \"es\", \"position\": 1, \"placeholder\": 8, \"plugin_type\": \"ColumnPlugin\", \"parent\": 4, \"depth\": 2, \"numchild\": 2, \"creation_date\": \"2015-09-11T22:00:05.337Z\", \"changed_date\": \"2015-09-11T22:02:58.149Z\", \"path\": \"00040002\"}, \"pk\": 6}]",
    "content_type": 6,
    "revision": 33,
    "object_id_int": 6,
    "object_id": "6",
    "object_repr": "6"
  },
  "model": "reversion.version",
  "pk": 424
},
{
  "fields": {
    "format": "json",
    "serialized_data": "[{\"model\": \"cms.cmsplugin\", \"fields\": {\"language\": \"es\", \"position\": 0, \"placeholder\": 8, \"plugin_type\": \"ColumnPlugin\", \"parent\": 4, \"depth\": 2, \"numchild\": 1, \"creation_date\": \"2015-09-11T22:00:05.278Z\", \"changed_date\": \"2015-09-11T22:00:05.309Z\", \"path\": \"00040001\"}, \"pk\": 5}]",
    "content_type": 6,
    "revision": 33,
    "object_id_int": 5,
    "object_id": "5",
    "object_repr": "5"
  },
  "model": "reversion.version",
  "pk": 425
},
{
  "fields": {
    "format": "json",
    "serialized_data": "[{\"model\": \"djangocms_column.column\", \"fields\": {\"width\": \"50%\"}, \"pk\": 5}]",
    "content_type": 22,
    "revision": 33,
    "object_id_int": 5,
    "object_id": "5",
    "object_repr": "50%"
  },
  "model": "reversion.version",
  "pk": 426
},
{
  "fields": {
    "format": "json",
    "serialized_data": "[{\"model\": \"cms.cmsplugin\", \"fields\": {\"language\": \"es\", \"position\": 0, \"placeholder\": 8, \"plugin_type\": \"StylePlugin\", \"parent\": 18, \"depth\": 4, \"numchild\": 2, \"creation_date\": \"2015-09-12T16:29:01.632Z\", \"changed_date\": \"2015-09-12T16:33:31.991Z\", \"path\": \"0004000200010001\"}, \"pk\": 19}]",
    "content_type": 6,
    "revision": 34,
    "object_id_int": 19,
    "object_id": "19",
    "object_repr": "19"
  },
  "model": "reversion.version",
  "pk": 427
},
{
  "fields": {
    "format": "json",
    "serialized_data": "[{\"model\": \"cms.cmsplugin\", \"fields\": {\"language\": \"es\", \"position\": 0, \"placeholder\": 8, \"plugin_type\": \"GoogleMapPlugin\", \"parent\": null, \"depth\": 1, \"numchild\": 0, \"creation_date\": \"2015-09-11T21:57:37.616Z\", \"changed_date\": \"2015-09-11T21:59:21.842Z\", \"path\": \"0003\"}, \"pk\": 3}]",
    "content_type": 6,
    "revision": 34,
    "object_id_int": 3,
    "object_id": "3",
    "object_repr": "3"
  },
  "model": "reversion.version",
  "pk": 428
},
{
  "fields": {
    "format": "json",
    "serialized_data": "[{\"model\": \"cms.title\", \"fields\": {\"menu_title\": \"CONTACTANOS\", \"slug\": \"contactanos\", \"page_title\": \"Contactanos\", \"published\": false, \"path\": \"contactanos\", \"has_url_overwrite\": false, \"page\": 5, \"redirect\": null, \"language\": \"es\", \"title\": \"Contactanos\", \"meta_description\": \"contactanos\", \"creation_date\": \"2015-09-11T21:33:08.455Z\"}, \"pk\": 5}]",
    "content_type": 10,
    "revision": 34,
    "object_id_int": 5,
    "object_id": "5",
    "object_repr": "Contactanos (contactanos, es)"
  },
  "model": "reversion.version",
  "pk": 429
},
{
  "fields": {
    "format": "json",
    "serialized_data": "[{\"model\": \"djangocms_googlemap.googlemap\", \"fields\": {\"scrollwheel\": true, \"draggable\": true, \"lng\": \"-64.154900\", \"route_planer\": false, \"address\": \"Cordoba\", \"street_view_control\": true, \"zoom_control\": true, \"content\": \"\", \"keyboard_shortcuts\": true, \"lat\": \"-31.396000\", \"title\": \"Mi casa\", \"zoom\": 13, \"double_click_zoom\": true, \"pan_control\": true, \"zipcode\": \"5000\", \"info_window\": true, \"city\": \"Cordoba\", \"height\": \"400px\", \"route_planer_title\": \"Calcular la manera m\\u00e1s r\\u00e1pida de ir\", \"width\": \"100%\"}, \"pk\": 3}]",
    "content_type": 26,
    "revision": 34,
    "object_id_int": 3,
    "object_id": "3",
    "object_repr": "Mi casa (Cordoba, 5000 Cordoba)"
  },
  "model": "reversion.version",
  "pk": 430
},
{
  "fields": {
    "format": "json",
    "serialized_data": "[{\"model\": \"djangocms_column.multicolumns\", \"fields\": {}, \"pk\": 4}]",
    "content_type": 23,
    "revision": 34,
    "object_id_int": 4,
    "object_id": "4",
    "object_repr": "2 columnas"
  },
  "model": "reversion.version",
  "pk": 431
},
{
  "fields": {
    "format": "json",
    "serialized_data": "[{\"model\": \"cms.page\", \"fields\": {\"limit_visibility_in_menu\": null, \"application_urls\": null, \"publication_date\": null, \"publication_end_date\": null, \"login_required\": false, \"application_namespace\": null, \"in_navigation\": true, \"revision_id\": 0, \"depth\": 1, \"parent\": null, \"soft_root\": false, \"created_by\": \"contextinformatic@gmail.com\", \"is_home\": false, \"changed_by\": \"contextinformatic@gmail.com\", \"changed_date\": \"2015-09-12T16:33:32.263Z\", \"site\": 1, \"xframe_options\": 0, \"placeholders\": [8], \"path\": \"0005\", \"languages\": \"es\", \"navigation_extenders\": null, \"numchild\": 0, \"reverse_id\": null, \"creation_date\": \"2015-09-11T21:33:08.036Z\", \"template\": \"INHERIT\"}, \"pk\": 5}]",
    "content_type": 2,
    "revision": 34,
    "object_id_int": 5,
    "object_id": "5",
    "object_repr": "CONTACTANOS"
  },
  "model": "reversion.version",
  "pk": 432
},
{
  "fields": {
    "format": "json",
    "serialized_data": "[{\"model\": \"djangocms_column.column\", \"fields\": {\"width\": \"50%\"}, \"pk\": 6}]",
    "content_type": 22,
    "revision": 34,
    "object_id_int": 6,
    "object_id": "6",
    "object_repr": "50%"
  },
  "model": "reversion.version",
  "pk": 433
},
{
  "fields": {
    "format": "json",
    "serialized_data": "[{\"model\": \"cmsplugin_contact_plus.contactplus\", \"fields\": {\"submit\": \"Enviar consulta\", \"email_subject\": \"testnubiquo@gmail.com\", \"title\": \"Contactanos\", \"thanks\": \"Gracias por contactarte con nosotros, te estaremos respondiendo a la brevedad.\", \"recipient_email\": \"contextinformatic@gmail.com\", \"template\": \"cmsplugin_contact_plus/contact.html\", \"collect_records\": true}, \"pk\": 7}]",
    "content_type": 62,
    "revision": 34,
    "object_id_int": 7,
    "object_id": "7",
    "object_repr": "Contactanos"
  },
  "model": "reversion.version",
  "pk": 434
},
{
  "fields": {
    "format": "json",
    "serialized_data": "[{\"model\": \"cms.placeholder\", \"fields\": {\"default_width\": null, \"slot\": \"content\"}, \"pk\": 8}]",
    "content_type": 1,
    "revision": 34,
    "object_id_int": 8,
    "object_id": "8",
    "object_repr": "content"
  },
  "model": "reversion.version",
  "pk": 435
},
{
  "fields": {
    "format": "json",
    "serialized_data": "[{\"model\": \"cms.cmsplugin\", \"fields\": {\"language\": \"es\", \"position\": 0, \"placeholder\": 8, \"plugin_type\": \"CMSContactPlusPlugin\", \"parent\": 5, \"depth\": 3, \"numchild\": 0, \"creation_date\": \"2015-09-11T22:00:20.065Z\", \"changed_date\": \"2015-09-12T16:25:18.265Z\", \"path\": \"000400010001\"}, \"pk\": 7}]",
    "content_type": 6,
    "revision": 34,
    "object_id_int": 7,
    "object_id": "7",
    "object_repr": "7"
  },
  "model": "reversion.version",
  "pk": 436
},
{
  "fields": {
    "format": "json",
    "serialized_data": "[{\"model\": \"djangocms_style.style\", \"fields\": {\"tag_type\": \"div\", \"margin_right\": null, \"margin_left\": null, \"padding_right\": null, \"padding_left\": null, \"padding_top\": null, \"margin_top\": null, \"margin_bottom\": null, \"additional_classes\": \"content-title\", \"class_name\": \"hint\", \"padding_bottom\": null}, \"pk\": 18}]",
    "content_type": 21,
    "revision": 34,
    "object_id_int": 18,
    "object_id": "18",
    "object_repr": "18"
  },
  "model": "reversion.version",
  "pk": 437
},
{
  "fields": {
    "format": "json",
    "serialized_data": "[{\"model\": \"cms.cmsplugin\", \"fields\": {\"language\": \"es\", \"position\": 0, \"placeholder\": 8, \"plugin_type\": \"StylePlugin\", \"parent\": 6, \"depth\": 3, \"numchild\": 1, \"creation_date\": \"2015-09-12T16:28:07.903Z\", \"changed_date\": \"2015-09-12T16:32:02.256Z\", \"path\": \"000400020001\"}, \"pk\": 18}]",
    "content_type": 6,
    "revision": 34,
    "object_id_int": 18,
    "object_id": "18",
    "object_repr": "18"
  },
  "model": "reversion.version",
  "pk": 438
},
{
  "fields": {
    "format": "json",
    "serialized_data": "[{\"model\": \"djangocms_style.style\", \"fields\": {\"tag_type\": \"div\", \"margin_right\": null, \"margin_left\": null, \"padding_right\": null, \"padding_left\": null, \"padding_top\": null, \"margin_top\": null, \"margin_bottom\": null, \"additional_classes\": \"title\", \"class_name\": \"info\", \"padding_bottom\": null}, \"pk\": 19}]",
    "content_type": 21,
    "revision": 34,
    "object_id_int": 19,
    "object_id": "19",
    "object_repr": "19"
  },
  "model": "reversion.version",
  "pk": 439
},
{
  "fields": {
    "format": "json",
    "serialized_data": "[{\"model\": \"cms.cmsplugin\", \"fields\": {\"language\": \"es\", \"position\": 1, \"placeholder\": 8, \"plugin_type\": \"VideoPlugin\", \"parent\": 6, \"depth\": 3, \"numchild\": 0, \"creation_date\": \"2015-09-12T16:29:25.874Z\", \"changed_date\": \"2015-09-12T16:29:25.887Z\", \"path\": \"000400020002\"}, \"pk\": 20}]",
    "content_type": 6,
    "revision": 34,
    "object_id_int": 20,
    "object_id": "20",
    "object_repr": "20"
  },
  "model": "reversion.version",
  "pk": 440
},
{
  "fields": {
    "format": "json",
    "serialized_data": "[{\"model\": \"cms.cmsplugin\", \"fields\": {\"language\": \"es\", \"position\": 0, \"placeholder\": 8, \"plugin_type\": \"AliasPlugin\", \"parent\": 19, \"depth\": 5, \"numchild\": 0, \"creation_date\": \"2015-09-12T16:32:59.368Z\", \"changed_date\": \"2015-09-12T16:32:59.378Z\", \"path\": \"00040002000100010001\"}, \"pk\": 21}]",
    "content_type": 6,
    "revision": 34,
    "object_id_int": 21,
    "object_id": "21",
    "object_repr": "21"
  },
  "model": "reversion.version",
  "pk": 441
},
{
  "fields": {
    "format": "json",
    "serialized_data": "[{\"model\": \"cms.cmsplugin\", \"fields\": {\"language\": \"es\", \"position\": 1, \"placeholder\": 8, \"plugin_type\": \"FilePlugin\", \"parent\": 19, \"depth\": 5, \"numchild\": 0, \"creation_date\": \"2015-09-12T16:34:17.971Z\", \"changed_date\": \"2015-09-12T16:34:17.983Z\", \"path\": \"00040002000100010002\"}, \"pk\": 23}]",
    "content_type": 6,
    "revision": 34,
    "object_id_int": 23,
    "object_id": "23",
    "object_repr": "23"
  },
  "model": "reversion.version",
  "pk": 442
},
{
  "fields": {
    "format": "json",
    "serialized_data": "[{\"model\": \"cms.cmsplugin\", \"fields\": {\"language\": \"es\", \"position\": 1, \"placeholder\": 8, \"plugin_type\": \"MultiColumnPlugin\", \"parent\": null, \"depth\": 1, \"numchild\": 2, \"creation_date\": \"2015-09-11T21:59:43.244Z\", \"changed_date\": \"2015-09-11T22:00:05.259Z\", \"path\": \"0004\"}, \"pk\": 4}]",
    "content_type": 6,
    "revision": 34,
    "object_id_int": 4,
    "object_id": "4",
    "object_repr": "4"
  },
  "model": "reversion.version",
  "pk": 443
},
{
  "fields": {
    "format": "json",
    "serialized_data": "[{\"model\": \"cms.cmsplugin\", \"fields\": {\"language\": \"es\", \"position\": 1, \"placeholder\": 8, \"plugin_type\": \"ColumnPlugin\", \"parent\": 4, \"depth\": 2, \"numchild\": 2, \"creation_date\": \"2015-09-11T22:00:05.337Z\", \"changed_date\": \"2015-09-11T22:02:58.149Z\", \"path\": \"00040002\"}, \"pk\": 6}]",
    "content_type": 6,
    "revision": 34,
    "object_id_int": 6,
    "object_id": "6",
    "object_repr": "6"
  },
  "model": "reversion.version",
  "pk": 444
},
{
  "fields": {
    "format": "json",
    "serialized_data": "[{\"model\": \"cms.cmsplugin\", \"fields\": {\"language\": \"es\", \"position\": 0, \"placeholder\": 8, \"plugin_type\": \"ColumnPlugin\", \"parent\": 4, \"depth\": 2, \"numchild\": 1, \"creation_date\": \"2015-09-11T22:00:05.278Z\", \"changed_date\": \"2015-09-11T22:00:05.309Z\", \"path\": \"00040001\"}, \"pk\": 5}]",
    "content_type": 6,
    "revision": 34,
    "object_id_int": 5,
    "object_id": "5",
    "object_repr": "5"
  },
  "model": "reversion.version",
  "pk": 445
},
{
  "fields": {
    "format": "json",
    "serialized_data": "[{\"model\": \"djangocms_column.column\", \"fields\": {\"width\": \"50%\"}, \"pk\": 5}]",
    "content_type": 22,
    "revision": 34,
    "object_id_int": 5,
    "object_id": "5",
    "object_repr": "50%"
  },
  "model": "reversion.version",
  "pk": 446
},
{
  "fields": {
    "format": "json",
    "serialized_data": "[{\"model\": \"cms.cmsplugin\", \"fields\": {\"language\": \"es\", \"position\": 0, \"placeholder\": 8, \"plugin_type\": \"StylePlugin\", \"parent\": 18, \"depth\": 4, \"numchild\": 2, \"creation_date\": \"2015-09-12T16:29:01.632Z\", \"changed_date\": \"2015-09-12T16:33:31.991Z\", \"path\": \"0004000200010001\"}, \"pk\": 19}]",
    "content_type": 6,
    "revision": 35,
    "object_id_int": 19,
    "object_id": "19",
    "object_repr": "19"
  },
  "model": "reversion.version",
  "pk": 447
},
{
  "fields": {
    "format": "json",
    "serialized_data": "[{\"model\": \"cms.cmsplugin\", \"fields\": {\"language\": \"es\", \"position\": 0, \"placeholder\": 8, \"plugin_type\": \"GoogleMapPlugin\", \"parent\": null, \"depth\": 1, \"numchild\": 0, \"creation_date\": \"2015-09-11T21:57:37.616Z\", \"changed_date\": \"2015-09-11T21:59:21.842Z\", \"path\": \"0003\"}, \"pk\": 3}]",
    "content_type": 6,
    "revision": 35,
    "object_id_int": 3,
    "object_id": "3",
    "object_repr": "3"
  },
  "model": "reversion.version",
  "pk": 448
},
{
  "fields": {
    "format": "json",
    "serialized_data": "[{\"model\": \"cms.title\", \"fields\": {\"menu_title\": \"CONTACTANOS\", \"slug\": \"contactanos\", \"page_title\": \"Contactanos\", \"published\": false, \"path\": \"contactanos\", \"has_url_overwrite\": false, \"page\": 5, \"redirect\": null, \"language\": \"es\", \"title\": \"Contactanos\", \"meta_description\": \"contactanos\", \"creation_date\": \"2015-09-11T21:33:08.455Z\"}, \"pk\": 5}]",
    "content_type": 10,
    "revision": 35,
    "object_id_int": 5,
    "object_id": "5",
    "object_repr": "Contactanos (contactanos, es)"
  },
  "model": "reversion.version",
  "pk": 449
},
{
  "fields": {
    "format": "json",
    "serialized_data": "[{\"model\": \"djangocms_googlemap.googlemap\", \"fields\": {\"scrollwheel\": true, \"draggable\": true, \"lng\": \"-64.154900\", \"route_planer\": false, \"address\": \"Cordoba\", \"street_view_control\": true, \"zoom_control\": true, \"content\": \"\", \"keyboard_shortcuts\": true, \"lat\": \"-31.396000\", \"title\": \"Mi casa\", \"zoom\": 13, \"double_click_zoom\": true, \"pan_control\": true, \"zipcode\": \"5000\", \"info_window\": true, \"city\": \"Cordoba\", \"height\": \"400px\", \"route_planer_title\": \"Calcular la manera m\\u00e1s r\\u00e1pida de ir\", \"width\": \"100%\"}, \"pk\": 3}]",
    "content_type": 26,
    "revision": 35,
    "object_id_int": 3,
    "object_id": "3",
    "object_repr": "Mi casa (Cordoba, 5000 Cordoba)"
  },
  "model": "reversion.version",
  "pk": 450
},
{
  "fields": {
    "format": "json",
    "serialized_data": "[{\"model\": \"djangocms_column.multicolumns\", \"fields\": {}, \"pk\": 4}]",
    "content_type": 23,
    "revision": 35,
    "object_id_int": 4,
    "object_id": "4",
    "object_repr": "2 columnas"
  },
  "model": "reversion.version",
  "pk": 451
},
{
  "fields": {
    "format": "json",
    "serialized_data": "[{\"model\": \"cms.page\", \"fields\": {\"limit_visibility_in_menu\": null, \"application_urls\": null, \"publication_date\": null, \"publication_end_date\": null, \"login_required\": false, \"application_namespace\": null, \"in_navigation\": true, \"revision_id\": 0, \"depth\": 1, \"parent\": null, \"soft_root\": false, \"created_by\": \"contextinformatic@gmail.com\", \"is_home\": false, \"changed_by\": \"contextinformatic@gmail.com\", \"changed_date\": \"2015-09-12T16:34:18.046Z\", \"site\": 1, \"xframe_options\": 0, \"placeholders\": [8], \"path\": \"0005\", \"languages\": \"es\", \"navigation_extenders\": null, \"numchild\": 0, \"reverse_id\": null, \"creation_date\": \"2015-09-11T21:33:08.036Z\", \"template\": \"INHERIT\"}, \"pk\": 5}]",
    "content_type": 2,
    "revision": 35,
    "object_id_int": 5,
    "object_id": "5",
    "object_repr": "CONTACTANOS"
  },
  "model": "reversion.version",
  "pk": 452
},
{
  "fields": {
    "format": "json",
    "serialized_data": "[{\"model\": \"djangocms_column.column\", \"fields\": {\"width\": \"50%\"}, \"pk\": 6}]",
    "content_type": 22,
    "revision": 35,
    "object_id_int": 6,
    "object_id": "6",
    "object_repr": "50%"
  },
  "model": "reversion.version",
  "pk": 453
},
{
  "fields": {
    "format": "json",
    "serialized_data": "[{\"model\": \"cmsplugin_contact_plus.contactplus\", \"fields\": {\"submit\": \"Enviar consulta\", \"email_subject\": \"testnubiquo@gmail.com\", \"title\": \"Contactanos\", \"thanks\": \"Gracias por contactarte con nosotros, te estaremos respondiendo a la brevedad.\", \"recipient_email\": \"contextinformatic@gmail.com\", \"template\": \"cmsplugin_contact_plus/contact.html\", \"collect_records\": true}, \"pk\": 7}]",
    "content_type": 62,
    "revision": 35,
    "object_id_int": 7,
    "object_id": "7",
    "object_repr": "Contactanos"
  },
  "model": "reversion.version",
  "pk": 454
},
{
  "fields": {
    "format": "json",
    "serialized_data": "[{\"model\": \"cms.placeholder\", \"fields\": {\"default_width\": null, \"slot\": \"content\"}, \"pk\": 8}]",
    "content_type": 1,
    "revision": 35,
    "object_id_int": 8,
    "object_id": "8",
    "object_repr": "content"
  },
  "model": "reversion.version",
  "pk": 455
},
{
  "fields": {
    "format": "json",
    "serialized_data": "[{\"model\": \"cms.cmsplugin\", \"fields\": {\"language\": \"es\", \"position\": 0, \"placeholder\": 8, \"plugin_type\": \"CMSContactPlusPlugin\", \"parent\": 5, \"depth\": 3, \"numchild\": 0, \"creation_date\": \"2015-09-11T22:00:20.065Z\", \"changed_date\": \"2015-09-12T16:25:18.265Z\", \"path\": \"000400010001\"}, \"pk\": 7}]",
    "content_type": 6,
    "revision": 35,
    "object_id_int": 7,
    "object_id": "7",
    "object_repr": "7"
  },
  "model": "reversion.version",
  "pk": 456
},
{
  "fields": {
    "format": "json",
    "serialized_data": "[{\"model\": \"djangocms_style.style\", \"fields\": {\"tag_type\": \"div\", \"margin_right\": null, \"margin_left\": null, \"padding_right\": null, \"padding_left\": null, \"padding_top\": null, \"margin_top\": null, \"margin_bottom\": null, \"additional_classes\": \"content-title\", \"class_name\": \"hint\", \"padding_bottom\": null}, \"pk\": 18}]",
    "content_type": 21,
    "revision": 35,
    "object_id_int": 18,
    "object_id": "18",
    "object_repr": "18"
  },
  "model": "reversion.version",
  "pk": 457
},
{
  "fields": {
    "format": "json",
    "serialized_data": "[{\"model\": \"cms.cmsplugin\", \"fields\": {\"language\": \"es\", \"position\": 0, \"placeholder\": 8, \"plugin_type\": \"StylePlugin\", \"parent\": 6, \"depth\": 3, \"numchild\": 1, \"creation_date\": \"2015-09-12T16:28:07.903Z\", \"changed_date\": \"2015-09-12T16:32:02.256Z\", \"path\": \"000400020001\"}, \"pk\": 18}]",
    "content_type": 6,
    "revision": 35,
    "object_id_int": 18,
    "object_id": "18",
    "object_repr": "18"
  },
  "model": "reversion.version",
  "pk": 458
},
{
  "fields": {
    "format": "json",
    "serialized_data": "[{\"model\": \"djangocms_style.style\", \"fields\": {\"tag_type\": \"div\", \"margin_right\": null, \"margin_left\": null, \"padding_right\": null, \"padding_left\": null, \"padding_top\": null, \"margin_top\": null, \"margin_bottom\": null, \"additional_classes\": \"title\", \"class_name\": \"info\", \"padding_bottom\": null}, \"pk\": 19}]",
    "content_type": 21,
    "revision": 35,
    "object_id_int": 19,
    "object_id": "19",
    "object_repr": "19"
  },
  "model": "reversion.version",
  "pk": 459
},
{
  "fields": {
    "format": "json",
    "serialized_data": "[{\"model\": \"cms.cmsplugin\", \"fields\": {\"language\": \"es\", \"position\": 1, \"placeholder\": 8, \"plugin_type\": \"VideoPlugin\", \"parent\": 6, \"depth\": 3, \"numchild\": 0, \"creation_date\": \"2015-09-12T16:29:25.874Z\", \"changed_date\": \"2015-09-12T16:29:25.887Z\", \"path\": \"000400020002\"}, \"pk\": 20}]",
    "content_type": 6,
    "revision": 35,
    "object_id_int": 20,
    "object_id": "20",
    "object_repr": "20"
  },
  "model": "reversion.version",
  "pk": 460
},
{
  "fields": {
    "format": "json",
    "serialized_data": "[{\"model\": \"cms.cmsplugin\", \"fields\": {\"language\": \"es\", \"position\": 0, \"placeholder\": 8, \"plugin_type\": \"AliasPlugin\", \"parent\": 19, \"depth\": 5, \"numchild\": 0, \"creation_date\": \"2015-09-12T16:32:59.368Z\", \"changed_date\": \"2015-09-12T16:32:59.378Z\", \"path\": \"00040002000100010001\"}, \"pk\": 21}]",
    "content_type": 6,
    "revision": 35,
    "object_id_int": 21,
    "object_id": "21",
    "object_repr": "21"
  },
  "model": "reversion.version",
  "pk": 461
},
{
  "fields": {
    "format": "json",
    "serialized_data": "[{\"model\": \"djangocms_file.file\", \"fields\": {\"target\": \"\", \"file\": \"cms_page_media/5/pantalon-algodon-bebe1.jpg\", \"title\": \"Objee\"}, \"pk\": 23}]",
    "content_type": 24,
    "revision": 35,
    "object_id_int": 23,
    "object_id": "23",
    "object_repr": "Objee"
  },
  "model": "reversion.version",
  "pk": 462
},
{
  "fields": {
    "format": "json",
    "serialized_data": "[{\"model\": \"cms.cmsplugin\", \"fields\": {\"language\": \"es\", \"position\": 1, \"placeholder\": 8, \"plugin_type\": \"FilePlugin\", \"parent\": 19, \"depth\": 5, \"numchild\": 0, \"creation_date\": \"2015-09-12T16:34:17.971Z\", \"changed_date\": \"2015-09-12T16:34:31.876Z\", \"path\": \"00040002000100010002\"}, \"pk\": 23}]",
    "content_type": 6,
    "revision": 35,
    "object_id_int": 23,
    "object_id": "23",
    "object_repr": "23"
  },
  "model": "reversion.version",
  "pk": 463
},
{
  "fields": {
    "format": "json",
    "serialized_data": "[{\"model\": \"cms.cmsplugin\", \"fields\": {\"language\": \"es\", \"position\": 1, \"placeholder\": 8, \"plugin_type\": \"MultiColumnPlugin\", \"parent\": null, \"depth\": 1, \"numchild\": 2, \"creation_date\": \"2015-09-11T21:59:43.244Z\", \"changed_date\": \"2015-09-11T22:00:05.259Z\", \"path\": \"0004\"}, \"pk\": 4}]",
    "content_type": 6,
    "revision": 35,
    "object_id_int": 4,
    "object_id": "4",
    "object_repr": "4"
  },
  "model": "reversion.version",
  "pk": 464
},
{
  "fields": {
    "format": "json",
    "serialized_data": "[{\"model\": \"cms.cmsplugin\", \"fields\": {\"language\": \"es\", \"position\": 1, \"placeholder\": 8, \"plugin_type\": \"ColumnPlugin\", \"parent\": 4, \"depth\": 2, \"numchild\": 2, \"creation_date\": \"2015-09-11T22:00:05.337Z\", \"changed_date\": \"2015-09-11T22:02:58.149Z\", \"path\": \"00040002\"}, \"pk\": 6}]",
    "content_type": 6,
    "revision": 35,
    "object_id_int": 6,
    "object_id": "6",
    "object_repr": "6"
  },
  "model": "reversion.version",
  "pk": 465
},
{
  "fields": {
    "format": "json",
    "serialized_data": "[{\"model\": \"cms.cmsplugin\", \"fields\": {\"language\": \"es\", \"position\": 0, \"placeholder\": 8, \"plugin_type\": \"ColumnPlugin\", \"parent\": 4, \"depth\": 2, \"numchild\": 1, \"creation_date\": \"2015-09-11T22:00:05.278Z\", \"changed_date\": \"2015-09-11T22:00:05.309Z\", \"path\": \"00040001\"}, \"pk\": 5}]",
    "content_type": 6,
    "revision": 35,
    "object_id_int": 5,
    "object_id": "5",
    "object_repr": "5"
  },
  "model": "reversion.version",
  "pk": 466
},
{
  "fields": {
    "format": "json",
    "serialized_data": "[{\"model\": \"djangocms_column.column\", \"fields\": {\"width\": \"50%\"}, \"pk\": 5}]",
    "content_type": 22,
    "revision": 35,
    "object_id_int": 5,
    "object_id": "5",
    "object_repr": "50%"
  },
  "model": "reversion.version",
  "pk": 467
},
{
  "fields": {
    "format": "json",
    "serialized_data": "[{\"model\": \"cms.cmsplugin\", \"fields\": {\"language\": \"es\", \"position\": 0, \"placeholder\": 8, \"plugin_type\": \"StylePlugin\", \"parent\": 18, \"depth\": 4, \"numchild\": 1, \"creation_date\": \"2015-09-12T16:29:01.632Z\", \"changed_date\": \"2015-09-12T16:35:36.124Z\", \"path\": \"0004000200010001\"}, \"pk\": 19}]",
    "content_type": 6,
    "revision": 36,
    "object_id_int": 19,
    "object_id": "19",
    "object_repr": "19"
  },
  "model": "reversion.version",
  "pk": 468
},
{
  "fields": {
    "format": "json",
    "serialized_data": "[{\"model\": \"cms.cmsplugin\", \"fields\": {\"language\": \"es\", \"position\": 0, \"placeholder\": 8, \"plugin_type\": \"GoogleMapPlugin\", \"parent\": null, \"depth\": 1, \"numchild\": 0, \"creation_date\": \"2015-09-11T21:57:37.616Z\", \"changed_date\": \"2015-09-11T21:59:21.842Z\", \"path\": \"0003\"}, \"pk\": 3}]",
    "content_type": 6,
    "revision": 36,
    "object_id_int": 3,
    "object_id": "3",
    "object_repr": "3"
  },
  "model": "reversion.version",
  "pk": 469
},
{
  "fields": {
    "format": "json",
    "serialized_data": "[{\"model\": \"cms.title\", \"fields\": {\"menu_title\": \"CONTACTANOS\", \"slug\": \"contactanos\", \"page_title\": \"Contactanos\", \"published\": false, \"path\": \"contactanos\", \"has_url_overwrite\": false, \"page\": 5, \"redirect\": null, \"language\": \"es\", \"title\": \"Contactanos\", \"meta_description\": \"contactanos\", \"creation_date\": \"2015-09-11T21:33:08.455Z\"}, \"pk\": 5}]",
    "content_type": 10,
    "revision": 36,
    "object_id_int": 5,
    "object_id": "5",
    "object_repr": "Contactanos (contactanos, es)"
  },
  "model": "reversion.version",
  "pk": 470
},
{
  "fields": {
    "format": "json",
    "serialized_data": "[{\"model\": \"djangocms_googlemap.googlemap\", \"fields\": {\"scrollwheel\": true, \"draggable\": true, \"lng\": \"-64.154900\", \"route_planer\": false, \"address\": \"Cordoba\", \"street_view_control\": true, \"zoom_control\": true, \"content\": \"\", \"keyboard_shortcuts\": true, \"lat\": \"-31.396000\", \"title\": \"Mi casa\", \"zoom\": 13, \"double_click_zoom\": true, \"pan_control\": true, \"zipcode\": \"5000\", \"info_window\": true, \"city\": \"Cordoba\", \"height\": \"400px\", \"route_planer_title\": \"Calcular la manera m\\u00e1s r\\u00e1pida de ir\", \"width\": \"100%\"}, \"pk\": 3}]",
    "content_type": 26,
    "revision": 36,
    "object_id_int": 3,
    "object_id": "3",
    "object_repr": "Mi casa (Cordoba, 5000 Cordoba)"
  },
  "model": "reversion.version",
  "pk": 471
},
{
  "fields": {
    "format": "json",
    "serialized_data": "[{\"model\": \"djangocms_column.multicolumns\", \"fields\": {}, \"pk\": 4}]",
    "content_type": 23,
    "revision": 36,
    "object_id_int": 4,
    "object_id": "4",
    "object_repr": "2 columnas"
  },
  "model": "reversion.version",
  "pk": 472
},
{
  "fields": {
    "format": "json",
    "serialized_data": "[{\"model\": \"cms.page\", \"fields\": {\"limit_visibility_in_menu\": null, \"application_urls\": null, \"publication_date\": null, \"publication_end_date\": null, \"login_required\": false, \"application_namespace\": null, \"in_navigation\": true, \"revision_id\": 0, \"depth\": 1, \"parent\": null, \"soft_root\": false, \"created_by\": \"contextinformatic@gmail.com\", \"is_home\": false, \"changed_by\": \"contextinformatic@gmail.com\", \"changed_date\": \"2015-09-12T16:35:37.022Z\", \"site\": 1, \"xframe_options\": 0, \"placeholders\": [8], \"path\": \"0005\", \"languages\": \"es\", \"navigation_extenders\": null, \"numchild\": 0, \"reverse_id\": null, \"creation_date\": \"2015-09-11T21:33:08.036Z\", \"template\": \"INHERIT\"}, \"pk\": 5}]",
    "content_type": 2,
    "revision": 36,
    "object_id_int": 5,
    "object_id": "5",
    "object_repr": "CONTACTANOS"
  },
  "model": "reversion.version",
  "pk": 473
},
{
  "fields": {
    "format": "json",
    "serialized_data": "[{\"model\": \"djangocms_column.column\", \"fields\": {\"width\": \"50%\"}, \"pk\": 6}]",
    "content_type": 22,
    "revision": 36,
    "object_id_int": 6,
    "object_id": "6",
    "object_repr": "50%"
  },
  "model": "reversion.version",
  "pk": 474
},
{
  "fields": {
    "format": "json",
    "serialized_data": "[{\"model\": \"cmsplugin_contact_plus.contactplus\", \"fields\": {\"submit\": \"Enviar consulta\", \"email_subject\": \"testnubiquo@gmail.com\", \"title\": \"Contactanos\", \"thanks\": \"Gracias por contactarte con nosotros, te estaremos respondiendo a la brevedad.\", \"recipient_email\": \"contextinformatic@gmail.com\", \"template\": \"cmsplugin_contact_plus/contact.html\", \"collect_records\": true}, \"pk\": 7}]",
    "content_type": 62,
    "revision": 36,
    "object_id_int": 7,
    "object_id": "7",
    "object_repr": "Contactanos"
  },
  "model": "reversion.version",
  "pk": 475
},
{
  "fields": {
    "format": "json",
    "serialized_data": "[{\"model\": \"cms.placeholder\", \"fields\": {\"default_width\": null, \"slot\": \"content\"}, \"pk\": 8}]",
    "content_type": 1,
    "revision": 36,
    "object_id_int": 8,
    "object_id": "8",
    "object_repr": "content"
  },
  "model": "reversion.version",
  "pk": 476
},
{
  "fields": {
    "format": "json",
    "serialized_data": "[{\"model\": \"cms.cmsplugin\", \"fields\": {\"language\": \"es\", \"position\": 0, \"placeholder\": 8, \"plugin_type\": \"CMSContactPlusPlugin\", \"parent\": 5, \"depth\": 3, \"numchild\": 0, \"creation_date\": \"2015-09-11T22:00:20.065Z\", \"changed_date\": \"2015-09-12T16:25:18.265Z\", \"path\": \"000400010001\"}, \"pk\": 7}]",
    "content_type": 6,
    "revision": 36,
    "object_id_int": 7,
    "object_id": "7",
    "object_repr": "7"
  },
  "model": "reversion.version",
  "pk": 477
},
{
  "fields": {
    "format": "json",
    "serialized_data": "[{\"model\": \"djangocms_style.style\", \"fields\": {\"tag_type\": \"div\", \"margin_right\": null, \"margin_left\": null, \"padding_right\": null, \"padding_left\": null, \"padding_top\": null, \"margin_top\": null, \"margin_bottom\": null, \"additional_classes\": \"content-title\", \"class_name\": \"hint\", \"padding_bottom\": null}, \"pk\": 18}]",
    "content_type": 21,
    "revision": 36,
    "object_id_int": 18,
    "object_id": "18",
    "object_repr": "18"
  },
  "model": "reversion.version",
  "pk": 478
},
{
  "fields": {
    "format": "json",
    "serialized_data": "[{\"model\": \"cms.cmsplugin\", \"fields\": {\"language\": \"es\", \"position\": 0, \"placeholder\": 8, \"plugin_type\": \"StylePlugin\", \"parent\": 6, \"depth\": 3, \"numchild\": 1, \"creation_date\": \"2015-09-12T16:28:07.903Z\", \"changed_date\": \"2015-09-12T16:32:02.256Z\", \"path\": \"000400020001\"}, \"pk\": 18}]",
    "content_type": 6,
    "revision": 36,
    "object_id_int": 18,
    "object_id": "18",
    "object_repr": "18"
  },
  "model": "reversion.version",
  "pk": 479
},
{
  "fields": {
    "format": "json",
    "serialized_data": "[{\"model\": \"djangocms_style.style\", \"fields\": {\"tag_type\": \"div\", \"margin_right\": null, \"margin_left\": null, \"padding_right\": null, \"padding_left\": null, \"padding_top\": null, \"margin_top\": null, \"margin_bottom\": null, \"additional_classes\": \"title\", \"class_name\": \"info\", \"padding_bottom\": null}, \"pk\": 19}]",
    "content_type": 21,
    "revision": 36,
    "object_id_int": 19,
    "object_id": "19",
    "object_repr": "19"
  },
  "model": "reversion.version",
  "pk": 480
},
{
  "fields": {
    "format": "json",
    "serialized_data": "[{\"model\": \"cms.cmsplugin\", \"fields\": {\"language\": \"es\", \"position\": 1, \"placeholder\": 8, \"plugin_type\": \"VideoPlugin\", \"parent\": 6, \"depth\": 3, \"numchild\": 0, \"creation_date\": \"2015-09-12T16:29:25.874Z\", \"changed_date\": \"2015-09-12T16:29:25.887Z\", \"path\": \"000400020002\"}, \"pk\": 20}]",
    "content_type": 6,
    "revision": 36,
    "object_id_int": 20,
    "object_id": "20",
    "object_repr": "20"
  },
  "model": "reversion.version",
  "pk": 481
},
{
  "fields": {
    "format": "json",
    "serialized_data": "[{\"model\": \"cms.cmsplugin\", \"fields\": {\"language\": \"es\", \"position\": 0, \"placeholder\": 8, \"plugin_type\": \"AliasPlugin\", \"parent\": 19, \"depth\": 5, \"numchild\": 0, \"creation_date\": \"2015-09-12T16:32:59.368Z\", \"changed_date\": \"2015-09-12T16:32:59.378Z\", \"path\": \"00040002000100010001\"}, \"pk\": 21}]",
    "content_type": 6,
    "revision": 36,
    "object_id_int": 21,
    "object_id": "21",
    "object_repr": "21"
  },
  "model": "reversion.version",
  "pk": 482
},
{
  "fields": {
    "format": "json",
    "serialized_data": "[{\"model\": \"cms.cmsplugin\", \"fields\": {\"language\": \"es\", \"position\": 1, \"placeholder\": 8, \"plugin_type\": \"MultiColumnPlugin\", \"parent\": null, \"depth\": 1, \"numchild\": 2, \"creation_date\": \"2015-09-11T21:59:43.244Z\", \"changed_date\": \"2015-09-11T22:00:05.259Z\", \"path\": \"0004\"}, \"pk\": 4}]",
    "content_type": 6,
    "revision": 36,
    "object_id_int": 4,
    "object_id": "4",
    "object_repr": "4"
  },
  "model": "reversion.version",
  "pk": 483
},
{
  "fields": {
    "format": "json",
    "serialized_data": "[{\"model\": \"cms.cmsplugin\", \"fields\": {\"language\": \"es\", \"position\": 1, \"placeholder\": 8, \"plugin_type\": \"ColumnPlugin\", \"parent\": 4, \"depth\": 2, \"numchild\": 2, \"creation_date\": \"2015-09-11T22:00:05.337Z\", \"changed_date\": \"2015-09-11T22:02:58.149Z\", \"path\": \"00040002\"}, \"pk\": 6}]",
    "content_type": 6,
    "revision": 36,
    "object_id_int": 6,
    "object_id": "6",
    "object_repr": "6"
  },
  "model": "reversion.version",
  "pk": 484
},
{
  "fields": {
    "format": "json",
    "serialized_data": "[{\"model\": \"cms.cmsplugin\", \"fields\": {\"language\": \"es\", \"position\": 0, \"placeholder\": 8, \"plugin_type\": \"ColumnPlugin\", \"parent\": 4, \"depth\": 2, \"numchild\": 1, \"creation_date\": \"2015-09-11T22:00:05.278Z\", \"changed_date\": \"2015-09-11T22:00:05.309Z\", \"path\": \"00040001\"}, \"pk\": 5}]",
    "content_type": 6,
    "revision": 36,
    "object_id_int": 5,
    "object_id": "5",
    "object_repr": "5"
  },
  "model": "reversion.version",
  "pk": 485
},
{
  "fields": {
    "format": "json",
    "serialized_data": "[{\"model\": \"djangocms_column.column\", \"fields\": {\"width\": \"50%\"}, \"pk\": 5}]",
    "content_type": 22,
    "revision": 36,
    "object_id_int": 5,
    "object_id": "5",
    "object_repr": "50%"
  },
  "model": "reversion.version",
  "pk": 486
},
{
  "fields": {
    "format": "json",
    "serialized_data": "[{\"model\": \"cms.cmsplugin\", \"fields\": {\"language\": \"es\", \"position\": 0, \"placeholder\": 8, \"plugin_type\": \"StylePlugin\", \"parent\": 18, \"depth\": 4, \"numchild\": 0, \"creation_date\": \"2015-09-12T16:29:01.632Z\", \"changed_date\": \"2015-09-12T16:35:49.597Z\", \"path\": \"0004000200010001\"}, \"pk\": 19}]",
    "content_type": 6,
    "revision": 37,
    "object_id_int": 19,
    "object_id": "19",
    "object_repr": "19"
  },
  "model": "reversion.version",
  "pk": 487
},
{
  "fields": {
    "format": "json",
    "serialized_data": "[{\"model\": \"cms.cmsplugin\", \"fields\": {\"language\": \"es\", \"position\": 0, \"placeholder\": 8, \"plugin_type\": \"GoogleMapPlugin\", \"parent\": null, \"depth\": 1, \"numchild\": 0, \"creation_date\": \"2015-09-11T21:57:37.616Z\", \"changed_date\": \"2015-09-11T21:59:21.842Z\", \"path\": \"0003\"}, \"pk\": 3}]",
    "content_type": 6,
    "revision": 37,
    "object_id_int": 3,
    "object_id": "3",
    "object_repr": "3"
  },
  "model": "reversion.version",
  "pk": 488
},
{
  "fields": {
    "format": "json",
    "serialized_data": "[{\"model\": \"cms.title\", \"fields\": {\"menu_title\": \"CONTACTANOS\", \"slug\": \"contactanos\", \"page_title\": \"Contactanos\", \"published\": false, \"path\": \"contactanos\", \"has_url_overwrite\": false, \"page\": 5, \"redirect\": null, \"language\": \"es\", \"title\": \"Contactanos\", \"meta_description\": \"contactanos\", \"creation_date\": \"2015-09-11T21:33:08.455Z\"}, \"pk\": 5}]",
    "content_type": 10,
    "revision": 37,
    "object_id_int": 5,
    "object_id": "5",
    "object_repr": "Contactanos (contactanos, es)"
  },
  "model": "reversion.version",
  "pk": 489
},
{
  "fields": {
    "format": "json",
    "serialized_data": "[{\"model\": \"djangocms_googlemap.googlemap\", \"fields\": {\"scrollwheel\": true, \"draggable\": true, \"lng\": \"-64.154900\", \"route_planer\": false, \"address\": \"Cordoba\", \"street_view_control\": true, \"zoom_control\": true, \"content\": \"\", \"keyboard_shortcuts\": true, \"lat\": \"-31.396000\", \"title\": \"Mi casa\", \"zoom\": 13, \"double_click_zoom\": true, \"pan_control\": true, \"zipcode\": \"5000\", \"info_window\": true, \"city\": \"Cordoba\", \"height\": \"400px\", \"route_planer_title\": \"Calcular la manera m\\u00e1s r\\u00e1pida de ir\", \"width\": \"100%\"}, \"pk\": 3}]",
    "content_type": 26,
    "revision": 37,
    "object_id_int": 3,
    "object_id": "3",
    "object_repr": "Mi casa (Cordoba, 5000 Cordoba)"
  },
  "model": "reversion.version",
  "pk": 490
},
{
  "fields": {
    "format": "json",
    "serialized_data": "[{\"model\": \"djangocms_column.multicolumns\", \"fields\": {}, \"pk\": 4}]",
    "content_type": 23,
    "revision": 37,
    "object_id_int": 4,
    "object_id": "4",
    "object_repr": "2 columnas"
  },
  "model": "reversion.version",
  "pk": 491
},
{
  "fields": {
    "format": "json",
    "serialized_data": "[{\"model\": \"cms.page\", \"fields\": {\"limit_visibility_in_menu\": null, \"application_urls\": null, \"publication_date\": null, \"publication_end_date\": null, \"login_required\": false, \"application_namespace\": null, \"in_navigation\": true, \"revision_id\": 0, \"depth\": 1, \"parent\": null, \"soft_root\": false, \"created_by\": \"contextinformatic@gmail.com\", \"is_home\": false, \"changed_by\": \"contextinformatic@gmail.com\", \"changed_date\": \"2015-09-12T16:35:50.532Z\", \"site\": 1, \"xframe_options\": 0, \"placeholders\": [8], \"path\": \"0005\", \"languages\": \"es\", \"navigation_extenders\": null, \"numchild\": 0, \"reverse_id\": null, \"creation_date\": \"2015-09-11T21:33:08.036Z\", \"template\": \"INHERIT\"}, \"pk\": 5}]",
    "content_type": 2,
    "revision": 37,
    "object_id_int": 5,
    "object_id": "5",
    "object_repr": "CONTACTANOS"
  },
  "model": "reversion.version",
  "pk": 492
},
{
  "fields": {
    "format": "json",
    "serialized_data": "[{\"model\": \"djangocms_column.column\", \"fields\": {\"width\": \"50%\"}, \"pk\": 6}]",
    "content_type": 22,
    "revision": 37,
    "object_id_int": 6,
    "object_id": "6",
    "object_repr": "50%"
  },
  "model": "reversion.version",
  "pk": 493
},
{
  "fields": {
    "format": "json",
    "serialized_data": "[{\"model\": \"cmsplugin_contact_plus.contactplus\", \"fields\": {\"submit\": \"Enviar consulta\", \"email_subject\": \"testnubiquo@gmail.com\", \"title\": \"Contactanos\", \"thanks\": \"Gracias por contactarte con nosotros, te estaremos respondiendo a la brevedad.\", \"recipient_email\": \"contextinformatic@gmail.com\", \"template\": \"cmsplugin_contact_plus/contact.html\", \"collect_records\": true}, \"pk\": 7}]",
    "content_type": 62,
    "revision": 37,
    "object_id_int": 7,
    "object_id": "7",
    "object_repr": "Contactanos"
  },
  "model": "reversion.version",
  "pk": 494
},
{
  "fields": {
    "format": "json",
    "serialized_data": "[{\"model\": \"cms.placeholder\", \"fields\": {\"default_width\": null, \"slot\": \"content\"}, \"pk\": 8}]",
    "content_type": 1,
    "revision": 37,
    "object_id_int": 8,
    "object_id": "8",
    "object_repr": "content"
  },
  "model": "reversion.version",
  "pk": 495
},
{
  "fields": {
    "format": "json",
    "serialized_data": "[{\"model\": \"cms.cmsplugin\", \"fields\": {\"language\": \"es\", \"position\": 0, \"placeholder\": 8, \"plugin_type\": \"CMSContactPlusPlugin\", \"parent\": 5, \"depth\": 3, \"numchild\": 0, \"creation_date\": \"2015-09-11T22:00:20.065Z\", \"changed_date\": \"2015-09-12T16:25:18.265Z\", \"path\": \"000400010001\"}, \"pk\": 7}]",
    "content_type": 6,
    "revision": 37,
    "object_id_int": 7,
    "object_id": "7",
    "object_repr": "7"
  },
  "model": "reversion.version",
  "pk": 496
},
{
  "fields": {
    "format": "json",
    "serialized_data": "[{\"model\": \"djangocms_style.style\", \"fields\": {\"tag_type\": \"div\", \"margin_right\": null, \"margin_left\": null, \"padding_right\": null, \"padding_left\": null, \"padding_top\": null, \"margin_top\": null, \"margin_bottom\": null, \"additional_classes\": \"content-title\", \"class_name\": \"hint\", \"padding_bottom\": null}, \"pk\": 18}]",
    "content_type": 21,
    "revision": 37,
    "object_id_int": 18,
    "object_id": "18",
    "object_repr": "18"
  },
  "model": "reversion.version",
  "pk": 497
},
{
  "fields": {
    "format": "json",
    "serialized_data": "[{\"model\": \"cms.cmsplugin\", \"fields\": {\"language\": \"es\", \"position\": 0, \"placeholder\": 8, \"plugin_type\": \"StylePlugin\", \"parent\": 6, \"depth\": 3, \"numchild\": 1, \"creation_date\": \"2015-09-12T16:28:07.903Z\", \"changed_date\": \"2015-09-12T16:32:02.256Z\", \"path\": \"000400020001\"}, \"pk\": 18}]",
    "content_type": 6,
    "revision": 37,
    "object_id_int": 18,
    "object_id": "18",
    "object_repr": "18"
  },
  "model": "reversion.version",
  "pk": 498
},
{
  "fields": {
    "format": "json",
    "serialized_data": "[{\"model\": \"djangocms_style.style\", \"fields\": {\"tag_type\": \"div\", \"margin_right\": null, \"margin_left\": null, \"padding_right\": null, \"padding_left\": null, \"padding_top\": null, \"margin_top\": null, \"margin_bottom\": null, \"additional_classes\": \"title\", \"class_name\": \"info\", \"padding_bottom\": null}, \"pk\": 19}]",
    "content_type": 21,
    "revision": 37,
    "object_id_int": 19,
    "object_id": "19",
    "object_repr": "19"
  },
  "model": "reversion.version",
  "pk": 499
},
{
  "fields": {
    "format": "json",
    "serialized_data": "[{\"model\": \"cms.cmsplugin\", \"fields\": {\"language\": \"es\", \"position\": 1, \"placeholder\": 8, \"plugin_type\": \"VideoPlugin\", \"parent\": 6, \"depth\": 3, \"numchild\": 0, \"creation_date\": \"2015-09-12T16:29:25.874Z\", \"changed_date\": \"2015-09-12T16:29:25.887Z\", \"path\": \"000400020002\"}, \"pk\": 20}]",
    "content_type": 6,
    "revision": 37,
    "object_id_int": 20,
    "object_id": "20",
    "object_repr": "20"
  },
  "model": "reversion.version",
  "pk": 500
},
{
  "fields": {
    "format": "json",
    "serialized_data": "[{\"model\": \"cms.cmsplugin\", \"fields\": {\"language\": \"es\", \"position\": 1, \"placeholder\": 8, \"plugin_type\": \"MultiColumnPlugin\", \"parent\": null, \"depth\": 1, \"numchild\": 2, \"creation_date\": \"2015-09-11T21:59:43.244Z\", \"changed_date\": \"2015-09-11T22:00:05.259Z\", \"path\": \"0004\"}, \"pk\": 4}]",
    "content_type": 6,
    "revision": 37,
    "object_id_int": 4,
    "object_id": "4",
    "object_repr": "4"
  },
  "model": "reversion.version",
  "pk": 501
},
{
  "fields": {
    "format": "json",
    "serialized_data": "[{\"model\": \"cms.cmsplugin\", \"fields\": {\"language\": \"es\", \"position\": 1, \"placeholder\": 8, \"plugin_type\": \"ColumnPlugin\", \"parent\": 4, \"depth\": 2, \"numchild\": 2, \"creation_date\": \"2015-09-11T22:00:05.337Z\", \"changed_date\": \"2015-09-11T22:02:58.149Z\", \"path\": \"00040002\"}, \"pk\": 6}]",
    "content_type": 6,
    "revision": 37,
    "object_id_int": 6,
    "object_id": "6",
    "object_repr": "6"
  },
  "model": "reversion.version",
  "pk": 502
},
{
  "fields": {
    "format": "json",
    "serialized_data": "[{\"model\": \"cms.cmsplugin\", \"fields\": {\"language\": \"es\", \"position\": 0, \"placeholder\": 8, \"plugin_type\": \"ColumnPlugin\", \"parent\": 4, \"depth\": 2, \"numchild\": 1, \"creation_date\": \"2015-09-11T22:00:05.278Z\", \"changed_date\": \"2015-09-11T22:00:05.309Z\", \"path\": \"00040001\"}, \"pk\": 5}]",
    "content_type": 6,
    "revision": 37,
    "object_id_int": 5,
    "object_id": "5",
    "object_repr": "5"
  },
  "model": "reversion.version",
  "pk": 503
},
{
  "fields": {
    "format": "json",
    "serialized_data": "[{\"model\": \"djangocms_column.column\", \"fields\": {\"width\": \"50%\"}, \"pk\": 5}]",
    "content_type": 22,
    "revision": 37,
    "object_id_int": 5,
    "object_id": "5",
    "object_repr": "50%"
  },
  "model": "reversion.version",
  "pk": 504
},
{
  "fields": {
    "format": "json",
    "serialized_data": "[{\"model\": \"cms.cmsplugin\", \"fields\": {\"language\": \"es\", \"position\": 0, \"placeholder\": 8, \"plugin_type\": \"StylePlugin\", \"parent\": 18, \"depth\": 4, \"numchild\": 0, \"creation_date\": \"2015-09-12T16:29:01.632Z\", \"changed_date\": \"2015-09-12T16:35:49.597Z\", \"path\": \"0004000200010001\"}, \"pk\": 19}]",
    "content_type": 6,
    "revision": 38,
    "object_id_int": 19,
    "object_id": "19",
    "object_repr": "19"
  },
  "model": "reversion.version",
  "pk": 505
},
{
  "fields": {
    "format": "json",
    "serialized_data": "[{\"model\": \"cms.cmsplugin\", \"fields\": {\"language\": \"es\", \"position\": 0, \"placeholder\": 8, \"plugin_type\": \"GoogleMapPlugin\", \"parent\": null, \"depth\": 1, \"numchild\": 0, \"creation_date\": \"2015-09-11T21:57:37.616Z\", \"changed_date\": \"2015-09-11T21:59:21.842Z\", \"path\": \"0003\"}, \"pk\": 3}]",
    "content_type": 6,
    "revision": 38,
    "object_id_int": 3,
    "object_id": "3",
    "object_repr": "3"
  },
  "model": "reversion.version",
  "pk": 506
},
{
  "fields": {
    "format": "json",
    "serialized_data": "[{\"model\": \"cms.title\", \"fields\": {\"menu_title\": \"CONTACTANOS\", \"slug\": \"contactanos\", \"page_title\": \"Contactanos\", \"published\": false, \"path\": \"contactanos\", \"has_url_overwrite\": false, \"page\": 5, \"redirect\": null, \"language\": \"es\", \"title\": \"Contactanos\", \"meta_description\": \"contactanos\", \"creation_date\": \"2015-09-11T21:33:08.455Z\"}, \"pk\": 5}]",
    "content_type": 10,
    "revision": 38,
    "object_id_int": 5,
    "object_id": "5",
    "object_repr": "Contactanos (contactanos, es)"
  },
  "model": "reversion.version",
  "pk": 507
},
{
  "fields": {
    "format": "json",
    "serialized_data": "[{\"model\": \"djangocms_googlemap.googlemap\", \"fields\": {\"scrollwheel\": true, \"draggable\": true, \"lng\": \"-64.154900\", \"route_planer\": false, \"address\": \"Cordoba\", \"street_view_control\": true, \"zoom_control\": true, \"content\": \"\", \"keyboard_shortcuts\": true, \"lat\": \"-31.396000\", \"title\": \"Mi casa\", \"zoom\": 13, \"double_click_zoom\": true, \"pan_control\": true, \"zipcode\": \"5000\", \"info_window\": true, \"city\": \"Cordoba\", \"height\": \"400px\", \"route_planer_title\": \"Calcular la manera m\\u00e1s r\\u00e1pida de ir\", \"width\": \"100%\"}, \"pk\": 3}]",
    "content_type": 26,
    "revision": 38,
    "object_id_int": 3,
    "object_id": "3",
    "object_repr": "Mi casa (Cordoba, 5000 Cordoba)"
  },
  "model": "reversion.version",
  "pk": 508
},
{
  "fields": {
    "format": "json",
    "serialized_data": "[{\"model\": \"djangocms_column.multicolumns\", \"fields\": {}, \"pk\": 4}]",
    "content_type": 23,
    "revision": 38,
    "object_id_int": 4,
    "object_id": "4",
    "object_repr": "2 columnas"
  },
  "model": "reversion.version",
  "pk": 509
},
{
  "fields": {
    "format": "json",
    "serialized_data": "[{\"model\": \"cms.page\", \"fields\": {\"limit_visibility_in_menu\": null, \"application_urls\": null, \"publication_date\": null, \"publication_end_date\": null, \"login_required\": false, \"application_namespace\": null, \"in_navigation\": true, \"revision_id\": 0, \"depth\": 1, \"parent\": null, \"soft_root\": false, \"created_by\": \"contextinformatic@gmail.com\", \"is_home\": false, \"changed_by\": \"contextinformatic@gmail.com\", \"changed_date\": \"2015-09-12T16:36:04.511Z\", \"site\": 1, \"xframe_options\": 0, \"placeholders\": [8], \"path\": \"0005\", \"languages\": \"es\", \"navigation_extenders\": null, \"numchild\": 0, \"reverse_id\": null, \"creation_date\": \"2015-09-11T21:33:08.036Z\", \"template\": \"INHERIT\"}, \"pk\": 5}]",
    "content_type": 2,
    "revision": 38,
    "object_id_int": 5,
    "object_id": "5",
    "object_repr": "CONTACTANOS"
  },
  "model": "reversion.version",
  "pk": 510
},
{
  "fields": {
    "format": "json",
    "serialized_data": "[{\"model\": \"djangocms_column.column\", \"fields\": {\"width\": \"50%\"}, \"pk\": 6}]",
    "content_type": 22,
    "revision": 38,
    "object_id_int": 6,
    "object_id": "6",
    "object_repr": "50%"
  },
  "model": "reversion.version",
  "pk": 511
},
{
  "fields": {
    "format": "json",
    "serialized_data": "[{\"model\": \"cmsplugin_contact_plus.contactplus\", \"fields\": {\"submit\": \"Enviar consulta\", \"email_subject\": \"testnubiquo@gmail.com\", \"title\": \"Contactanos\", \"thanks\": \"Gracias por contactarte con nosotros, te estaremos respondiendo a la brevedad.\", \"recipient_email\": \"contextinformatic@gmail.com\", \"template\": \"cmsplugin_contact_plus/contact.html\", \"collect_records\": true}, \"pk\": 7}]",
    "content_type": 62,
    "revision": 38,
    "object_id_int": 7,
    "object_id": "7",
    "object_repr": "Contactanos"
  },
  "model": "reversion.version",
  "pk": 512
},
{
  "fields": {
    "format": "json",
    "serialized_data": "[{\"model\": \"cms.placeholder\", \"fields\": {\"default_width\": null, \"slot\": \"content\"}, \"pk\": 8}]",
    "content_type": 1,
    "revision": 38,
    "object_id_int": 8,
    "object_id": "8",
    "object_repr": "content"
  },
  "model": "reversion.version",
  "pk": 513
},
{
  "fields": {
    "format": "json",
    "serialized_data": "[{\"model\": \"cms.cmsplugin\", \"fields\": {\"language\": \"es\", \"position\": 0, \"placeholder\": 8, \"plugin_type\": \"CMSContactPlusPlugin\", \"parent\": 5, \"depth\": 3, \"numchild\": 0, \"creation_date\": \"2015-09-11T22:00:20.065Z\", \"changed_date\": \"2015-09-12T16:25:18.265Z\", \"path\": \"000400010001\"}, \"pk\": 7}]",
    "content_type": 6,
    "revision": 38,
    "object_id_int": 7,
    "object_id": "7",
    "object_repr": "7"
  },
  "model": "reversion.version",
  "pk": 514
},
{
  "fields": {
    "format": "json",
    "serialized_data": "[{\"model\": \"djangocms_style.style\", \"fields\": {\"tag_type\": \"div\", \"margin_right\": null, \"margin_left\": null, \"padding_right\": null, \"padding_left\": null, \"padding_top\": null, \"margin_top\": null, \"margin_bottom\": null, \"additional_classes\": \"content-title\", \"class_name\": \"hint\", \"padding_bottom\": null}, \"pk\": 18}]",
    "content_type": 21,
    "revision": 38,
    "object_id_int": 18,
    "object_id": "18",
    "object_repr": "18"
  },
  "model": "reversion.version",
  "pk": 515
},
{
  "fields": {
    "format": "json",
    "serialized_data": "[{\"model\": \"cms.cmsplugin\", \"fields\": {\"language\": \"es\", \"position\": 0, \"placeholder\": 8, \"plugin_type\": \"StylePlugin\", \"parent\": 6, \"depth\": 3, \"numchild\": 1, \"creation_date\": \"2015-09-12T16:28:07.903Z\", \"changed_date\": \"2015-09-12T16:32:02.256Z\", \"path\": \"000400020001\"}, \"pk\": 18}]",
    "content_type": 6,
    "revision": 38,
    "object_id_int": 18,
    "object_id": "18",
    "object_repr": "18"
  },
  "model": "reversion.version",
  "pk": 516
},
{
  "fields": {
    "format": "json",
    "serialized_data": "[{\"model\": \"djangocms_style.style\", \"fields\": {\"tag_type\": \"div\", \"margin_right\": null, \"margin_left\": null, \"padding_right\": null, \"padding_left\": null, \"padding_top\": null, \"margin_top\": null, \"margin_bottom\": null, \"additional_classes\": \"title\", \"class_name\": \"info\", \"padding_bottom\": null}, \"pk\": 19}]",
    "content_type": 21,
    "revision": 38,
    "object_id_int": 19,
    "object_id": "19",
    "object_repr": "19"
  },
  "model": "reversion.version",
  "pk": 517
},
{
  "fields": {
    "format": "json",
    "serialized_data": "[{\"model\": \"cms.cmsplugin\", \"fields\": {\"language\": \"es\", \"position\": 1, \"placeholder\": 8, \"plugin_type\": \"MultiColumnPlugin\", \"parent\": null, \"depth\": 1, \"numchild\": 2, \"creation_date\": \"2015-09-11T21:59:43.244Z\", \"changed_date\": \"2015-09-11T22:00:05.259Z\", \"path\": \"0004\"}, \"pk\": 4}]",
    "content_type": 6,
    "revision": 38,
    "object_id_int": 4,
    "object_id": "4",
    "object_repr": "4"
  },
  "model": "reversion.version",
  "pk": 518
},
{
  "fields": {
    "format": "json",
    "serialized_data": "[{\"model\": \"cms.cmsplugin\", \"fields\": {\"language\": \"es\", \"position\": 1, \"placeholder\": 8, \"plugin_type\": \"ColumnPlugin\", \"parent\": 4, \"depth\": 2, \"numchild\": 1, \"creation_date\": \"2015-09-11T22:00:05.337Z\", \"changed_date\": \"2015-09-12T16:36:03.572Z\", \"path\": \"00040002\"}, \"pk\": 6}]",
    "content_type": 6,
    "revision": 38,
    "object_id_int": 6,
    "object_id": "6",
    "object_repr": "6"
  },
  "model": "reversion.version",
  "pk": 519
},
{
  "fields": {
    "format": "json",
    "serialized_data": "[{\"model\": \"cms.cmsplugin\", \"fields\": {\"language\": \"es\", \"position\": 0, \"placeholder\": 8, \"plugin_type\": \"ColumnPlugin\", \"parent\": 4, \"depth\": 2, \"numchild\": 1, \"creation_date\": \"2015-09-11T22:00:05.278Z\", \"changed_date\": \"2015-09-11T22:00:05.309Z\", \"path\": \"00040001\"}, \"pk\": 5}]",
    "content_type": 6,
    "revision": 38,
    "object_id_int": 5,
    "object_id": "5",
    "object_repr": "5"
  },
  "model": "reversion.version",
  "pk": 520
},
{
  "fields": {
    "format": "json",
    "serialized_data": "[{\"model\": \"djangocms_column.column\", \"fields\": {\"width\": \"50%\"}, \"pk\": 5}]",
    "content_type": 22,
    "revision": 38,
    "object_id_int": 5,
    "object_id": "5",
    "object_repr": "50%"
  },
  "model": "reversion.version",
  "pk": 521
},
{
  "fields": {
    "format": "json",
    "serialized_data": "[{\"model\": \"cms.title\", \"fields\": {\"menu_title\": \"PRODUCTOS\", \"slug\": \"productos\", \"page_title\": \"Productos\", \"published\": true, \"path\": \"productos\", \"has_url_overwrite\": true, \"page\": 3, \"redirect\": \"\", \"language\": \"es\", \"title\": \"Productos\", \"meta_description\": \"productos, articulos, remeras, estampados, \", \"creation_date\": \"2015-09-11T21:21:09.622Z\"}, \"pk\": 3}]",
    "content_type": 10,
    "revision": 39,
    "object_id_int": 3,
    "object_id": "3",
    "object_repr": "Productos (productos, es)"
  },
  "model": "reversion.version",
  "pk": 522
},
{
  "fields": {
    "format": "json",
    "serialized_data": "[{\"model\": \"cms.page\", \"fields\": {\"limit_visibility_in_menu\": null, \"application_urls\": \"ProductsApp\", \"publication_date\": \"2015-09-11T21:30:08.393Z\", \"publication_end_date\": null, \"login_required\": false, \"application_namespace\": null, \"in_navigation\": true, \"revision_id\": 0, \"depth\": 1, \"parent\": null, \"soft_root\": false, \"created_by\": \"contextinformatic@gmail.com\", \"is_home\": false, \"changed_by\": \"contextinformatic@gmail.com\", \"changed_date\": \"2015-09-12T17:57:57.007Z\", \"site\": 1, \"xframe_options\": 0, \"placeholders\": [4, 5], \"path\": \"0003\", \"languages\": \"es\", \"navigation_extenders\": \"\", \"numchild\": 0, \"reverse_id\": null, \"creation_date\": \"2015-09-11T21:21:09.448Z\", \"template\": \"page.html\"}, \"pk\": 3}]",
    "content_type": 2,
    "revision": 39,
    "object_id_int": 3,
    "object_id": "3",
    "object_repr": "PRODUCTOS"
  },
  "model": "reversion.version",
  "pk": 523
},
{
  "fields": {
    "format": "json",
    "serialized_data": "[{\"model\": \"cms.placeholder\", \"fields\": {\"default_width\": null, \"slot\": \"content\"}, \"pk\": 4}]",
    "content_type": 1,
    "revision": 39,
    "object_id_int": 4,
    "object_id": "4",
    "object_repr": "content"
  },
  "model": "reversion.version",
  "pk": 524
},
{
  "fields": {
    "format": "json",
    "serialized_data": "[{\"model\": \"cms.placeholder\", \"fields\": {\"default_width\": null, \"slot\": \"feature\"}, \"pk\": 5}]",
    "content_type": 1,
    "revision": 39,
    "object_id_int": 5,
    "object_id": "5",
    "object_repr": "feature"
  },
  "model": "reversion.version",
  "pk": 525
},
{
  "fields": {
    "format": "json",
    "serialized_data": "[{\"model\": \"cms.title\", \"fields\": {\"menu_title\": \"PRODUCTOS\", \"slug\": \"productos\", \"page_title\": \"Productos\", \"published\": true, \"path\": \"productos\", \"has_url_overwrite\": true, \"page\": 3, \"redirect\": \"\", \"language\": \"es\", \"title\": \"Productos\", \"meta_description\": \"productos, articulos, remeras, estampados, \", \"creation_date\": \"2015-09-11T21:21:09.622Z\"}, \"pk\": 3}]",
    "content_type": 10,
    "revision": 40,
    "object_id_int": 3,
    "object_id": "3",
    "object_repr": "Productos (productos, es)"
  },
  "model": "reversion.version",
  "pk": 526
},
{
  "fields": {
    "format": "json",
    "serialized_data": "[{\"model\": \"cms.page\", \"fields\": {\"limit_visibility_in_menu\": null, \"application_urls\": \"ProductsApp\", \"publication_date\": \"2015-09-11T21:30:08.393Z\", \"publication_end_date\": null, \"login_required\": false, \"application_namespace\": null, \"in_navigation\": true, \"revision_id\": 0, \"depth\": 1, \"parent\": null, \"soft_root\": false, \"created_by\": \"contextinformatic@gmail.com\", \"is_home\": false, \"changed_by\": \"contextinformatic@gmail.com\", \"changed_date\": \"2015-09-12T17:58:06.634Z\", \"site\": 1, \"xframe_options\": 0, \"placeholders\": [4, 5], \"path\": \"0003\", \"languages\": \"es\", \"navigation_extenders\": \"\", \"numchild\": 0, \"reverse_id\": null, \"creation_date\": \"2015-09-11T21:21:09.448Z\", \"template\": \"page.html\"}, \"pk\": 3}]",
    "content_type": 2,
    "revision": 40,
    "object_id_int": 3,
    "object_id": "3",
    "object_repr": "PRODUCTOS"
  },
  "model": "reversion.version",
  "pk": 527
},
{
  "fields": {
    "format": "json",
    "serialized_data": "[{\"model\": \"cms.placeholder\", \"fields\": {\"default_width\": null, \"slot\": \"content\"}, \"pk\": 4}]",
    "content_type": 1,
    "revision": 40,
    "object_id_int": 4,
    "object_id": "4",
    "object_repr": "content"
  },
  "model": "reversion.version",
  "pk": 528
},
{
  "fields": {
    "format": "json",
    "serialized_data": "[{\"model\": \"cms.placeholder\", \"fields\": {\"default_width\": null, \"slot\": \"feature\"}, \"pk\": 5}]",
    "content_type": 1,
    "revision": 40,
    "object_id_int": 5,
    "object_id": "5",
    "object_repr": "feature"
  },
  "model": "reversion.version",
  "pk": 529
},
{
  "fields": {
    "format": "json",
    "serialized_data": "[{\"model\": \"cms.title\", \"fields\": {\"menu_title\": \"PRODUCTOS\", \"slug\": \"productos\", \"page_title\": \"Productos\", \"published\": true, \"path\": \"productos\", \"has_url_overwrite\": true, \"page\": 3, \"redirect\": \"\", \"language\": \"es\", \"title\": \"Productos\", \"meta_description\": \"productos, articulos, remeras, estampados, \", \"creation_date\": \"2015-09-11T21:21:09.622Z\"}, \"pk\": 3}]",
    "content_type": 10,
    "revision": 41,
    "object_id_int": 3,
    "object_id": "3",
    "object_repr": "Productos (productos, es)"
  },
  "model": "reversion.version",
  "pk": 530
},
{
  "fields": {
    "format": "json",
    "serialized_data": "[{\"model\": \"cms.page\", \"fields\": {\"limit_visibility_in_menu\": null, \"application_urls\": \"ProductsApp\", \"publication_date\": \"2015-09-11T21:30:08.393Z\", \"publication_end_date\": null, \"login_required\": false, \"application_namespace\": null, \"in_navigation\": true, \"revision_id\": 0, \"depth\": 1, \"parent\": null, \"soft_root\": false, \"created_by\": \"contextinformatic@gmail.com\", \"is_home\": false, \"changed_by\": \"contextinformatic@gmail.com\", \"changed_date\": \"2015-09-12T17:59:00.492Z\", \"site\": 1, \"xframe_options\": 0, \"placeholders\": [4, 5], \"path\": \"0003\", \"languages\": \"es\", \"navigation_extenders\": \"\", \"numchild\": 0, \"reverse_id\": null, \"creation_date\": \"2015-09-11T21:21:09.448Z\", \"template\": \"feature.html\"}, \"pk\": 3}]",
    "content_type": 2,
    "revision": 41,
    "object_id_int": 3,
    "object_id": "3",
    "object_repr": "PRODUCTOS"
  },
  "model": "reversion.version",
  "pk": 531
},
{
  "fields": {
    "format": "json",
    "serialized_data": "[{\"model\": \"cms.placeholder\", \"fields\": {\"default_width\": null, \"slot\": \"content\"}, \"pk\": 4}]",
    "content_type": 1,
    "revision": 41,
    "object_id_int": 4,
    "object_id": "4",
    "object_repr": "content"
  },
  "model": "reversion.version",
  "pk": 532
},
{
  "fields": {
    "format": "json",
    "serialized_data": "[{\"model\": \"cms.placeholder\", \"fields\": {\"default_width\": null, \"slot\": \"feature\"}, \"pk\": 5}]",
    "content_type": 1,
    "revision": 41,
    "object_id_int": 5,
    "object_id": "5",
    "object_repr": "feature"
  },
  "model": "reversion.version",
  "pk": 533
},
{
  "fields": {
    "format": "json",
    "serialized_data": "[{\"model\": \"cms.title\", \"fields\": {\"menu_title\": \"PRODUCTOS\", \"slug\": \"productos\", \"page_title\": \"Productos\", \"published\": true, \"path\": \"productos\", \"has_url_overwrite\": true, \"page\": 3, \"redirect\": \"\", \"language\": \"es\", \"title\": \"Productos\", \"meta_description\": \"productos, articulos, remeras, estampados, \", \"creation_date\": \"2015-09-11T21:21:09.622Z\"}, \"pk\": 3}]",
    "content_type": 10,
    "revision": 42,
    "object_id_int": 3,
    "object_id": "3",
    "object_repr": "Productos (productos, es)"
  },
  "model": "reversion.version",
  "pk": 534
},
{
  "fields": {
    "format": "json",
    "serialized_data": "[{\"model\": \"cms.page\", \"fields\": {\"limit_visibility_in_menu\": null, \"application_urls\": \"ProductsApp\", \"publication_date\": \"2015-09-11T21:30:08.393Z\", \"publication_end_date\": null, \"login_required\": false, \"application_namespace\": null, \"in_navigation\": true, \"revision_id\": 0, \"depth\": 1, \"parent\": null, \"soft_root\": false, \"created_by\": \"contextinformatic@gmail.com\", \"is_home\": false, \"changed_by\": \"contextinformatic@gmail.com\", \"changed_date\": \"2015-09-12T17:59:47.107Z\", \"site\": 1, \"xframe_options\": 0, \"placeholders\": [4, 5], \"path\": \"0003\", \"languages\": \"es\", \"navigation_extenders\": \"\", \"numchild\": 0, \"reverse_id\": null, \"creation_date\": \"2015-09-11T21:21:09.448Z\", \"template\": \"INHERIT\"}, \"pk\": 3}]",
    "content_type": 2,
    "revision": 42,
    "object_id_int": 3,
    "object_id": "3",
    "object_repr": "PRODUCTOS"
  },
  "model": "reversion.version",
  "pk": 535
},
{
  "fields": {
    "format": "json",
    "serialized_data": "[{\"model\": \"cms.placeholder\", \"fields\": {\"default_width\": null, \"slot\": \"content\"}, \"pk\": 4}]",
    "content_type": 1,
    "revision": 42,
    "object_id_int": 4,
    "object_id": "4",
    "object_repr": "content"
  },
  "model": "reversion.version",
  "pk": 536
},
{
  "fields": {
    "format": "json",
    "serialized_data": "[{\"model\": \"cms.placeholder\", \"fields\": {\"default_width\": null, \"slot\": \"feature\"}, \"pk\": 5}]",
    "content_type": 1,
    "revision": 42,
    "object_id_int": 5,
    "object_id": "5",
    "object_repr": "feature"
  },
  "model": "reversion.version",
  "pk": 537
},
{
  "fields": {
    "format": "json",
    "serialized_data": "[{\"model\": \"cms.page\", \"fields\": {\"limit_visibility_in_menu\": null, \"application_urls\": null, \"publication_date\": \"2015-09-11T21:05:16.122Z\", \"publication_end_date\": null, \"login_required\": false, \"application_namespace\": null, \"in_navigation\": true, \"revision_id\": 0, \"depth\": 1, \"parent\": null, \"soft_root\": false, \"created_by\": \"contextinformatic@gmail.com\", \"is_home\": true, \"changed_by\": \"contextinformatic@gmail.com\", \"changed_date\": \"2015-09-12T18:02:02.183Z\", \"site\": 1, \"xframe_options\": 0, \"placeholders\": [2], \"path\": \"0001\", \"languages\": \"es\", \"navigation_extenders\": null, \"numchild\": 0, \"reverse_id\": null, \"creation_date\": \"2015-09-11T21:05:15.638Z\", \"template\": \"INHERIT\"}, \"pk\": 1}]",
    "content_type": 2,
    "revision": 43,
    "object_id_int": 1,
    "object_id": "1",
    "object_repr": "INICIO"
  },
  "model": "reversion.version",
  "pk": 538
},
{
  "fields": {
    "format": "json",
    "serialized_data": "[{\"model\": \"cms.placeholder\", \"fields\": {\"default_width\": null, \"slot\": \"content\"}, \"pk\": 2}]",
    "content_type": 1,
    "revision": 43,
    "object_id_int": 2,
    "object_id": "2",
    "object_repr": "content"
  },
  "model": "reversion.version",
  "pk": 539
},
{
  "fields": {
    "format": "json",
    "serialized_data": "[{\"model\": \"djangocms_column.multicolumns\", \"fields\": {}, \"pk\": 11}]",
    "content_type": 23,
    "revision": 43,
    "object_id_int": 11,
    "object_id": "11",
    "object_repr": "3 columnas"
  },
  "model": "reversion.version",
  "pk": 540
},
{
  "fields": {
    "format": "json",
    "serialized_data": "[{\"model\": \"cms.cmsplugin\", \"fields\": {\"language\": \"es\", \"position\": 0, \"placeholder\": 2, \"plugin_type\": \"CMSFeaturedProductPlugin\", \"parent\": null, \"depth\": 1, \"numchild\": 0, \"creation_date\": \"2015-09-11T21:27:32.565Z\", \"changed_date\": \"2015-09-11T21:27:52.054Z\", \"path\": \"0001\"}, \"pk\": 1}]",
    "content_type": 6,
    "revision": 43,
    "object_id_int": 1,
    "object_id": "1",
    "object_repr": "1"
  },
  "model": "reversion.version",
  "pk": 541
},
{
  "fields": {
    "format": "json",
    "serialized_data": "[{\"model\": \"pluggin_featured_product.featuredproductplugin\", \"fields\": {\"description\": \"Featured products\", \"title\": \"Featured\", \"query\": \"featured\", \"layout\": \"v\"}, \"pk\": 16}]",
    "content_type": 60,
    "revision": 43,
    "object_id_int": 16,
    "object_id": "16",
    "object_repr": "Featured"
  },
  "model": "reversion.version",
  "pk": 542
},
{
  "fields": {
    "format": "json",
    "serialized_data": "[{\"model\": \"pluggin_featured_product.featuredproductplugin\", \"fields\": {\"description\": \"Esta es la descripcion de los productos favoritos\", \"title\": \"Produtos Favoritos\", \"query\": \"favorite\", \"layout\": \"h\"}, \"pk\": 1}]",
    "content_type": 60,
    "revision": 43,
    "object_id_int": 1,
    "object_id": "1",
    "object_repr": "Produtos Favoritos"
  },
  "model": "reversion.version",
  "pk": 543
},
{
  "fields": {
    "format": "json",
    "serialized_data": "[{\"model\": \"djangocms_column.column\", \"fields\": {\"width\": \"33.33%\"}, \"pk\": 12}]",
    "content_type": 22,
    "revision": 43,
    "object_id_int": 12,
    "object_id": "12",
    "object_repr": "33%"
  },
  "model": "reversion.version",
  "pk": 544
},
{
  "fields": {
    "format": "json",
    "serialized_data": "[{\"model\": \"cms.cmsplugin\", \"fields\": {\"language\": \"es\", \"position\": 2, \"placeholder\": 2, \"plugin_type\": \"ColumnPlugin\", \"parent\": 11, \"depth\": 2, \"numchild\": 1, \"creation_date\": \"2015-09-12T15:13:11.796Z\", \"changed_date\": \"2015-09-12T15:13:11.864Z\", \"path\": \"00070003\"}, \"pk\": 14}]",
    "content_type": 6,
    "revision": 43,
    "object_id_int": 14,
    "object_id": "14",
    "object_repr": "14"
  },
  "model": "reversion.version",
  "pk": 545
},
{
  "fields": {
    "format": "json",
    "serialized_data": "[{\"model\": \"cms.cmsplugin\", \"fields\": {\"language\": \"es\", \"position\": 2, \"placeholder\": 2, \"plugin_type\": \"MultiColumnPlugin\", \"parent\": null, \"depth\": 1, \"numchild\": 3, \"creation_date\": \"2015-09-12T15:13:01.078Z\", \"changed_date\": \"2015-09-12T15:13:11.594Z\", \"path\": \"0007\"}, \"pk\": 11}]",
    "content_type": 6,
    "revision": 43,
    "object_id_int": 11,
    "object_id": "11",
    "object_repr": "11"
  },
  "model": "reversion.version",
  "pk": 546
},
{
  "fields": {
    "format": "json",
    "serialized_data": "[{\"model\": \"cms.cmsplugin\", \"fields\": {\"language\": \"es\", \"position\": 0, \"placeholder\": 2, \"plugin_type\": \"ColumnPlugin\", \"parent\": 11, \"depth\": 2, \"numchild\": 1, \"creation_date\": \"2015-09-12T15:13:11.619Z\", \"changed_date\": \"2015-09-12T15:13:11.674Z\", \"path\": \"00070001\"}, \"pk\": 12}]",
    "content_type": 6,
    "revision": 43,
    "object_id_int": 12,
    "object_id": "12",
    "object_repr": "12"
  },
  "model": "reversion.version",
  "pk": 547
},
{
  "fields": {
    "format": "json",
    "serialized_data": "[{\"model\": \"cms.cmsplugin\", \"fields\": {\"language\": \"es\", \"position\": 1, \"placeholder\": 2, \"plugin_type\": \"CMSFeaturedProductPlugin\", \"parent\": null, \"depth\": 1, \"numchild\": 0, \"creation_date\": \"2015-09-11T21:28:05.004Z\", \"changed_date\": \"2015-09-11T21:28:23.853Z\", \"path\": \"0002\"}, \"pk\": 2}]",
    "content_type": 6,
    "revision": 43,
    "object_id_int": 2,
    "object_id": "2",
    "object_repr": "2"
  },
  "model": "reversion.version",
  "pk": 548
},
{
  "fields": {
    "format": "json",
    "serialized_data": "[{\"model\": \"djangocms_column.column\", \"fields\": {\"width\": \"33.33%\"}, \"pk\": 14}]",
    "content_type": 22,
    "revision": 43,
    "object_id_int": 14,
    "object_id": "14",
    "object_repr": "33%"
  },
  "model": "reversion.version",
  "pk": 549
},
{
  "fields": {
    "format": "json",
    "serialized_data": "[{\"model\": \"pluggin_featured_product.featuredproductplugin\", \"fields\": {\"description\": \"Favorite products\", \"title\": \"Favorite\", \"query\": \"favorite\", \"layout\": \"v\"}, \"pk\": 15}]",
    "content_type": 60,
    "revision": 43,
    "object_id_int": 15,
    "object_id": "15",
    "object_repr": "Favorite"
  },
  "model": "reversion.version",
  "pk": 550
},
{
  "fields": {
    "format": "json",
    "serialized_data": "[{\"model\": \"cms.cmsplugin\", \"fields\": {\"language\": \"es\", \"position\": 0, \"placeholder\": 2, \"plugin_type\": \"CMSFeaturedProductPlugin\", \"parent\": 13, \"depth\": 3, \"numchild\": 0, \"creation_date\": \"2015-09-12T15:15:07.223Z\", \"changed_date\": \"2015-09-12T15:15:20.510Z\", \"path\": \"000700020001\"}, \"pk\": 16}]",
    "content_type": 6,
    "revision": 43,
    "object_id_int": 16,
    "object_id": "16",
    "object_repr": "16"
  },
  "model": "reversion.version",
  "pk": 551
},
{
  "fields": {
    "format": "json",
    "serialized_data": "[{\"model\": \"cms.cmsplugin\", \"fields\": {\"language\": \"es\", \"position\": 0, \"placeholder\": 2, \"plugin_type\": \"CMSFeaturedProductPlugin\", \"parent\": 14, \"depth\": 3, \"numchild\": 0, \"creation_date\": \"2015-09-12T15:15:37.438Z\", \"changed_date\": \"2015-09-12T15:15:53.082Z\", \"path\": \"000700030001\"}, \"pk\": 17}]",
    "content_type": 6,
    "revision": 43,
    "object_id_int": 17,
    "object_id": "17",
    "object_repr": "17"
  },
  "model": "reversion.version",
  "pk": 552
},
{
  "fields": {
    "format": "json",
    "serialized_data": "[{\"model\": \"djangocms_column.column\", \"fields\": {\"width\": \"33.33%\"}, \"pk\": 13}]",
    "content_type": 22,
    "revision": 43,
    "object_id_int": 13,
    "object_id": "13",
    "object_repr": "33%"
  },
  "model": "reversion.version",
  "pk": 553
},
{
  "fields": {
    "format": "json",
    "serialized_data": "[{\"model\": \"cms.title\", \"fields\": {\"menu_title\": \"INICIO\", \"slug\": \"home\", \"page_title\": \"Inicio\", \"published\": true, \"path\": \"\", \"has_url_overwrite\": false, \"page\": 1, \"redirect\": null, \"language\": \"es\", \"title\": \"Home\", \"meta_description\": \"productos, articulos, compra, venta\", \"creation_date\": \"2015-09-11T21:05:15.886Z\"}, \"pk\": 1}]",
    "content_type": 10,
    "revision": 43,
    "object_id_int": 1,
    "object_id": "1",
    "object_repr": "Home (home, es)"
  },
  "model": "reversion.version",
  "pk": 554
},
{
  "fields": {
    "format": "json",
    "serialized_data": "[{\"model\": \"pluggin_featured_product.featuredproductplugin\", \"fields\": {\"description\": \"Best seller product\", \"title\": \"Seller\", \"query\": \"seller\", \"layout\": \"v\"}, \"pk\": 17}]",
    "content_type": 60,
    "revision": 43,
    "object_id_int": 17,
    "object_id": "17",
    "object_repr": "Seller"
  },
  "model": "reversion.version",
  "pk": 555
},
{
  "fields": {
    "format": "json",
    "serialized_data": "[{\"model\": \"pluggin_featured_product.featuredproductplugin\", \"fields\": {\"description\": \"Estos son los productos destacados\", \"title\": \"Productos destacados\", \"query\": \"featured\", \"layout\": \"h\"}, \"pk\": 2}]",
    "content_type": 60,
    "revision": 43,
    "object_id_int": 2,
    "object_id": "2",
    "object_repr": "Productos destacados"
  },
  "model": "reversion.version",
  "pk": 556
},
{
  "fields": {
    "format": "json",
    "serialized_data": "[{\"model\": \"cms.cmsplugin\", \"fields\": {\"language\": \"es\", \"position\": 0, \"placeholder\": 2, \"plugin_type\": \"CMSFeaturedProductPlugin\", \"parent\": 12, \"depth\": 3, \"numchild\": 0, \"creation_date\": \"2015-09-12T15:13:29.314Z\", \"changed_date\": \"2015-09-12T15:13:45.307Z\", \"path\": \"000700010001\"}, \"pk\": 15}]",
    "content_type": 6,
    "revision": 43,
    "object_id_int": 15,
    "object_id": "15",
    "object_repr": "15"
  },
  "model": "reversion.version",
  "pk": 557
},
{
  "fields": {
    "format": "json",
    "serialized_data": "[{\"model\": \"cms.cmsplugin\", \"fields\": {\"language\": \"es\", \"position\": 1, \"placeholder\": 2, \"plugin_type\": \"ColumnPlugin\", \"parent\": 11, \"depth\": 2, \"numchild\": 1, \"creation_date\": \"2015-09-12T15:13:11.711Z\", \"changed_date\": \"2015-09-12T15:13:11.765Z\", \"path\": \"00070002\"}, \"pk\": 13}]",
    "content_type": 6,
    "revision": 43,
    "object_id_int": 13,
    "object_id": "13",
    "object_repr": "13"
  },
  "model": "reversion.version",
  "pk": 558
},
{
  "fields": {
    "format": "json",
    "serialized_data": "[{\"model\": \"cms.cmsplugin\", \"fields\": {\"path\": \"0004000200010001\", \"placeholder\": 8, \"language\": \"es\", \"position\": 0, \"numchild\": 0, \"depth\": 4, \"changed_date\": \"2015-09-12T16:35:49.597Z\", \"parent\": 18, \"plugin_type\": \"StylePlugin\", \"creation_date\": \"2015-09-12T16:29:01.632Z\"}, \"pk\": 19}]",
    "content_type": 6,
    "revision": 44,
    "object_id_int": 19,
    "object_id": "19",
    "object_repr": "19"
  },
  "model": "reversion.version",
  "pk": 559
},
{
  "fields": {
    "format": "json",
    "serialized_data": "[{\"model\": \"cms.cmsplugin\", \"fields\": {\"path\": \"0003\", \"placeholder\": 8, \"language\": \"es\", \"position\": 0, \"numchild\": 0, \"depth\": 1, \"changed_date\": \"2015-09-11T21:59:21.842Z\", \"parent\": null, \"plugin_type\": \"GoogleMapPlugin\", \"creation_date\": \"2015-09-11T21:57:37.616Z\"}, \"pk\": 3}]",
    "content_type": 6,
    "revision": 44,
    "object_id_int": 3,
    "object_id": "3",
    "object_repr": "3"
  },
  "model": "reversion.version",
  "pk": 560
},
{
  "fields": {
    "format": "json",
    "serialized_data": "[{\"model\": \"cms.cmsplugin\", \"fields\": {\"path\": \"000C\", \"placeholder\": 8, \"language\": \"es\", \"position\": 7, \"numchild\": 0, \"depth\": 1, \"changed_date\": \"2015-09-12T19:13:31.931Z\", \"parent\": null, \"plugin_type\": \"FilePlugin\", \"creation_date\": \"2015-09-12T19:13:31.923Z\"}, \"pk\": 34}]",
    "content_type": 6,
    "revision": 44,
    "object_id_int": 34,
    "object_id": "34",
    "object_repr": "34"
  },
  "model": "reversion.version",
  "pk": 561
},
{
  "fields": {
    "format": "json",
    "serialized_data": "[{\"model\": \"djangocms_googlemap.googlemap\", \"fields\": {\"draggable\": true, \"title\": \"Mi casa\", \"zoom\": 13, \"double_click_zoom\": true, \"street_view_control\": true, \"pan_control\": true, \"lat\": \"-31.396000\", \"scrollwheel\": true, \"lng\": \"-64.154900\", \"route_planer_title\": \"Calcular la manera m\\u00e1s r\\u00e1pida de ir\", \"zipcode\": \"5000\", \"route_planer\": false, \"width\": \"100%\", \"city\": \"Cordoba\", \"address\": \"Cordoba\", \"height\": \"400px\", \"zoom_control\": true, \"keyboard_shortcuts\": true, \"info_window\": true, \"content\": \"\"}, \"pk\": 3}]",
    "content_type": 26,
    "revision": 44,
    "object_id_int": 3,
    "object_id": "3",
    "object_repr": "Mi casa (Cordoba, 5000 Cordoba)"
  },
  "model": "reversion.version",
  "pk": 562
},
{
  "fields": {
    "format": "json",
    "serialized_data": "[{\"model\": \"djangocms_column.multicolumns\", \"fields\": {}, \"pk\": 4}]",
    "content_type": 23,
    "revision": 44,
    "object_id_int": 4,
    "object_id": "4",
    "object_repr": "2 columnas"
  },
  "model": "reversion.version",
  "pk": 563
},
{
  "fields": {
    "format": "json",
    "serialized_data": "[{\"model\": \"cms.page\", \"fields\": {\"template\": \"INHERIT\", \"application_namespace\": null, \"changed_date\": \"2015-09-12T16:36:04.998Z\", \"changed_by\": \"contextinformatic@gmail.com\", \"xframe_options\": 0, \"placeholders\": [8], \"publication_date\": null, \"in_navigation\": true, \"is_home\": false, \"site\": 1, \"created_by\": \"contextinformatic@gmail.com\", \"creation_date\": \"2015-09-11T21:33:08.036Z\", \"reverse_id\": null, \"languages\": \"es\", \"soft_root\": false, \"revision_id\": 0, \"numchild\": 0, \"parent\": null, \"limit_visibility_in_menu\": null, \"path\": \"0005\", \"login_required\": false, \"depth\": 1, \"application_urls\": null, \"navigation_extenders\": null, \"publication_end_date\": null}, \"pk\": 5}]",
    "content_type": 2,
    "revision": 44,
    "object_id_int": 5,
    "object_id": "5",
    "object_repr": "CONTACTANOS"
  },
  "model": "reversion.version",
  "pk": 564
},
{
  "fields": {
    "format": "json",
    "serialized_data": "[{\"model\": \"djangocms_column.column\", \"fields\": {\"width\": \"50%\"}, \"pk\": 6}]",
    "content_type": 22,
    "revision": 44,
    "object_id_int": 6,
    "object_id": "6",
    "object_repr": "50%"
  },
  "model": "reversion.version",
  "pk": 565
},
{
  "fields": {
    "format": "json",
    "serialized_data": "[{\"model\": \"cmsplugin_contact_plus.contactplus\", \"fields\": {\"title\": \"Contactanos\", \"collect_records\": true, \"email_subject\": \"testnubiquo@gmail.com\", \"template\": \"cmsplugin_contact_plus/contact.html\", \"submit\": \"Enviar consulta\", \"recipient_email\": \"contextinformatic@gmail.com\", \"thanks\": \"Gracias por contactarte con nosotros, te estaremos respondiendo a la brevedad.\"}, \"pk\": 7}]",
    "content_type": 62,
    "revision": 44,
    "object_id_int": 7,
    "object_id": "7",
    "object_repr": "Contactanos"
  },
  "model": "reversion.version",
  "pk": 566
},
{
  "fields": {
    "format": "json",
    "serialized_data": "[{\"model\": \"cms.placeholder\", \"fields\": {\"default_width\": null, \"slot\": \"content\"}, \"pk\": 8}]",
    "content_type": 1,
    "revision": 44,
    "object_id_int": 8,
    "object_id": "8",
    "object_repr": "content"
  },
  "model": "reversion.version",
  "pk": 567
},
{
  "fields": {
    "format": "json",
    "serialized_data": "[{\"model\": \"cms.cmsplugin\", \"fields\": {\"path\": \"000400010001\", \"placeholder\": 8, \"language\": \"es\", \"position\": 0, \"numchild\": 0, \"depth\": 3, \"changed_date\": \"2015-09-12T16:25:18.265Z\", \"parent\": 5, \"plugin_type\": \"CMSContactPlusPlugin\", \"creation_date\": \"2015-09-11T22:00:20.065Z\"}, \"pk\": 7}]",
    "content_type": 6,
    "revision": 44,
    "object_id_int": 7,
    "object_id": "7",
    "object_repr": "7"
  },
  "model": "reversion.version",
  "pk": 568
},
{
  "fields": {
    "format": "json",
    "serialized_data": "[{\"model\": \"djangocms_style.style\", \"fields\": {\"margin_left\": null, \"class_name\": \"hint\", \"padding_top\": null, \"tag_type\": \"div\", \"additional_classes\": \"content-title\", \"padding_bottom\": null, \"margin_top\": null, \"padding_right\": null, \"margin_bottom\": null, \"margin_right\": null, \"padding_left\": null}, \"pk\": 18}]",
    "content_type": 21,
    "revision": 44,
    "object_id_int": 18,
    "object_id": "18",
    "object_repr": "18"
  },
  "model": "reversion.version",
  "pk": 569
},
{
  "fields": {
    "format": "json",
    "serialized_data": "[{\"model\": \"cms.cmsplugin\", \"fields\": {\"path\": \"000400020001\", \"placeholder\": 8, \"language\": \"es\", \"position\": 0, \"numchild\": 1, \"depth\": 3, \"changed_date\": \"2015-09-12T16:32:02.256Z\", \"parent\": 6, \"plugin_type\": \"StylePlugin\", \"creation_date\": \"2015-09-12T16:28:07.903Z\"}, \"pk\": 18}]",
    "content_type": 6,
    "revision": 44,
    "object_id_int": 18,
    "object_id": "18",
    "object_repr": "18"
  },
  "model": "reversion.version",
  "pk": 570
},
{
  "fields": {
    "format": "json",
    "serialized_data": "[{\"model\": \"djangocms_style.style\", \"fields\": {\"margin_left\": null, \"class_name\": \"info\", \"padding_top\": null, \"tag_type\": \"div\", \"additional_classes\": \"title\", \"padding_bottom\": null, \"margin_top\": null, \"padding_right\": null, \"margin_bottom\": null, \"margin_right\": null, \"padding_left\": null}, \"pk\": 19}]",
    "content_type": 21,
    "revision": 44,
    "object_id_int": 19,
    "object_id": "19",
    "object_repr": "19"
  },
  "model": "reversion.version",
  "pk": 571
},
{
  "fields": {
    "format": "json",
    "serialized_data": "[{\"model\": \"cms.title\", \"fields\": {\"title\": \"Contactanos\", \"published\": false, \"language\": \"es\", \"meta_description\": \"contactanos\", \"page_title\": \"Contactanos\", \"page\": 5, \"has_url_overwrite\": false, \"redirect\": null, \"path\": \"contactanos\", \"slug\": \"contactanos\", \"menu_title\": \"CONTACTANOS\", \"creation_date\": \"2015-09-11T21:33:08.455Z\"}, \"pk\": 5}]",
    "content_type": 10,
    "revision": 44,
    "object_id_int": 5,
    "object_id": "5",
    "object_repr": "Contactanos (contactanos, es)"
  },
  "model": "reversion.version",
  "pk": 572
},
{
  "fields": {
    "format": "json",
    "serialized_data": "[{\"model\": \"cms.cmsplugin\", \"fields\": {\"path\": \"0004\", \"placeholder\": 8, \"language\": \"es\", \"position\": 1, \"numchild\": 2, \"depth\": 1, \"changed_date\": \"2015-09-11T22:00:05.259Z\", \"parent\": null, \"plugin_type\": \"MultiColumnPlugin\", \"creation_date\": \"2015-09-11T21:59:43.244Z\"}, \"pk\": 4}]",
    "content_type": 6,
    "revision": 44,
    "object_id_int": 4,
    "object_id": "4",
    "object_repr": "4"
  },
  "model": "reversion.version",
  "pk": 573
},
{
  "fields": {
    "format": "json",
    "serialized_data": "[{\"model\": \"cms.cmsplugin\", \"fields\": {\"path\": \"00040002\", \"placeholder\": 8, \"language\": \"es\", \"position\": 1, \"numchild\": 1, \"depth\": 2, \"changed_date\": \"2015-09-12T16:36:03.572Z\", \"parent\": 4, \"plugin_type\": \"ColumnPlugin\", \"creation_date\": \"2015-09-11T22:00:05.337Z\"}, \"pk\": 6}]",
    "content_type": 6,
    "revision": 44,
    "object_id_int": 6,
    "object_id": "6",
    "object_repr": "6"
  },
  "model": "reversion.version",
  "pk": 574
},
{
  "fields": {
    "format": "json",
    "serialized_data": "[{\"model\": \"cms.cmsplugin\", \"fields\": {\"path\": \"00040001\", \"placeholder\": 8, \"language\": \"es\", \"position\": 0, \"numchild\": 1, \"depth\": 2, \"changed_date\": \"2015-09-11T22:00:05.309Z\", \"parent\": 4, \"plugin_type\": \"ColumnPlugin\", \"creation_date\": \"2015-09-11T22:00:05.278Z\"}, \"pk\": 5}]",
    "content_type": 6,
    "revision": 44,
    "object_id_int": 5,
    "object_id": "5",
    "object_repr": "5"
  },
  "model": "reversion.version",
  "pk": 575
},
{
  "fields": {
    "format": "json",
    "serialized_data": "[{\"model\": \"djangocms_column.column\", \"fields\": {\"width\": \"50%\"}, \"pk\": 5}]",
    "content_type": 22,
    "revision": 44,
    "object_id_int": 5,
    "object_id": "5",
    "object_repr": "50%"
  },
  "model": "reversion.version",
  "pk": 576
},
{
  "fields": {
    "format": "json",
    "serialized_data": "[{\"model\": \"cms.cmsplugin\", \"fields\": {\"path\": \"0004000200010001\", \"placeholder\": 8, \"language\": \"es\", \"position\": 0, \"numchild\": 0, \"depth\": 4, \"changed_date\": \"2015-09-12T16:35:49.597Z\", \"parent\": 18, \"plugin_type\": \"StylePlugin\", \"creation_date\": \"2015-09-12T16:29:01.632Z\"}, \"pk\": 19}]",
    "content_type": 6,
    "revision": 45,
    "object_id_int": 19,
    "object_id": "19",
    "object_repr": "19"
  },
  "model": "reversion.version",
  "pk": 577
},
{
  "fields": {
    "format": "json",
    "serialized_data": "[{\"model\": \"cms.cmsplugin\", \"fields\": {\"path\": \"0003\", \"placeholder\": 8, \"language\": \"es\", \"position\": 0, \"numchild\": 0, \"depth\": 1, \"changed_date\": \"2015-09-11T21:59:21.842Z\", \"parent\": null, \"plugin_type\": \"GoogleMapPlugin\", \"creation_date\": \"2015-09-11T21:57:37.616Z\"}, \"pk\": 3}]",
    "content_type": 6,
    "revision": 45,
    "object_id_int": 3,
    "object_id": "3",
    "object_repr": "3"
  },
  "model": "reversion.version",
  "pk": 578
},
{
  "fields": {
    "format": "json",
    "serialized_data": "[{\"model\": \"cms.title\", \"fields\": {\"title\": \"Contactanos\", \"published\": false, \"language\": \"es\", \"meta_description\": \"contactanos\", \"page_title\": \"Contactanos\", \"page\": 5, \"has_url_overwrite\": false, \"redirect\": null, \"path\": \"contactanos\", \"slug\": \"contactanos\", \"menu_title\": \"CONTACTANOS\", \"creation_date\": \"2015-09-11T21:33:08.455Z\"}, \"pk\": 5}]",
    "content_type": 10,
    "revision": 45,
    "object_id_int": 5,
    "object_id": "5",
    "object_repr": "Contactanos (contactanos, es)"
  },
  "model": "reversion.version",
  "pk": 579
},
{
  "fields": {
    "format": "json",
    "serialized_data": "[{\"model\": \"djangocms_googlemap.googlemap\", \"fields\": {\"draggable\": true, \"title\": \"Mi casa\", \"zoom\": 13, \"double_click_zoom\": true, \"street_view_control\": true, \"pan_control\": true, \"lat\": \"-31.396000\", \"scrollwheel\": true, \"lng\": \"-64.154900\", \"route_planer_title\": \"Calcular la manera m\\u00e1s r\\u00e1pida de ir\", \"zipcode\": \"5000\", \"route_planer\": false, \"width\": \"100%\", \"city\": \"Cordoba\", \"address\": \"Cordoba\", \"height\": \"400px\", \"zoom_control\": true, \"keyboard_shortcuts\": true, \"info_window\": true, \"content\": \"\"}, \"pk\": 3}]",
    "content_type": 26,
    "revision": 45,
    "object_id_int": 3,
    "object_id": "3",
    "object_repr": "Mi casa (Cordoba, 5000 Cordoba)"
  },
  "model": "reversion.version",
  "pk": 580
},
{
  "fields": {
    "format": "json",
    "serialized_data": "[{\"model\": \"djangocms_column.multicolumns\", \"fields\": {}, \"pk\": 4}]",
    "content_type": 23,
    "revision": 45,
    "object_id_int": 4,
    "object_id": "4",
    "object_repr": "2 columnas"
  },
  "model": "reversion.version",
  "pk": 581
},
{
  "fields": {
    "format": "json",
    "serialized_data": "[{\"model\": \"cms.page\", \"fields\": {\"template\": \"INHERIT\", \"application_namespace\": null, \"changed_date\": \"2015-09-12T19:13:39.356Z\", \"changed_by\": \"contextinformatic@gmail.com\", \"xframe_options\": 0, \"placeholders\": [8], \"publication_date\": null, \"in_navigation\": true, \"is_home\": false, \"site\": 1, \"created_by\": \"contextinformatic@gmail.com\", \"creation_date\": \"2015-09-11T21:33:08.036Z\", \"reverse_id\": null, \"languages\": \"es\", \"soft_root\": false, \"revision_id\": 0, \"numchild\": 0, \"parent\": null, \"limit_visibility_in_menu\": null, \"path\": \"0005\", \"login_required\": false, \"depth\": 1, \"application_urls\": null, \"navigation_extenders\": null, \"publication_end_date\": null}, \"pk\": 5}]",
    "content_type": 2,
    "revision": 45,
    "object_id_int": 5,
    "object_id": "5",
    "object_repr": "CONTACTANOS"
  },
  "model": "reversion.version",
  "pk": 582
},
{
  "fields": {
    "format": "json",
    "serialized_data": "[{\"model\": \"djangocms_column.column\", \"fields\": {\"width\": \"50%\"}, \"pk\": 6}]",
    "content_type": 22,
    "revision": 45,
    "object_id_int": 6,
    "object_id": "6",
    "object_repr": "50%"
  },
  "model": "reversion.version",
  "pk": 583
},
{
  "fields": {
    "format": "json",
    "serialized_data": "[{\"model\": \"cmsplugin_contact_plus.contactplus\", \"fields\": {\"title\": \"Contactanos\", \"collect_records\": true, \"email_subject\": \"testnubiquo@gmail.com\", \"template\": \"cmsplugin_contact_plus/contact.html\", \"submit\": \"Enviar consulta\", \"recipient_email\": \"contextinformatic@gmail.com\", \"thanks\": \"Gracias por contactarte con nosotros, te estaremos respondiendo a la brevedad.\"}, \"pk\": 7}]",
    "content_type": 62,
    "revision": 45,
    "object_id_int": 7,
    "object_id": "7",
    "object_repr": "Contactanos"
  },
  "model": "reversion.version",
  "pk": 584
},
{
  "fields": {
    "format": "json",
    "serialized_data": "[{\"model\": \"cms.placeholder\", \"fields\": {\"default_width\": null, \"slot\": \"content\"}, \"pk\": 8}]",
    "content_type": 1,
    "revision": 45,
    "object_id_int": 8,
    "object_id": "8",
    "object_repr": "content"
  },
  "model": "reversion.version",
  "pk": 585
},
{
  "fields": {
    "format": "json",
    "serialized_data": "[{\"model\": \"cms.cmsplugin\", \"fields\": {\"path\": \"000400010001\", \"placeholder\": 8, \"language\": \"es\", \"position\": 0, \"numchild\": 0, \"depth\": 3, \"changed_date\": \"2015-09-12T16:25:18.265Z\", \"parent\": 5, \"plugin_type\": \"CMSContactPlusPlugin\", \"creation_date\": \"2015-09-11T22:00:20.065Z\"}, \"pk\": 7}]",
    "content_type": 6,
    "revision": 45,
    "object_id_int": 7,
    "object_id": "7",
    "object_repr": "7"
  },
  "model": "reversion.version",
  "pk": 586
},
{
  "fields": {
    "format": "json",
    "serialized_data": "[{\"model\": \"djangocms_style.style\", \"fields\": {\"margin_left\": null, \"class_name\": \"hint\", \"padding_top\": null, \"tag_type\": \"div\", \"additional_classes\": \"content-title\", \"padding_bottom\": null, \"margin_top\": null, \"padding_right\": null, \"margin_bottom\": null, \"margin_right\": null, \"padding_left\": null}, \"pk\": 18}]",
    "content_type": 21,
    "revision": 45,
    "object_id_int": 18,
    "object_id": "18",
    "object_repr": "18"
  },
  "model": "reversion.version",
  "pk": 587
},
{
  "fields": {
    "format": "json",
    "serialized_data": "[{\"model\": \"cms.cmsplugin\", \"fields\": {\"path\": \"000400020001\", \"placeholder\": 8, \"language\": \"es\", \"position\": 0, \"numchild\": 1, \"depth\": 3, \"changed_date\": \"2015-09-12T16:32:02.256Z\", \"parent\": 6, \"plugin_type\": \"StylePlugin\", \"creation_date\": \"2015-09-12T16:28:07.903Z\"}, \"pk\": 18}]",
    "content_type": 6,
    "revision": 45,
    "object_id_int": 18,
    "object_id": "18",
    "object_repr": "18"
  },
  "model": "reversion.version",
  "pk": 588
},
{
  "fields": {
    "format": "json",
    "serialized_data": "[{\"model\": \"djangocms_style.style\", \"fields\": {\"margin_left\": null, \"class_name\": \"info\", \"padding_top\": null, \"tag_type\": \"div\", \"additional_classes\": \"title\", \"padding_bottom\": null, \"margin_top\": null, \"padding_right\": null, \"margin_bottom\": null, \"margin_right\": null, \"padding_left\": null}, \"pk\": 19}]",
    "content_type": 21,
    "revision": 45,
    "object_id_int": 19,
    "object_id": "19",
    "object_repr": "19"
  },
  "model": "reversion.version",
  "pk": 589
},
{
  "fields": {
    "format": "json",
    "serialized_data": "[{\"model\": \"cms.cmsplugin\", \"fields\": {\"path\": \"0004\", \"placeholder\": 8, \"language\": \"es\", \"position\": 1, \"numchild\": 2, \"depth\": 1, \"changed_date\": \"2015-09-11T22:00:05.259Z\", \"parent\": null, \"plugin_type\": \"MultiColumnPlugin\", \"creation_date\": \"2015-09-11T21:59:43.244Z\"}, \"pk\": 4}]",
    "content_type": 6,
    "revision": 45,
    "object_id_int": 4,
    "object_id": "4",
    "object_repr": "4"
  },
  "model": "reversion.version",
  "pk": 590
},
{
  "fields": {
    "format": "json",
    "serialized_data": "[{\"model\": \"cms.cmsplugin\", \"fields\": {\"path\": \"00040002\", \"placeholder\": 8, \"language\": \"es\", \"position\": 1, \"numchild\": 1, \"depth\": 2, \"changed_date\": \"2015-09-12T16:36:03.572Z\", \"parent\": 4, \"plugin_type\": \"ColumnPlugin\", \"creation_date\": \"2015-09-11T22:00:05.337Z\"}, \"pk\": 6}]",
    "content_type": 6,
    "revision": 45,
    "object_id_int": 6,
    "object_id": "6",
    "object_repr": "6"
  },
  "model": "reversion.version",
  "pk": 591
},
{
  "fields": {
    "format": "json",
    "serialized_data": "[{\"model\": \"cms.cmsplugin\", \"fields\": {\"path\": \"00040001\", \"placeholder\": 8, \"language\": \"es\", \"position\": 0, \"numchild\": 1, \"depth\": 2, \"changed_date\": \"2015-09-11T22:00:05.309Z\", \"parent\": 4, \"plugin_type\": \"ColumnPlugin\", \"creation_date\": \"2015-09-11T22:00:05.278Z\"}, \"pk\": 5}]",
    "content_type": 6,
    "revision": 45,
    "object_id_int": 5,
    "object_id": "5",
    "object_repr": "5"
  },
  "model": "reversion.version",
  "pk": 592
},
{
  "fields": {
    "format": "json",
    "serialized_data": "[{\"model\": \"djangocms_column.column\", \"fields\": {\"width\": \"50%\"}, \"pk\": 5}]",
    "content_type": 22,
    "revision": 45,
    "object_id_int": 5,
    "object_id": "5",
    "object_repr": "50%"
  },
  "model": "reversion.version",
  "pk": 593
},
{
  "fields": {
    "format": "json",
    "serialized_data": "[{\"model\": \"cms.cmsplugin\", \"fields\": {\"path\": \"0004000200010001\", \"placeholder\": 8, \"language\": \"es\", \"position\": 0, \"numchild\": 0, \"depth\": 4, \"changed_date\": \"2015-09-12T16:35:49.597Z\", \"parent\": 18, \"plugin_type\": \"StylePlugin\", \"creation_date\": \"2015-09-12T16:29:01.632Z\"}, \"pk\": 19}]",
    "content_type": 6,
    "revision": 46,
    "object_id_int": 19,
    "object_id": "19",
    "object_repr": "19"
  },
  "model": "reversion.version",
  "pk": 594
},
{
  "fields": {
    "format": "json",
    "serialized_data": "[{\"model\": \"djangocms_googlemap.googlemap\", \"fields\": {\"draggable\": true, \"title\": \"Mi casa\", \"zoom\": 13, \"double_click_zoom\": true, \"street_view_control\": true, \"pan_control\": true, \"lat\": \"-31.396000\", \"scrollwheel\": true, \"lng\": \"-64.154900\", \"route_planer_title\": \"Calcular la manera m\\u00e1s r\\u00e1pida de ir\", \"zipcode\": \"5000\", \"route_planer\": false, \"width\": \"100%\", \"city\": \"Cordoba\", \"address\": \"Cordoba\", \"height\": \"400px\", \"zoom_control\": true, \"keyboard_shortcuts\": true, \"info_window\": true, \"content\": \"\"}, \"pk\": 3}]",
    "content_type": 26,
    "revision": 46,
    "object_id_int": 3,
    "object_id": "3",
    "object_repr": "Mi casa (Cordoba, 5000 Cordoba)"
  },
  "model": "reversion.version",
  "pk": 595
},
{
  "fields": {
    "format": "json",
    "serialized_data": "[{\"model\": \"cms.cmsplugin\", \"fields\": {\"path\": \"00040001\", \"placeholder\": 8, \"language\": \"es\", \"position\": 0, \"numchild\": 1, \"depth\": 2, \"changed_date\": \"2015-09-11T22:00:05.309Z\", \"parent\": 4, \"plugin_type\": \"ColumnPlugin\", \"creation_date\": \"2015-09-11T22:00:05.278Z\"}, \"pk\": 5}]",
    "content_type": 6,
    "revision": 46,
    "object_id_int": 5,
    "object_id": "5",
    "object_repr": "5"
  },
  "model": "reversion.version",
  "pk": 596
},
{
  "fields": {
    "format": "json",
    "serialized_data": "[{\"model\": \"cms.cmsplugin\", \"fields\": {\"path\": \"000C\", \"placeholder\": 8, \"language\": \"es\", \"position\": 7, \"numchild\": 0, \"depth\": 1, \"changed_date\": \"2015-09-12T19:13:46.617Z\", \"parent\": null, \"plugin_type\": \"TeaserPlugin\", \"creation_date\": \"2015-09-12T19:13:46.610Z\"}, \"pk\": 35}]",
    "content_type": 6,
    "revision": 46,
    "object_id_int": 35,
    "object_id": "35",
    "object_repr": "35"
  },
  "model": "reversion.version",
  "pk": 597
},
{
  "fields": {
    "format": "json",
    "serialized_data": "[{\"model\": \"djangocms_column.multicolumns\", \"fields\": {}, \"pk\": 4}]",
    "content_type": 23,
    "revision": 46,
    "object_id_int": 4,
    "object_id": "4",
    "object_repr": "2 columnas"
  },
  "model": "reversion.version",
  "pk": 598
},
{
  "fields": {
    "format": "json",
    "serialized_data": "[{\"model\": \"cms.page\", \"fields\": {\"template\": \"INHERIT\", \"application_namespace\": null, \"changed_date\": \"2015-09-12T19:13:39.523Z\", \"changed_by\": \"contextinformatic@gmail.com\", \"xframe_options\": 0, \"placeholders\": [8], \"publication_date\": null, \"in_navigation\": true, \"is_home\": false, \"site\": 1, \"created_by\": \"contextinformatic@gmail.com\", \"creation_date\": \"2015-09-11T21:33:08.036Z\", \"reverse_id\": null, \"languages\": \"es\", \"soft_root\": false, \"revision_id\": 0, \"numchild\": 0, \"parent\": null, \"limit_visibility_in_menu\": null, \"path\": \"0005\", \"login_required\": false, \"depth\": 1, \"application_urls\": null, \"navigation_extenders\": null, \"publication_end_date\": null}, \"pk\": 5}]",
    "content_type": 2,
    "revision": 46,
    "object_id_int": 5,
    "object_id": "5",
    "object_repr": "CONTACTANOS"
  },
  "model": "reversion.version",
  "pk": 599
},
{
  "fields": {
    "format": "json",
    "serialized_data": "[{\"model\": \"djangocms_column.column\", \"fields\": {\"width\": \"50%\"}, \"pk\": 6}]",
    "content_type": 22,
    "revision": 46,
    "object_id_int": 6,
    "object_id": "6",
    "object_repr": "50%"
  },
  "model": "reversion.version",
  "pk": 600
},
{
  "fields": {
    "format": "json",
    "serialized_data": "[{\"model\": \"cmsplugin_contact_plus.contactplus\", \"fields\": {\"title\": \"Contactanos\", \"collect_records\": true, \"email_subject\": \"testnubiquo@gmail.com\", \"template\": \"cmsplugin_contact_plus/contact.html\", \"submit\": \"Enviar consulta\", \"recipient_email\": \"contextinformatic@gmail.com\", \"thanks\": \"Gracias por contactarte con nosotros, te estaremos respondiendo a la brevedad.\"}, \"pk\": 7}]",
    "content_type": 62,
    "revision": 46,
    "object_id_int": 7,
    "object_id": "7",
    "object_repr": "Contactanos"
  },
  "model": "reversion.version",
  "pk": 601
},
{
  "fields": {
    "format": "json",
    "serialized_data": "[{\"model\": \"cms.placeholder\", \"fields\": {\"default_width\": null, \"slot\": \"content\"}, \"pk\": 8}]",
    "content_type": 1,
    "revision": 46,
    "object_id_int": 8,
    "object_id": "8",
    "object_repr": "content"
  },
  "model": "reversion.version",
  "pk": 602
},
{
  "fields": {
    "format": "json",
    "serialized_data": "[{\"model\": \"cms.cmsplugin\", \"fields\": {\"path\": \"000400010001\", \"placeholder\": 8, \"language\": \"es\", \"position\": 0, \"numchild\": 0, \"depth\": 3, \"changed_date\": \"2015-09-12T16:25:18.265Z\", \"parent\": 5, \"plugin_type\": \"CMSContactPlusPlugin\", \"creation_date\": \"2015-09-11T22:00:20.065Z\"}, \"pk\": 7}]",
    "content_type": 6,
    "revision": 46,
    "object_id_int": 7,
    "object_id": "7",
    "object_repr": "7"
  },
  "model": "reversion.version",
  "pk": 603
},
{
  "fields": {
    "format": "json",
    "serialized_data": "[{\"model\": \"djangocms_style.style\", \"fields\": {\"margin_left\": null, \"class_name\": \"hint\", \"padding_top\": null, \"tag_type\": \"div\", \"additional_classes\": \"content-title\", \"padding_bottom\": null, \"margin_top\": null, \"padding_right\": null, \"margin_bottom\": null, \"margin_right\": null, \"padding_left\": null}, \"pk\": 18}]",
    "content_type": 21,
    "revision": 46,
    "object_id_int": 18,
    "object_id": "18",
    "object_repr": "18"
  },
  "model": "reversion.version",
  "pk": 604
},
{
  "fields": {
    "format": "json",
    "serialized_data": "[{\"model\": \"cms.cmsplugin\", \"fields\": {\"path\": \"000400020001\", \"placeholder\": 8, \"language\": \"es\", \"position\": 0, \"numchild\": 1, \"depth\": 3, \"changed_date\": \"2015-09-12T16:32:02.256Z\", \"parent\": 6, \"plugin_type\": \"StylePlugin\", \"creation_date\": \"2015-09-12T16:28:07.903Z\"}, \"pk\": 18}]",
    "content_type": 6,
    "revision": 46,
    "object_id_int": 18,
    "object_id": "18",
    "object_repr": "18"
  },
  "model": "reversion.version",
  "pk": 605
},
{
  "fields": {
    "format": "json",
    "serialized_data": "[{\"model\": \"djangocms_style.style\", \"fields\": {\"margin_left\": null, \"class_name\": \"info\", \"padding_top\": null, \"tag_type\": \"div\", \"additional_classes\": \"title\", \"padding_bottom\": null, \"margin_top\": null, \"padding_right\": null, \"margin_bottom\": null, \"margin_right\": null, \"padding_left\": null}, \"pk\": 19}]",
    "content_type": 21,
    "revision": 46,
    "object_id_int": 19,
    "object_id": "19",
    "object_repr": "19"
  },
  "model": "reversion.version",
  "pk": 606
},
{
  "fields": {
    "format": "json",
    "serialized_data": "[{\"model\": \"cms.title\", \"fields\": {\"title\": \"Contactanos\", \"published\": false, \"language\": \"es\", \"meta_description\": \"contactanos\", \"page_title\": \"Contactanos\", \"page\": 5, \"has_url_overwrite\": false, \"redirect\": null, \"path\": \"contactanos\", \"slug\": \"contactanos\", \"menu_title\": \"CONTACTANOS\", \"creation_date\": \"2015-09-11T21:33:08.455Z\"}, \"pk\": 5}]",
    "content_type": 10,
    "revision": 46,
    "object_id_int": 5,
    "object_id": "5",
    "object_repr": "Contactanos (contactanos, es)"
  },
  "model": "reversion.version",
  "pk": 607
},
{
  "fields": {
    "format": "json",
    "serialized_data": "[{\"model\": \"cms.cmsplugin\", \"fields\": {\"path\": \"0004\", \"placeholder\": 8, \"language\": \"es\", \"position\": 1, \"numchild\": 2, \"depth\": 1, \"changed_date\": \"2015-09-11T22:00:05.259Z\", \"parent\": null, \"plugin_type\": \"MultiColumnPlugin\", \"creation_date\": \"2015-09-11T21:59:43.244Z\"}, \"pk\": 4}]",
    "content_type": 6,
    "revision": 46,
    "object_id_int": 4,
    "object_id": "4",
    "object_repr": "4"
  },
  "model": "reversion.version",
  "pk": 608
},
{
  "fields": {
    "format": "json",
    "serialized_data": "[{\"model\": \"cms.cmsplugin\", \"fields\": {\"path\": \"00040002\", \"placeholder\": 8, \"language\": \"es\", \"position\": 1, \"numchild\": 1, \"depth\": 2, \"changed_date\": \"2015-09-12T16:36:03.572Z\", \"parent\": 4, \"plugin_type\": \"ColumnPlugin\", \"creation_date\": \"2015-09-11T22:00:05.337Z\"}, \"pk\": 6}]",
    "content_type": 6,
    "revision": 46,
    "object_id_int": 6,
    "object_id": "6",
    "object_repr": "6"
  },
  "model": "reversion.version",
  "pk": 609
},
{
  "fields": {
    "format": "json",
    "serialized_data": "[{\"model\": \"djangocms_column.column\", \"fields\": {\"width\": \"50%\"}, \"pk\": 5}]",
    "content_type": 22,
    "revision": 46,
    "object_id_int": 5,
    "object_id": "5",
    "object_repr": "50%"
  },
  "model": "reversion.version",
  "pk": 610
},
{
  "fields": {
    "format": "json",
    "serialized_data": "[{\"model\": \"cms.cmsplugin\", \"fields\": {\"path\": \"0003\", \"placeholder\": 8, \"language\": \"es\", \"position\": 0, \"numchild\": 0, \"depth\": 1, \"changed_date\": \"2015-09-11T21:59:21.842Z\", \"parent\": null, \"plugin_type\": \"GoogleMapPlugin\", \"creation_date\": \"2015-09-11T21:57:37.616Z\"}, \"pk\": 3}]",
    "content_type": 6,
    "revision": 46,
    "object_id_int": 3,
    "object_id": "3",
    "object_repr": "3"
  },
  "model": "reversion.version",
  "pk": 611
},
{
  "fields": {
    "format": "json",
    "serialized_data": "[{\"model\": \"cms.cmsplugin\", \"fields\": {\"path\": \"0004000200010001\", \"placeholder\": 8, \"language\": \"es\", \"position\": 0, \"numchild\": 0, \"depth\": 4, \"changed_date\": \"2015-09-12T16:35:49.597Z\", \"parent\": 18, \"plugin_type\": \"StylePlugin\", \"creation_date\": \"2015-09-12T16:29:01.632Z\"}, \"pk\": 19}]",
    "content_type": 6,
    "revision": 47,
    "object_id_int": 19,
    "object_id": "19",
    "object_repr": "19"
  },
  "model": "reversion.version",
  "pk": 612
},
{
  "fields": {
    "format": "json",
    "serialized_data": "[{\"model\": \"cms.cmsplugin\", \"fields\": {\"path\": \"0003\", \"placeholder\": 8, \"language\": \"es\", \"position\": 0, \"numchild\": 0, \"depth\": 1, \"changed_date\": \"2015-09-11T21:59:21.842Z\", \"parent\": null, \"plugin_type\": \"GoogleMapPlugin\", \"creation_date\": \"2015-09-11T21:57:37.616Z\"}, \"pk\": 3}]",
    "content_type": 6,
    "revision": 47,
    "object_id_int": 3,
    "object_id": "3",
    "object_repr": "3"
  },
  "model": "reversion.version",
  "pk": 613
},
{
  "fields": {
    "format": "json",
    "serialized_data": "[{\"model\": \"cms.title\", \"fields\": {\"title\": \"Contactanos\", \"published\": false, \"language\": \"es\", \"meta_description\": \"contactanos\", \"page_title\": \"Contactanos\", \"page\": 5, \"has_url_overwrite\": false, \"redirect\": null, \"path\": \"contactanos\", \"slug\": \"contactanos\", \"menu_title\": \"CONTACTANOS\", \"creation_date\": \"2015-09-11T21:33:08.455Z\"}, \"pk\": 5}]",
    "content_type": 10,
    "revision": 47,
    "object_id_int": 5,
    "object_id": "5",
    "object_repr": "Contactanos (contactanos, es)"
  },
  "model": "reversion.version",
  "pk": 614
},
{
  "fields": {
    "format": "json",
    "serialized_data": "[{\"model\": \"djangocms_googlemap.googlemap\", \"fields\": {\"draggable\": true, \"title\": \"Mi casa\", \"zoom\": 13, \"double_click_zoom\": true, \"street_view_control\": true, \"pan_control\": true, \"lat\": \"-31.396000\", \"scrollwheel\": true, \"lng\": \"-64.154900\", \"route_planer_title\": \"Calcular la manera m\\u00e1s r\\u00e1pida de ir\", \"zipcode\": \"5000\", \"route_planer\": false, \"width\": \"100%\", \"city\": \"Cordoba\", \"address\": \"Cordoba\", \"height\": \"400px\", \"zoom_control\": true, \"keyboard_shortcuts\": true, \"info_window\": true, \"content\": \"\"}, \"pk\": 3}]",
    "content_type": 26,
    "revision": 47,
    "object_id_int": 3,
    "object_id": "3",
    "object_repr": "Mi casa (Cordoba, 5000 Cordoba)"
  },
  "model": "reversion.version",
  "pk": 615
},
{
  "fields": {
    "format": "json",
    "serialized_data": "[{\"model\": \"djangocms_column.multicolumns\", \"fields\": {}, \"pk\": 4}]",
    "content_type": 23,
    "revision": 47,
    "object_id_int": 4,
    "object_id": "4",
    "object_repr": "2 columnas"
  },
  "model": "reversion.version",
  "pk": 616
},
{
  "fields": {
    "format": "json",
    "serialized_data": "[{\"model\": \"cms.page\", \"fields\": {\"template\": \"INHERIT\", \"application_namespace\": null, \"changed_date\": \"2015-09-12T19:13:55.205Z\", \"changed_by\": \"contextinformatic@gmail.com\", \"xframe_options\": 0, \"placeholders\": [8], \"publication_date\": null, \"in_navigation\": true, \"is_home\": false, \"site\": 1, \"created_by\": \"contextinformatic@gmail.com\", \"creation_date\": \"2015-09-11T21:33:08.036Z\", \"reverse_id\": null, \"languages\": \"es\", \"soft_root\": false, \"revision_id\": 0, \"numchild\": 0, \"parent\": null, \"limit_visibility_in_menu\": null, \"path\": \"0005\", \"login_required\": false, \"depth\": 1, \"application_urls\": null, \"navigation_extenders\": null, \"publication_end_date\": null}, \"pk\": 5}]",
    "content_type": 2,
    "revision": 47,
    "object_id_int": 5,
    "object_id": "5",
    "object_repr": "CONTACTANOS"
  },
  "model": "reversion.version",
  "pk": 617
},
{
  "fields": {
    "format": "json",
    "serialized_data": "[{\"model\": \"djangocms_column.column\", \"fields\": {\"width\": \"50%\"}, \"pk\": 6}]",
    "content_type": 22,
    "revision": 47,
    "object_id_int": 6,
    "object_id": "6",
    "object_repr": "50%"
  },
  "model": "reversion.version",
  "pk": 618
},
{
  "fields": {
    "format": "json",
    "serialized_data": "[{\"model\": \"cmsplugin_contact_plus.contactplus\", \"fields\": {\"title\": \"Contactanos\", \"collect_records\": true, \"email_subject\": \"testnubiquo@gmail.com\", \"template\": \"cmsplugin_contact_plus/contact.html\", \"submit\": \"Enviar consulta\", \"recipient_email\": \"contextinformatic@gmail.com\", \"thanks\": \"Gracias por contactarte con nosotros, te estaremos respondiendo a la brevedad.\"}, \"pk\": 7}]",
    "content_type": 62,
    "revision": 47,
    "object_id_int": 7,
    "object_id": "7",
    "object_repr": "Contactanos"
  },
  "model": "reversion.version",
  "pk": 619
},
{
  "fields": {
    "format": "json",
    "serialized_data": "[{\"model\": \"cms.placeholder\", \"fields\": {\"default_width\": null, \"slot\": \"content\"}, \"pk\": 8}]",
    "content_type": 1,
    "revision": 47,
    "object_id_int": 8,
    "object_id": "8",
    "object_repr": "content"
  },
  "model": "reversion.version",
  "pk": 620
},
{
  "fields": {
    "format": "json",
    "serialized_data": "[{\"model\": \"cms.cmsplugin\", \"fields\": {\"path\": \"000400010001\", \"placeholder\": 8, \"language\": \"es\", \"position\": 0, \"numchild\": 0, \"depth\": 3, \"changed_date\": \"2015-09-12T16:25:18.265Z\", \"parent\": 5, \"plugin_type\": \"CMSContactPlusPlugin\", \"creation_date\": \"2015-09-11T22:00:20.065Z\"}, \"pk\": 7}]",
    "content_type": 6,
    "revision": 47,
    "object_id_int": 7,
    "object_id": "7",
    "object_repr": "7"
  },
  "model": "reversion.version",
  "pk": 621
},
{
  "fields": {
    "format": "json",
    "serialized_data": "[{\"model\": \"djangocms_style.style\", \"fields\": {\"margin_left\": null, \"class_name\": \"hint\", \"padding_top\": null, \"tag_type\": \"div\", \"additional_classes\": \"content-title\", \"padding_bottom\": null, \"margin_top\": null, \"padding_right\": null, \"margin_bottom\": null, \"margin_right\": null, \"padding_left\": null}, \"pk\": 18}]",
    "content_type": 21,
    "revision": 47,
    "object_id_int": 18,
    "object_id": "18",
    "object_repr": "18"
  },
  "model": "reversion.version",
  "pk": 622
},
{
  "fields": {
    "format": "json",
    "serialized_data": "[{\"model\": \"cms.cmsplugin\", \"fields\": {\"path\": \"000400020001\", \"placeholder\": 8, \"language\": \"es\", \"position\": 0, \"numchild\": 1, \"depth\": 3, \"changed_date\": \"2015-09-12T16:32:02.256Z\", \"parent\": 6, \"plugin_type\": \"StylePlugin\", \"creation_date\": \"2015-09-12T16:28:07.903Z\"}, \"pk\": 18}]",
    "content_type": 6,
    "revision": 47,
    "object_id_int": 18,
    "object_id": "18",
    "object_repr": "18"
  },
  "model": "reversion.version",
  "pk": 623
},
{
  "fields": {
    "format": "json",
    "serialized_data": "[{\"model\": \"djangocms_style.style\", \"fields\": {\"margin_left\": null, \"class_name\": \"info\", \"padding_top\": null, \"tag_type\": \"div\", \"additional_classes\": \"title\", \"padding_bottom\": null, \"margin_top\": null, \"padding_right\": null, \"margin_bottom\": null, \"margin_right\": null, \"padding_left\": null}, \"pk\": 19}]",
    "content_type": 21,
    "revision": 47,
    "object_id_int": 19,
    "object_id": "19",
    "object_repr": "19"
  },
  "model": "reversion.version",
  "pk": 624
},
{
  "fields": {
    "format": "json",
    "serialized_data": "[{\"model\": \"cms.cmsplugin\", \"fields\": {\"path\": \"0004\", \"placeholder\": 8, \"language\": \"es\", \"position\": 1, \"numchild\": 2, \"depth\": 1, \"changed_date\": \"2015-09-11T22:00:05.259Z\", \"parent\": null, \"plugin_type\": \"MultiColumnPlugin\", \"creation_date\": \"2015-09-11T21:59:43.244Z\"}, \"pk\": 4}]",
    "content_type": 6,
    "revision": 47,
    "object_id_int": 4,
    "object_id": "4",
    "object_repr": "4"
  },
  "model": "reversion.version",
  "pk": 625
},
{
  "fields": {
    "format": "json",
    "serialized_data": "[{\"model\": \"cms.cmsplugin\", \"fields\": {\"path\": \"00040002\", \"placeholder\": 8, \"language\": \"es\", \"position\": 1, \"numchild\": 1, \"depth\": 2, \"changed_date\": \"2015-09-12T16:36:03.572Z\", \"parent\": 4, \"plugin_type\": \"ColumnPlugin\", \"creation_date\": \"2015-09-11T22:00:05.337Z\"}, \"pk\": 6}]",
    "content_type": 6,
    "revision": 47,
    "object_id_int": 6,
    "object_id": "6",
    "object_repr": "6"
  },
  "model": "reversion.version",
  "pk": 626
},
{
  "fields": {
    "format": "json",
    "serialized_data": "[{\"model\": \"cms.cmsplugin\", \"fields\": {\"path\": \"00040001\", \"placeholder\": 8, \"language\": \"es\", \"position\": 0, \"numchild\": 1, \"depth\": 2, \"changed_date\": \"2015-09-11T22:00:05.309Z\", \"parent\": 4, \"plugin_type\": \"ColumnPlugin\", \"creation_date\": \"2015-09-11T22:00:05.278Z\"}, \"pk\": 5}]",
    "content_type": 6,
    "revision": 47,
    "object_id_int": 5,
    "object_id": "5",
    "object_repr": "5"
  },
  "model": "reversion.version",
  "pk": 627
},
{
  "fields": {
    "format": "json",
    "serialized_data": "[{\"model\": \"djangocms_column.column\", \"fields\": {\"width\": \"50%\"}, \"pk\": 5}]",
    "content_type": 22,
    "revision": 47,
    "object_id_int": 5,
    "object_id": "5",
    "object_repr": "50%"
  },
  "model": "reversion.version",
  "pk": 628
},
{
  "fields": {
    "format": "json",
    "serialized_data": "[{\"pk\": 19, \"fields\": {\"language\": \"es\", \"path\": \"0004000200010001\", \"position\": 0, \"changed_date\": \"2015-09-12T16:35:49.597Z\", \"depth\": 4, \"placeholder\": 8, \"numchild\": 1, \"plugin_type\": \"StylePlugin\", \"creation_date\": \"2015-09-12T16:29:01.632Z\", \"parent\": 18}, \"model\": \"cms.cmsplugin\"}]",
    "content_type": 6,
    "revision": 48,
    "object_id_int": 19,
    "object_id": "19",
    "object_repr": "19"
  },
  "model": "reversion.version",
  "pk": 629
},
{
  "fields": {
    "format": "json",
    "serialized_data": "[{\"pk\": 3, \"fields\": {\"language\": \"es\", \"path\": \"0003\", \"position\": 0, \"changed_date\": \"2015-09-11T21:59:21.842Z\", \"depth\": 1, \"placeholder\": 8, \"numchild\": 0, \"plugin_type\": \"GoogleMapPlugin\", \"creation_date\": \"2015-09-11T21:57:37.616Z\", \"parent\": null}, \"model\": \"cms.cmsplugin\"}]",
    "content_type": 6,
    "revision": 48,
    "object_id_int": 3,
    "object_id": "3",
    "object_repr": "3"
  },
  "model": "reversion.version",
  "pk": 630
},
{
  "fields": {
    "format": "json",
    "serialized_data": "[{\"pk\": 5, \"fields\": {\"path\": \"contactanos\", \"page\": 5, \"redirect\": null, \"slug\": \"contactanos\", \"language\": \"es\", \"title\": \"Contactanos\", \"published\": false, \"menu_title\": \"CONTACTANOS\", \"has_url_overwrite\": false, \"page_title\": \"Contactanos\", \"meta_description\": \"contactanos\", \"creation_date\": \"2015-09-11T21:33:08.455Z\"}, \"model\": \"cms.title\"}]",
    "content_type": 10,
    "revision": 48,
    "object_id_int": 5,
    "object_id": "5",
    "object_repr": "Contactanos (contactanos, es)"
  },
  "model": "reversion.version",
  "pk": 631
},
{
  "fields": {
    "format": "json",
    "serialized_data": "[{\"pk\": 3, \"fields\": {\"route_planer_title\": \"Calcular la manera m\\u00e1s r\\u00e1pida de ir\", \"zipcode\": \"5000\", \"double_click_zoom\": true, \"city\": \"Cordoba\", \"address\": \"Cordoba\", \"info_window\": true, \"content\": \"\", \"height\": \"400px\", \"keyboard_shortcuts\": true, \"scrollwheel\": true, \"title\": \"Mi casa\", \"zoom_control\": true, \"width\": \"100%\", \"zoom\": 13, \"draggable\": true, \"street_view_control\": true, \"lat\": \"-31.396000\", \"pan_control\": true, \"lng\": \"-64.154900\", \"route_planer\": false}, \"model\": \"djangocms_googlemap.googlemap\"}]",
    "content_type": 26,
    "revision": 48,
    "object_id_int": 3,
    "object_id": "3",
    "object_repr": "Mi casa (Cordoba, 5000 Cordoba)"
  },
  "model": "reversion.version",
  "pk": 632
},
{
  "fields": {
    "format": "json",
    "serialized_data": "[{\"pk\": 36, \"fields\": {\"language\": \"es\", \"path\": \"00040002000100010001\", \"position\": 0, \"changed_date\": \"2015-09-12T19:17:26.300Z\", \"depth\": 5, \"placeholder\": 8, \"numchild\": 0, \"plugin_type\": \"TeaserPlugin\", \"creation_date\": \"2015-09-12T19:17:26.292Z\", \"parent\": 19}, \"model\": \"cms.cmsplugin\"}]",
    "content_type": 6,
    "revision": 48,
    "object_id_int": 36,
    "object_id": "36",
    "object_repr": "36"
  },
  "model": "reversion.version",
  "pk": 633
},
{
  "fields": {
    "format": "json",
    "serialized_data": "[{\"pk\": 5, \"fields\": {\"created_by\": \"contextinformatic@gmail.com\", \"depth\": 1, \"soft_root\": false, \"xframe_options\": 0, \"application_namespace\": null, \"reverse_id\": null, \"navigation_extenders\": null, \"limit_visibility_in_menu\": null, \"login_required\": false, \"placeholders\": [8], \"creation_date\": \"2015-09-11T21:33:08.036Z\", \"parent\": null, \"path\": \"0005\", \"changed_date\": \"2015-09-12T19:13:55.376Z\", \"publication_end_date\": null, \"is_home\": false, \"languages\": \"es\", \"in_navigation\": true, \"application_urls\": null, \"changed_by\": \"contextinformatic@gmail.com\", \"numchild\": 0, \"site\": 1, \"revision_id\": 0, \"publication_date\": null, \"template\": \"INHERIT\"}, \"model\": \"cms.page\"}]",
    "content_type": 2,
    "revision": 48,
    "object_id_int": 5,
    "object_id": "5",
    "object_repr": "CONTACTANOS"
  },
  "model": "reversion.version",
  "pk": 634
},
{
  "fields": {
    "format": "json",
    "serialized_data": "[{\"pk\": 6, \"fields\": {\"width\": \"50%\"}, \"model\": \"djangocms_column.column\"}]",
    "content_type": 22,
    "revision": 48,
    "object_id_int": 6,
    "object_id": "6",
    "object_repr": "50%"
  },
  "model": "reversion.version",
  "pk": 635
},
{
  "fields": {
    "format": "json",
    "serialized_data": "[{\"pk\": 7, \"fields\": {\"title\": \"Contactanos\", \"thanks\": \"Gracias por contactarte con nosotros, te estaremos respondiendo a la brevedad.\", \"recipient_email\": \"contextinformatic@gmail.com\", \"submit\": \"Enviar consulta\", \"collect_records\": true, \"email_subject\": \"testnubiquo@gmail.com\", \"template\": \"cmsplugin_contact_plus/contact.html\"}, \"model\": \"cmsplugin_contact_plus.contactplus\"}]",
    "content_type": 62,
    "revision": 48,
    "object_id_int": 7,
    "object_id": "7",
    "object_repr": "Contactanos"
  },
  "model": "reversion.version",
  "pk": 636
},
{
  "fields": {
    "format": "json",
    "serialized_data": "[{\"pk\": 8, \"fields\": {\"slot\": \"content\", \"default_width\": null}, \"model\": \"cms.placeholder\"}]",
    "content_type": 1,
    "revision": 48,
    "object_id_int": 8,
    "object_id": "8",
    "object_repr": "content"
  },
  "model": "reversion.version",
  "pk": 637
},
{
  "fields": {
    "format": "json",
    "serialized_data": "[{\"pk\": 7, \"fields\": {\"language\": \"es\", \"path\": \"000400010001\", \"position\": 0, \"changed_date\": \"2015-09-12T16:25:18.265Z\", \"depth\": 3, \"placeholder\": 8, \"numchild\": 0, \"plugin_type\": \"CMSContactPlusPlugin\", \"creation_date\": \"2015-09-11T22:00:20.065Z\", \"parent\": 5}, \"model\": \"cms.cmsplugin\"}]",
    "content_type": 6,
    "revision": 48,
    "object_id_int": 7,
    "object_id": "7",
    "object_repr": "7"
  },
  "model": "reversion.version",
  "pk": 638
},
{
  "fields": {
    "format": "json",
    "serialized_data": "[{\"pk\": 18, \"fields\": {\"additional_classes\": \"content-title\", \"tag_type\": \"div\", \"margin_left\": null, \"padding_right\": null, \"margin_right\": null, \"class_name\": \"hint\", \"padding_left\": null, \"padding_bottom\": null, \"margin_top\": null, \"margin_bottom\": null, \"padding_top\": null}, \"model\": \"djangocms_style.style\"}]",
    "content_type": 21,
    "revision": 48,
    "object_id_int": 18,
    "object_id": "18",
    "object_repr": "18"
  },
  "model": "reversion.version",
  "pk": 639
},
{
  "fields": {
    "format": "json",
    "serialized_data": "[{\"pk\": 18, \"fields\": {\"language\": \"es\", \"path\": \"000400020001\", \"position\": 0, \"changed_date\": \"2015-09-12T16:32:02.256Z\", \"depth\": 3, \"placeholder\": 8, \"numchild\": 1, \"plugin_type\": \"StylePlugin\", \"creation_date\": \"2015-09-12T16:28:07.903Z\", \"parent\": 6}, \"model\": \"cms.cmsplugin\"}]",
    "content_type": 6,
    "revision": 48,
    "object_id_int": 18,
    "object_id": "18",
    "object_repr": "18"
  },
  "model": "reversion.version",
  "pk": 640
},
{
  "fields": {
    "format": "json",
    "serialized_data": "[{\"pk\": 19, \"fields\": {\"additional_classes\": \"title\", \"tag_type\": \"div\", \"margin_left\": null, \"padding_right\": null, \"margin_right\": null, \"class_name\": \"info\", \"padding_left\": null, \"padding_bottom\": null, \"margin_top\": null, \"margin_bottom\": null, \"padding_top\": null}, \"model\": \"djangocms_style.style\"}]",
    "content_type": 21,
    "revision": 48,
    "object_id_int": 19,
    "object_id": "19",
    "object_repr": "19"
  },
  "model": "reversion.version",
  "pk": 641
},
{
  "fields": {
    "format": "json",
    "serialized_data": "[{\"pk\": 4, \"fields\": {}, \"model\": \"djangocms_column.multicolumns\"}]",
    "content_type": 23,
    "revision": 48,
    "object_id_int": 4,
    "object_id": "4",
    "object_repr": "2 columnas"
  },
  "model": "reversion.version",
  "pk": 642
},
{
  "fields": {
    "format": "json",
    "serialized_data": "[{\"pk\": 6, \"fields\": {\"language\": \"es\", \"path\": \"00040002\", \"position\": 1, \"changed_date\": \"2015-09-12T16:36:03.572Z\", \"depth\": 2, \"placeholder\": 8, \"numchild\": 1, \"plugin_type\": \"ColumnPlugin\", \"creation_date\": \"2015-09-11T22:00:05.337Z\", \"parent\": 4}, \"model\": \"cms.cmsplugin\"}]",
    "content_type": 6,
    "revision": 48,
    "object_id_int": 6,
    "object_id": "6",
    "object_repr": "6"
  },
  "model": "reversion.version",
  "pk": 643
},
{
  "fields": {
    "format": "json",
    "serialized_data": "[{\"pk\": 5, \"fields\": {\"language\": \"es\", \"path\": \"00040001\", \"position\": 0, \"changed_date\": \"2015-09-11T22:00:05.309Z\", \"depth\": 2, \"placeholder\": 8, \"numchild\": 1, \"plugin_type\": \"ColumnPlugin\", \"creation_date\": \"2015-09-11T22:00:05.278Z\", \"parent\": 4}, \"model\": \"cms.cmsplugin\"}]",
    "content_type": 6,
    "revision": 48,
    "object_id_int": 5,
    "object_id": "5",
    "object_repr": "5"
  },
  "model": "reversion.version",
  "pk": 644
},
{
  "fields": {
    "format": "json",
    "serialized_data": "[{\"pk\": 4, \"fields\": {\"language\": \"es\", \"path\": \"0004\", \"position\": 1, \"changed_date\": \"2015-09-11T22:00:05.259Z\", \"depth\": 1, \"placeholder\": 8, \"numchild\": 2, \"plugin_type\": \"MultiColumnPlugin\", \"creation_date\": \"2015-09-11T21:59:43.244Z\", \"parent\": null}, \"model\": \"cms.cmsplugin\"}]",
    "content_type": 6,
    "revision": 48,
    "object_id_int": 4,
    "object_id": "4",
    "object_repr": "4"
  },
  "model": "reversion.version",
  "pk": 645
},
{
  "fields": {
    "format": "json",
    "serialized_data": "[{\"pk\": 5, \"fields\": {\"width\": \"50%\"}, \"model\": \"djangocms_column.column\"}]",
    "content_type": 22,
    "revision": 48,
    "object_id_int": 5,
    "object_id": "5",
    "object_repr": "50%"
  },
  "model": "reversion.version",
  "pk": 646
},
{
  "fields": {
    "format": "json",
    "serialized_data": "[{\"pk\": 19, \"fields\": {\"language\": \"es\", \"path\": \"0004000200010001\", \"position\": 0, \"changed_date\": \"2015-09-12T16:35:49.597Z\", \"depth\": 4, \"placeholder\": 8, \"numchild\": 1, \"plugin_type\": \"StylePlugin\", \"creation_date\": \"2015-09-12T16:29:01.632Z\", \"parent\": 18}, \"model\": \"cms.cmsplugin\"}]",
    "content_type": 6,
    "revision": 49,
    "object_id_int": 19,
    "object_id": "19",
    "object_repr": "19"
  },
  "model": "reversion.version",
  "pk": 647
},
{
  "fields": {
    "format": "json",
    "serialized_data": "[{\"pk\": 3, \"fields\": {\"language\": \"es\", \"path\": \"0003\", \"position\": 0, \"changed_date\": \"2015-09-11T21:59:21.842Z\", \"depth\": 1, \"placeholder\": 8, \"numchild\": 0, \"plugin_type\": \"GoogleMapPlugin\", \"creation_date\": \"2015-09-11T21:57:37.616Z\", \"parent\": null}, \"model\": \"cms.cmsplugin\"}]",
    "content_type": 6,
    "revision": 49,
    "object_id_int": 3,
    "object_id": "3",
    "object_repr": "3"
  },
  "model": "reversion.version",
  "pk": 648
},
{
  "fields": {
    "format": "json",
    "serialized_data": "[{\"pk\": 5, \"fields\": {\"language\": \"es\", \"path\": \"00040001\", \"position\": 0, \"changed_date\": \"2015-09-11T22:00:05.309Z\", \"depth\": 2, \"placeholder\": 8, \"numchild\": 1, \"plugin_type\": \"ColumnPlugin\", \"creation_date\": \"2015-09-11T22:00:05.278Z\", \"parent\": 4}, \"model\": \"cms.cmsplugin\"}]",
    "content_type": 6,
    "revision": 49,
    "object_id_int": 5,
    "object_id": "5",
    "object_repr": "5"
  },
  "model": "reversion.version",
  "pk": 649
},
{
  "fields": {
    "format": "json",
    "serialized_data": "[{\"pk\": 3, \"fields\": {\"route_planer_title\": \"Calcular la manera m\\u00e1s r\\u00e1pida de ir\", \"zipcode\": \"5000\", \"double_click_zoom\": true, \"city\": \"Cordoba\", \"address\": \"Cordoba\", \"info_window\": true, \"content\": \"\", \"height\": \"400px\", \"keyboard_shortcuts\": true, \"scrollwheel\": true, \"title\": \"Mi casa\", \"zoom_control\": true, \"width\": \"100%\", \"zoom\": 13, \"draggable\": true, \"street_view_control\": true, \"lat\": \"-31.396000\", \"pan_control\": true, \"lng\": \"-64.154900\", \"route_planer\": false}, \"model\": \"djangocms_googlemap.googlemap\"}]",
    "content_type": 26,
    "revision": 49,
    "object_id_int": 3,
    "object_id": "3",
    "object_repr": "Mi casa (Cordoba, 5000 Cordoba)"
  },
  "model": "reversion.version",
  "pk": 650
},
{
  "fields": {
    "format": "json",
    "serialized_data": "[{\"pk\": 36, \"fields\": {\"url\": \"\", \"title\": \"adasdasdaa\", \"page_link\": 1, \"description\": \"\", \"image\": \"\"}, \"model\": \"djangocms_teaser.teaser\"}]",
    "content_type": 30,
    "revision": 49,
    "object_id_int": 36,
    "object_id": "36",
    "object_repr": "adasdasdaa"
  },
  "model": "reversion.version",
  "pk": 651
},
{
  "fields": {
    "format": "json",
    "serialized_data": "[{\"pk\": 5, \"fields\": {\"created_by\": \"contextinformatic@gmail.com\", \"depth\": 1, \"soft_root\": false, \"xframe_options\": 0, \"application_namespace\": null, \"reverse_id\": null, \"navigation_extenders\": null, \"limit_visibility_in_menu\": null, \"login_required\": false, \"placeholders\": [8], \"creation_date\": \"2015-09-11T21:33:08.036Z\", \"parent\": null, \"path\": \"0005\", \"changed_date\": \"2015-09-12T19:17:26.388Z\", \"publication_end_date\": null, \"is_home\": false, \"languages\": \"es\", \"in_navigation\": true, \"application_urls\": null, \"changed_by\": \"contextinformatic@gmail.com\", \"numchild\": 0, \"site\": 1, \"revision_id\": 0, \"publication_date\": null, \"template\": \"INHERIT\"}, \"model\": \"cms.page\"}]",
    "content_type": 2,
    "revision": 49,
    "object_id_int": 5,
    "object_id": "5",
    "object_repr": "CONTACTANOS"
  },
  "model": "reversion.version",
  "pk": 652
},
{
  "fields": {
    "format": "json",
    "serialized_data": "[{\"pk\": 6, \"fields\": {\"width\": \"50%\"}, \"model\": \"djangocms_column.column\"}]",
    "content_type": 22,
    "revision": 49,
    "object_id_int": 6,
    "object_id": "6",
    "object_repr": "50%"
  },
  "model": "reversion.version",
  "pk": 653
},
{
  "fields": {
    "format": "json",
    "serialized_data": "[{\"pk\": 7, \"fields\": {\"title\": \"Contactanos\", \"thanks\": \"Gracias por contactarte con nosotros, te estaremos respondiendo a la brevedad.\", \"recipient_email\": \"contextinformatic@gmail.com\", \"submit\": \"Enviar consulta\", \"collect_records\": true, \"email_subject\": \"testnubiquo@gmail.com\", \"template\": \"cmsplugin_contact_plus/contact.html\"}, \"model\": \"cmsplugin_contact_plus.contactplus\"}]",
    "content_type": 62,
    "revision": 49,
    "object_id_int": 7,
    "object_id": "7",
    "object_repr": "Contactanos"
  },
  "model": "reversion.version",
  "pk": 654
},
{
  "fields": {
    "format": "json",
    "serialized_data": "[{\"pk\": 8, \"fields\": {\"slot\": \"content\", \"default_width\": null}, \"model\": \"cms.placeholder\"}]",
    "content_type": 1,
    "revision": 49,
    "object_id_int": 8,
    "object_id": "8",
    "object_repr": "content"
  },
  "model": "reversion.version",
  "pk": 655
},
{
  "fields": {
    "format": "json",
    "serialized_data": "[{\"pk\": 7, \"fields\": {\"language\": \"es\", \"path\": \"000400010001\", \"position\": 0, \"changed_date\": \"2015-09-12T16:25:18.265Z\", \"depth\": 3, \"placeholder\": 8, \"numchild\": 0, \"plugin_type\": \"CMSContactPlusPlugin\", \"creation_date\": \"2015-09-11T22:00:20.065Z\", \"parent\": 5}, \"model\": \"cms.cmsplugin\"}]",
    "content_type": 6,
    "revision": 49,
    "object_id_int": 7,
    "object_id": "7",
    "object_repr": "7"
  },
  "model": "reversion.version",
  "pk": 656
},
{
  "fields": {
    "format": "json",
    "serialized_data": "[{\"pk\": 18, \"fields\": {\"additional_classes\": \"content-title\", \"tag_type\": \"div\", \"margin_left\": null, \"padding_right\": null, \"margin_right\": null, \"class_name\": \"hint\", \"padding_left\": null, \"padding_bottom\": null, \"margin_top\": null, \"margin_bottom\": null, \"padding_top\": null}, \"model\": \"djangocms_style.style\"}]",
    "content_type": 21,
    "revision": 49,
    "object_id_int": 18,
    "object_id": "18",
    "object_repr": "18"
  },
  "model": "reversion.version",
  "pk": 657
},
{
  "fields": {
    "format": "json",
    "serialized_data": "[{\"pk\": 18, \"fields\": {\"language\": \"es\", \"path\": \"000400020001\", \"position\": 0, \"changed_date\": \"2015-09-12T16:32:02.256Z\", \"depth\": 3, \"placeholder\": 8, \"numchild\": 1, \"plugin_type\": \"StylePlugin\", \"creation_date\": \"2015-09-12T16:28:07.903Z\", \"parent\": 6}, \"model\": \"cms.cmsplugin\"}]",
    "content_type": 6,
    "revision": 49,
    "object_id_int": 18,
    "object_id": "18",
    "object_repr": "18"
  },
  "model": "reversion.version",
  "pk": 658
},
{
  "fields": {
    "format": "json",
    "serialized_data": "[{\"pk\": 19, \"fields\": {\"additional_classes\": \"title\", \"tag_type\": \"div\", \"margin_left\": null, \"padding_right\": null, \"margin_right\": null, \"class_name\": \"info\", \"padding_left\": null, \"padding_bottom\": null, \"margin_top\": null, \"margin_bottom\": null, \"padding_top\": null}, \"model\": \"djangocms_style.style\"}]",
    "content_type": 21,
    "revision": 49,
    "object_id_int": 19,
    "object_id": "19",
    "object_repr": "19"
  },
  "model": "reversion.version",
  "pk": 659
},
{
  "fields": {
    "format": "json",
    "serialized_data": "[{\"pk\": 5, \"fields\": {\"path\": \"contactanos\", \"page\": 5, \"redirect\": null, \"slug\": \"contactanos\", \"language\": \"es\", \"title\": \"Contactanos\", \"published\": false, \"menu_title\": \"CONTACTANOS\", \"has_url_overwrite\": false, \"page_title\": \"Contactanos\", \"meta_description\": \"contactanos\", \"creation_date\": \"2015-09-11T21:33:08.455Z\"}, \"model\": \"cms.title\"}]",
    "content_type": 10,
    "revision": 49,
    "object_id_int": 5,
    "object_id": "5",
    "object_repr": "Contactanos (contactanos, es)"
  },
  "model": "reversion.version",
  "pk": 660
},
{
  "fields": {
    "format": "json",
    "serialized_data": "[{\"pk\": 4, \"fields\": {}, \"model\": \"djangocms_column.multicolumns\"}]",
    "content_type": 23,
    "revision": 49,
    "object_id_int": 4,
    "object_id": "4",
    "object_repr": "2 columnas"
  },
  "model": "reversion.version",
  "pk": 661
},
{
  "fields": {
    "format": "json",
    "serialized_data": "[{\"pk\": 6, \"fields\": {\"language\": \"es\", \"path\": \"00040002\", \"position\": 1, \"changed_date\": \"2015-09-12T16:36:03.572Z\", \"depth\": 2, \"placeholder\": 8, \"numchild\": 1, \"plugin_type\": \"ColumnPlugin\", \"creation_date\": \"2015-09-11T22:00:05.337Z\", \"parent\": 4}, \"model\": \"cms.cmsplugin\"}]",
    "content_type": 6,
    "revision": 49,
    "object_id_int": 6,
    "object_id": "6",
    "object_repr": "6"
  },
  "model": "reversion.version",
  "pk": 662
},
{
  "fields": {
    "format": "json",
    "serialized_data": "[{\"pk\": 5, \"fields\": {\"width\": \"50%\"}, \"model\": \"djangocms_column.column\"}]",
    "content_type": 22,
    "revision": 49,
    "object_id_int": 5,
    "object_id": "5",
    "object_repr": "50%"
  },
  "model": "reversion.version",
  "pk": 663
},
{
  "fields": {
    "format": "json",
    "serialized_data": "[{\"pk\": 4, \"fields\": {\"language\": \"es\", \"path\": \"0004\", \"position\": 1, \"changed_date\": \"2015-09-11T22:00:05.259Z\", \"depth\": 1, \"placeholder\": 8, \"numchild\": 2, \"plugin_type\": \"MultiColumnPlugin\", \"creation_date\": \"2015-09-11T21:59:43.244Z\", \"parent\": null}, \"model\": \"cms.cmsplugin\"}]",
    "content_type": 6,
    "revision": 49,
    "object_id_int": 4,
    "object_id": "4",
    "object_repr": "4"
  },
  "model": "reversion.version",
  "pk": 664
},
{
  "fields": {
    "format": "json",
    "serialized_data": "[{\"pk\": 36, \"fields\": {\"language\": \"es\", \"path\": \"00040002000100010001\", \"position\": 0, \"changed_date\": \"2015-09-12T19:17:38.807Z\", \"depth\": 5, \"placeholder\": 8, \"numchild\": 0, \"plugin_type\": \"TeaserPlugin\", \"creation_date\": \"2015-09-12T19:17:26.292Z\", \"parent\": 19}, \"model\": \"cms.cmsplugin\"}]",
    "content_type": 6,
    "revision": 49,
    "object_id_int": 36,
    "object_id": "36",
    "object_repr": "36"
  },
  "model": "reversion.version",
  "pk": 665
},
{
  "fields": {
    "format": "json",
    "serialized_data": "[{\"pk\": 19, \"fields\": {\"language\": \"es\", \"path\": \"0004000200010001\", \"position\": 0, \"changed_date\": \"2015-09-12T16:35:49.597Z\", \"depth\": 4, \"placeholder\": 8, \"numchild\": 2, \"plugin_type\": \"StylePlugin\", \"creation_date\": \"2015-09-12T16:29:01.632Z\", \"parent\": 18}, \"model\": \"cms.cmsplugin\"}]",
    "content_type": 6,
    "revision": 50,
    "object_id_int": 19,
    "object_id": "19",
    "object_repr": "19"
  },
  "model": "reversion.version",
  "pk": 666
},
{
  "fields": {
    "format": "json",
    "serialized_data": "[{\"pk\": 3, \"fields\": {\"language\": \"es\", \"path\": \"0003\", \"position\": 0, \"changed_date\": \"2015-09-11T21:59:21.842Z\", \"depth\": 1, \"placeholder\": 8, \"numchild\": 0, \"plugin_type\": \"GoogleMapPlugin\", \"creation_date\": \"2015-09-11T21:57:37.616Z\", \"parent\": null}, \"model\": \"cms.cmsplugin\"}]",
    "content_type": 6,
    "revision": 50,
    "object_id_int": 3,
    "object_id": "3",
    "object_repr": "3"
  },
  "model": "reversion.version",
  "pk": 667
},
{
  "fields": {
    "format": "json",
    "serialized_data": "[{\"pk\": 5, \"fields\": {\"language\": \"es\", \"path\": \"00040001\", \"position\": 0, \"changed_date\": \"2015-09-11T22:00:05.309Z\", \"depth\": 2, \"placeholder\": 8, \"numchild\": 1, \"plugin_type\": \"ColumnPlugin\", \"creation_date\": \"2015-09-11T22:00:05.278Z\", \"parent\": 4}, \"model\": \"cms.cmsplugin\"}]",
    "content_type": 6,
    "revision": 50,
    "object_id_int": 5,
    "object_id": "5",
    "object_repr": "5"
  },
  "model": "reversion.version",
  "pk": 668
},
{
  "fields": {
    "format": "json",
    "serialized_data": "[{\"pk\": 3, \"fields\": {\"route_planer_title\": \"Calcular la manera m\\u00e1s r\\u00e1pida de ir\", \"zipcode\": \"5000\", \"double_click_zoom\": true, \"city\": \"Cordoba\", \"address\": \"Cordoba\", \"info_window\": true, \"content\": \"\", \"height\": \"400px\", \"keyboard_shortcuts\": true, \"scrollwheel\": true, \"title\": \"Mi casa\", \"zoom_control\": true, \"width\": \"100%\", \"zoom\": 13, \"draggable\": true, \"street_view_control\": true, \"lat\": \"-31.396000\", \"pan_control\": true, \"lng\": \"-64.154900\", \"route_planer\": false}, \"model\": \"djangocms_googlemap.googlemap\"}]",
    "content_type": 26,
    "revision": 50,
    "object_id_int": 3,
    "object_id": "3",
    "object_repr": "Mi casa (Cordoba, 5000 Cordoba)"
  },
  "model": "reversion.version",
  "pk": 669
},
{
  "fields": {
    "format": "json",
    "serialized_data": "[{\"pk\": 36, \"fields\": {\"url\": \"\", \"title\": \"adasdasdaa\", \"page_link\": 1, \"description\": \"\", \"image\": \"\"}, \"model\": \"djangocms_teaser.teaser\"}]",
    "content_type": 30,
    "revision": 50,
    "object_id_int": 36,
    "object_id": "36",
    "object_repr": "adasdasdaa"
  },
  "model": "reversion.version",
  "pk": 670
},
{
  "fields": {
    "format": "json",
    "serialized_data": "[{\"pk\": 5, \"fields\": {\"created_by\": \"contextinformatic@gmail.com\", \"depth\": 1, \"soft_root\": false, \"xframe_options\": 0, \"application_namespace\": null, \"reverse_id\": null, \"navigation_extenders\": null, \"limit_visibility_in_menu\": null, \"login_required\": false, \"placeholders\": [8], \"creation_date\": \"2015-09-11T21:33:08.036Z\", \"parent\": null, \"path\": \"0005\", \"changed_date\": \"2015-09-12T19:17:39.293Z\", \"publication_end_date\": null, \"is_home\": false, \"languages\": \"es\", \"in_navigation\": true, \"application_urls\": null, \"changed_by\": \"contextinformatic@gmail.com\", \"numchild\": 0, \"site\": 1, \"revision_id\": 0, \"publication_date\": null, \"template\": \"INHERIT\"}, \"model\": \"cms.page\"}]",
    "content_type": 2,
    "revision": 50,
    "object_id_int": 5,
    "object_id": "5",
    "object_repr": "CONTACTANOS"
  },
  "model": "reversion.version",
  "pk": 671
},
{
  "fields": {
    "format": "json",
    "serialized_data": "[{\"pk\": 6, \"fields\": {\"width\": \"50%\"}, \"model\": \"djangocms_column.column\"}]",
    "content_type": 22,
    "revision": 50,
    "object_id_int": 6,
    "object_id": "6",
    "object_repr": "50%"
  },
  "model": "reversion.version",
  "pk": 672
},
{
  "fields": {
    "format": "json",
    "serialized_data": "[{\"pk\": 7, \"fields\": {\"title\": \"Contactanos\", \"thanks\": \"Gracias por contactarte con nosotros, te estaremos respondiendo a la brevedad.\", \"recipient_email\": \"contextinformatic@gmail.com\", \"submit\": \"Enviar consulta\", \"collect_records\": true, \"email_subject\": \"testnubiquo@gmail.com\", \"template\": \"cmsplugin_contact_plus/contact.html\"}, \"model\": \"cmsplugin_contact_plus.contactplus\"}]",
    "content_type": 62,
    "revision": 50,
    "object_id_int": 7,
    "object_id": "7",
    "object_repr": "Contactanos"
  },
  "model": "reversion.version",
  "pk": 673
},
{
  "fields": {
    "format": "json",
    "serialized_data": "[{\"pk\": 8, \"fields\": {\"slot\": \"content\", \"default_width\": null}, \"model\": \"cms.placeholder\"}]",
    "content_type": 1,
    "revision": 50,
    "object_id_int": 8,
    "object_id": "8",
    "object_repr": "content"
  },
  "model": "reversion.version",
  "pk": 674
},
{
  "fields": {
    "format": "json",
    "serialized_data": "[{\"pk\": 7, \"fields\": {\"language\": \"es\", \"path\": \"000400010001\", \"position\": 0, \"changed_date\": \"2015-09-12T16:25:18.265Z\", \"depth\": 3, \"placeholder\": 8, \"numchild\": 0, \"plugin_type\": \"CMSContactPlusPlugin\", \"creation_date\": \"2015-09-11T22:00:20.065Z\", \"parent\": 5}, \"model\": \"cms.cmsplugin\"}]",
    "content_type": 6,
    "revision": 50,
    "object_id_int": 7,
    "object_id": "7",
    "object_repr": "7"
  },
  "model": "reversion.version",
  "pk": 675
},
{
  "fields": {
    "format": "json",
    "serialized_data": "[{\"pk\": 18, \"fields\": {\"additional_classes\": \"content-title\", \"tag_type\": \"div\", \"margin_left\": null, \"padding_right\": null, \"margin_right\": null, \"class_name\": \"hint\", \"padding_left\": null, \"padding_bottom\": null, \"margin_top\": null, \"margin_bottom\": null, \"padding_top\": null}, \"model\": \"djangocms_style.style\"}]",
    "content_type": 21,
    "revision": 50,
    "object_id_int": 18,
    "object_id": "18",
    "object_repr": "18"
  },
  "model": "reversion.version",
  "pk": 676
},
{
  "fields": {
    "format": "json",
    "serialized_data": "[{\"pk\": 18, \"fields\": {\"language\": \"es\", \"path\": \"000400020001\", \"position\": 0, \"changed_date\": \"2015-09-12T16:32:02.256Z\", \"depth\": 3, \"placeholder\": 8, \"numchild\": 1, \"plugin_type\": \"StylePlugin\", \"creation_date\": \"2015-09-12T16:28:07.903Z\", \"parent\": 6}, \"model\": \"cms.cmsplugin\"}]",
    "content_type": 6,
    "revision": 50,
    "object_id_int": 18,
    "object_id": "18",
    "object_repr": "18"
  },
  "model": "reversion.version",
  "pk": 677
},
{
  "fields": {
    "format": "json",
    "serialized_data": "[{\"pk\": 19, \"fields\": {\"additional_classes\": \"title\", \"tag_type\": \"div\", \"margin_left\": null, \"padding_right\": null, \"margin_right\": null, \"class_name\": \"info\", \"padding_left\": null, \"padding_bottom\": null, \"margin_top\": null, \"margin_bottom\": null, \"padding_top\": null}, \"model\": \"djangocms_style.style\"}]",
    "content_type": 21,
    "revision": 50,
    "object_id_int": 19,
    "object_id": "19",
    "object_repr": "19"
  },
  "model": "reversion.version",
  "pk": 678
},
{
  "fields": {
    "format": "json",
    "serialized_data": "[{\"pk\": 5, \"fields\": {\"path\": \"contactanos\", \"page\": 5, \"redirect\": null, \"slug\": \"contactanos\", \"language\": \"es\", \"title\": \"Contactanos\", \"published\": false, \"menu_title\": \"CONTACTANOS\", \"has_url_overwrite\": false, \"page_title\": \"Contactanos\", \"meta_description\": \"contactanos\", \"creation_date\": \"2015-09-11T21:33:08.455Z\"}, \"model\": \"cms.title\"}]",
    "content_type": 10,
    "revision": 50,
    "object_id_int": 5,
    "object_id": "5",
    "object_repr": "Contactanos (contactanos, es)"
  },
  "model": "reversion.version",
  "pk": 679
},
{
  "fields": {
    "format": "json",
    "serialized_data": "[{\"pk\": 4, \"fields\": {}, \"model\": \"djangocms_column.multicolumns\"}]",
    "content_type": 23,
    "revision": 50,
    "object_id_int": 4,
    "object_id": "4",
    "object_repr": "2 columnas"
  },
  "model": "reversion.version",
  "pk": 680
},
{
  "fields": {
    "format": "json",
    "serialized_data": "[{\"pk\": 6, \"fields\": {\"language\": \"es\", \"path\": \"00040002\", \"position\": 1, \"changed_date\": \"2015-09-12T16:36:03.572Z\", \"depth\": 2, \"placeholder\": 8, \"numchild\": 1, \"plugin_type\": \"ColumnPlugin\", \"creation_date\": \"2015-09-11T22:00:05.337Z\", \"parent\": 4}, \"model\": \"cms.cmsplugin\"}]",
    "content_type": 6,
    "revision": 50,
    "object_id_int": 6,
    "object_id": "6",
    "object_repr": "6"
  },
  "model": "reversion.version",
  "pk": 681
},
{
  "fields": {
    "format": "json",
    "serialized_data": "[{\"pk\": 5, \"fields\": {\"width\": \"50%\"}, \"model\": \"djangocms_column.column\"}]",
    "content_type": 22,
    "revision": 50,
    "object_id_int": 5,
    "object_id": "5",
    "object_repr": "50%"
  },
  "model": "reversion.version",
  "pk": 682
},
{
  "fields": {
    "format": "json",
    "serialized_data": "[{\"pk\": 37, \"fields\": {\"language\": \"es\", \"path\": \"00040002000100010002\", \"position\": 1, \"changed_date\": \"2015-09-12T19:22:35.780Z\", \"depth\": 5, \"placeholder\": 8, \"numchild\": 0, \"plugin_type\": \"PicturePlugin\", \"creation_date\": \"2015-09-12T19:22:35.770Z\", \"parent\": 19}, \"model\": \"cms.cmsplugin\"}]",
    "content_type": 6,
    "revision": 50,
    "object_id_int": 37,
    "object_id": "37",
    "object_repr": "37"
  },
  "model": "reversion.version",
  "pk": 683
},
{
  "fields": {
    "format": "json",
    "serialized_data": "[{\"pk\": 4, \"fields\": {\"language\": \"es\", \"path\": \"0004\", \"position\": 1, \"changed_date\": \"2015-09-11T22:00:05.259Z\", \"depth\": 1, \"placeholder\": 8, \"numchild\": 2, \"plugin_type\": \"MultiColumnPlugin\", \"creation_date\": \"2015-09-11T21:59:43.244Z\", \"parent\": null}, \"model\": \"cms.cmsplugin\"}]",
    "content_type": 6,
    "revision": 50,
    "object_id_int": 4,
    "object_id": "4",
    "object_repr": "4"
  },
  "model": "reversion.version",
  "pk": 684
},
{
  "fields": {
    "format": "json",
    "serialized_data": "[{\"pk\": 36, \"fields\": {\"language\": \"es\", \"path\": \"00040002000100010001\", \"position\": 0, \"changed_date\": \"2015-09-12T19:17:38.807Z\", \"depth\": 5, \"placeholder\": 8, \"numchild\": 0, \"plugin_type\": \"TeaserPlugin\", \"creation_date\": \"2015-09-12T19:17:26.292Z\", \"parent\": 19}, \"model\": \"cms.cmsplugin\"}]",
    "content_type": 6,
    "revision": 50,
    "object_id_int": 36,
    "object_id": "36",
    "object_repr": "36"
  },
  "model": "reversion.version",
  "pk": 685
},
{
  "fields": {
    "format": "json",
    "serialized_data": "[{\"pk\": 3, \"fields\": {\"path\": \"productos\", \"page\": 3, \"redirect\": \"\", \"slug\": \"productos\", \"language\": \"es\", \"title\": \"Productos\", \"published\": true, \"menu_title\": \"PRODUCTOS\", \"has_url_overwrite\": true, \"page_title\": \"Productos\", \"meta_description\": \"productos, articulos, remeras, estampados, \", \"creation_date\": \"2015-09-11T21:21:09.622Z\"}, \"model\": \"cms.title\"}]",
    "content_type": 10,
    "revision": 51,
    "object_id_int": 3,
    "object_id": "3",
    "object_repr": "Productos (productos, es)"
  },
  "model": "reversion.version",
  "pk": 686
},
{
  "fields": {
    "format": "json",
    "serialized_data": "[{\"pk\": 3, \"fields\": {\"created_by\": \"contextinformatic@gmail.com\", \"depth\": 1, \"soft_root\": false, \"xframe_options\": 0, \"application_namespace\": null, \"reverse_id\": \"products\", \"navigation_extenders\": \"\", \"limit_visibility_in_menu\": null, \"login_required\": false, \"placeholders\": [4, 5], \"creation_date\": \"2015-09-11T21:21:09.448Z\", \"parent\": null, \"path\": \"0003\", \"changed_date\": \"2015-09-12T19:25:18.102Z\", \"publication_end_date\": null, \"is_home\": false, \"languages\": \"es\", \"in_navigation\": true, \"application_urls\": \"ProductsApp\", \"changed_by\": \"contextinformatic@gmail.com\", \"numchild\": 0, \"site\": 1, \"revision_id\": 41, \"publication_date\": \"2015-09-11T21:30:08.393Z\", \"template\": \"feature.html\"}, \"model\": \"cms.page\"}]",
    "content_type": 2,
    "revision": 51,
    "object_id_int": 3,
    "object_id": "3",
    "object_repr": "PRODUCTOS"
  },
  "model": "reversion.version",
  "pk": 687
},
{
  "fields": {
    "format": "json",
    "serialized_data": "[{\"pk\": 4, \"fields\": {\"slot\": \"content\", \"default_width\": null}, \"model\": \"cms.placeholder\"}]",
    "content_type": 1,
    "revision": 51,
    "object_id_int": 4,
    "object_id": "4",
    "object_repr": "content"
  },
  "model": "reversion.version",
  "pk": 688
},
{
  "fields": {
    "format": "json",
    "serialized_data": "[{\"pk\": 5, \"fields\": {\"slot\": \"feature\", \"default_width\": null}, \"model\": \"cms.placeholder\"}]",
    "content_type": 1,
    "revision": 51,
    "object_id_int": 5,
    "object_id": "5",
    "object_repr": "feature"
  },
  "model": "reversion.version",
  "pk": 689
},
{
  "fields": {
    "format": "json",
    "serialized_data": "[{\"fields\": {\"path\": \"0003\", \"placeholder\": 8, \"creation_date\": \"2015-09-11T21:57:37.616Z\", \"plugin_type\": \"GoogleMapPlugin\", \"language\": \"es\", \"changed_date\": \"2015-09-11T21:59:21.842Z\", \"depth\": 1, \"numchild\": 0, \"position\": 0, \"parent\": null}, \"pk\": 3, \"model\": \"cms.cmsplugin\"}]",
    "content_type": 6,
    "revision": 52,
    "object_id_int": 3,
    "object_id": "3",
    "object_repr": "3"
  },
  "model": "reversion.version",
  "pk": 690
},
{
  "fields": {
    "format": "json",
    "serialized_data": "[{\"fields\": {}, \"pk\": 4, \"model\": \"djangocms_column.multicolumns\"}]",
    "content_type": 23,
    "revision": 52,
    "object_id_int": 4,
    "object_id": "4",
    "object_repr": "2 columnas"
  },
  "model": "reversion.version",
  "pk": 691
},
{
  "fields": {
    "format": "json",
    "serialized_data": "[{\"fields\": {\"path\": \"00040001\", \"placeholder\": 8, \"creation_date\": \"2015-09-11T22:00:05.278Z\", \"plugin_type\": \"ColumnPlugin\", \"language\": \"es\", \"changed_date\": \"2015-09-11T22:00:05.309Z\", \"depth\": 2, \"numchild\": 1, \"position\": 0, \"parent\": 4}, \"pk\": 5, \"model\": \"cms.cmsplugin\"}]",
    "content_type": 6,
    "revision": 52,
    "object_id_int": 5,
    "object_id": "5",
    "object_repr": "5"
  },
  "model": "reversion.version",
  "pk": 692
},
{
  "fields": {
    "format": "json",
    "serialized_data": "[{\"fields\": {\"width\": \"50%\"}, \"pk\": 6, \"model\": \"djangocms_column.column\"}]",
    "content_type": 22,
    "revision": 52,
    "object_id_int": 6,
    "object_id": "6",
    "object_repr": "50%"
  },
  "model": "reversion.version",
  "pk": 693
},
{
  "fields": {
    "format": "json",
    "serialized_data": "[{\"fields\": {\"collect_records\": true, \"title\": \"Contactanos\", \"email_subject\": \"testnubiquo@gmail.com\", \"template\": \"cmsplugin_contact_plus/contact.html\", \"submit\": \"Enviar consulta\", \"thanks\": \"Gracias por contactarte con nosotros, te estaremos respondiendo a la brevedad.\", \"recipient_email\": \"contextinformatic@gmail.com\"}, \"pk\": 7, \"model\": \"cmsplugin_contact_plus.contactplus\"}]",
    "content_type": 62,
    "revision": 52,
    "object_id_int": 7,
    "object_id": "7",
    "object_repr": "Contactanos"
  },
  "model": "reversion.version",
  "pk": 694
},
{
  "fields": {
    "format": "json",
    "serialized_data": "[{\"fields\": {\"default_width\": null, \"slot\": \"content\"}, \"pk\": 8, \"model\": \"cms.placeholder\"}]",
    "content_type": 1,
    "revision": 52,
    "object_id_int": 8,
    "object_id": "8",
    "object_repr": "content"
  },
  "model": "reversion.version",
  "pk": 695
},
{
  "fields": {
    "format": "json",
    "serialized_data": "[{\"fields\": {\"path\": \"contactanos\", \"title\": \"Contactanos\", \"page\": 5, \"has_url_overwrite\": false, \"creation_date\": \"2015-09-11T21:33:08.455Z\", \"redirect\": null, \"meta_description\": \"contactanos\", \"menu_title\": \"CONTACTANOS\", \"page_title\": \"Contactanos\", \"slug\": \"contactanos\", \"language\": \"es\", \"published\": false}, \"pk\": 5, \"model\": \"cms.title\"}]",
    "content_type": 10,
    "revision": 52,
    "object_id_int": 5,
    "object_id": "5",
    "object_repr": "Contactanos (contactanos, es)"
  },
  "model": "reversion.version",
  "pk": 696
},
{
  "fields": {
    "format": "json",
    "serialized_data": "[{\"fields\": {\"additional_classes\": \"content-title\", \"padding_bottom\": null, \"margin_top\": null, \"margin_bottom\": null, \"class_name\": \"hint\", \"padding_left\": null, \"margin_right\": null, \"padding_top\": null, \"margin_left\": null, \"tag_type\": \"div\", \"padding_right\": null}, \"pk\": 18, \"model\": \"djangocms_style.style\"}]",
    "content_type": 21,
    "revision": 52,
    "object_id_int": 18,
    "object_id": "18",
    "object_repr": "18"
  },
  "model": "reversion.version",
  "pk": 697
},
{
  "fields": {
    "format": "json",
    "serialized_data": "[{\"fields\": {\"path\": \"0004000200010001\", \"placeholder\": 8, \"creation_date\": \"2015-09-12T16:29:01.632Z\", \"plugin_type\": \"StylePlugin\", \"language\": \"es\", \"changed_date\": \"2015-09-12T16:35:49.597Z\", \"depth\": 4, \"numchild\": 3, \"position\": 0, \"parent\": 18}, \"pk\": 19, \"model\": \"cms.cmsplugin\"}]",
    "content_type": 6,
    "revision": 52,
    "object_id_int": 19,
    "object_id": "19",
    "object_repr": "19"
  },
  "model": "reversion.version",
  "pk": 698
},
{
  "fields": {
    "format": "json",
    "serialized_data": "[{\"fields\": {\"path\": \"0004\", \"placeholder\": 8, \"creation_date\": \"2015-09-11T21:59:43.244Z\", \"plugin_type\": \"MultiColumnPlugin\", \"language\": \"es\", \"changed_date\": \"2015-09-11T22:00:05.259Z\", \"depth\": 1, \"numchild\": 2, \"position\": 1, \"parent\": null}, \"pk\": 4, \"model\": \"cms.cmsplugin\"}]",
    "content_type": 6,
    "revision": 52,
    "object_id_int": 4,
    "object_id": "4",
    "object_repr": "4"
  },
  "model": "reversion.version",
  "pk": 699
},
{
  "fields": {
    "format": "json",
    "serialized_data": "[{\"fields\": {\"width\": \"50%\"}, \"pk\": 5, \"model\": \"djangocms_column.column\"}]",
    "content_type": 22,
    "revision": 52,
    "object_id_int": 5,
    "object_id": "5",
    "object_repr": "50%"
  },
  "model": "reversion.version",
  "pk": 700
},
{
  "fields": {
    "format": "json",
    "serialized_data": "[{\"fields\": {\"path\": \"00040002000100010002\", \"placeholder\": 8, \"creation_date\": \"2015-09-12T19:22:35.770Z\", \"plugin_type\": \"PicturePlugin\", \"language\": \"es\", \"changed_date\": \"2015-09-12T19:22:35.780Z\", \"depth\": 5, \"numchild\": 0, \"position\": 1, \"parent\": 19}, \"pk\": 37, \"model\": \"cms.cmsplugin\"}]",
    "content_type": 6,
    "revision": 52,
    "object_id_int": 37,
    "object_id": "37",
    "object_repr": "37"
  },
  "model": "reversion.version",
  "pk": 701
},
{
  "fields": {
    "format": "json",
    "serialized_data": "[{\"fields\": {\"path\": \"0005\", \"site\": 1, \"revision_id\": 0, \"limit_visibility_in_menu\": null, \"login_required\": false, \"placeholders\": [8], \"created_by\": \"contextinformatic@gmail.com\", \"creation_date\": \"2015-09-11T21:33:08.036Z\", \"application_urls\": null, \"publication_end_date\": null, \"soft_root\": false, \"changed_date\": \"2015-09-12T19:22:35.848Z\", \"template\": \"INHERIT\", \"is_home\": false, \"navigation_extenders\": null, \"xframe_options\": 0, \"changed_by\": \"contextinformatic@gmail.com\", \"depth\": 1, \"application_namespace\": null, \"numchild\": 0, \"languages\": \"es\", \"parent\": null, \"in_navigation\": true, \"reverse_id\": null, \"publication_date\": null}, \"pk\": 5, \"model\": \"cms.page\"}]",
    "content_type": 2,
    "revision": 52,
    "object_id_int": 5,
    "object_id": "5",
    "object_repr": "CONTACTANOS"
  },
  "model": "reversion.version",
  "pk": 702
},
{
  "fields": {
    "format": "json",
    "serialized_data": "[{\"fields\": {\"content\": \"\", \"lng\": \"-64.154900\", \"city\": \"Cordoba\", \"pan_control\": true, \"zoom_control\": true, \"title\": \"Mi casa\", \"route_planer_title\": \"Calcular la manera m\\u00e1s r\\u00e1pida de ir\", \"height\": \"400px\", \"scrollwheel\": true, \"draggable\": true, \"address\": \"Cordoba\", \"info_window\": true, \"width\": \"100%\", \"zipcode\": \"5000\", \"street_view_control\": true, \"double_click_zoom\": true, \"lat\": \"-31.396000\", \"zoom\": 13, \"keyboard_shortcuts\": true, \"route_planer\": false}, \"pk\": 3, \"model\": \"djangocms_googlemap.googlemap\"}]",
    "content_type": 26,
    "revision": 52,
    "object_id_int": 3,
    "object_id": "3",
    "object_repr": "Mi casa (Cordoba, 5000 Cordoba)"
  },
  "model": "reversion.version",
  "pk": 703
},
{
  "fields": {
    "format": "json",
    "serialized_data": "[{\"fields\": {\"description\": \"\", \"page_link\": 1, \"image\": \"\", \"title\": \"adasdasdaa\", \"url\": \"\"}, \"pk\": 36, \"model\": \"djangocms_teaser.teaser\"}]",
    "content_type": 30,
    "revision": 52,
    "object_id_int": 36,
    "object_id": "36",
    "object_repr": "adasdasdaa"
  },
  "model": "reversion.version",
  "pk": 704
},
{
  "fields": {
    "format": "json",
    "serialized_data": "[{\"fields\": {\"path\": \"00040002\", \"placeholder\": 8, \"creation_date\": \"2015-09-11T22:00:05.337Z\", \"plugin_type\": \"ColumnPlugin\", \"language\": \"es\", \"changed_date\": \"2015-09-12T16:36:03.572Z\", \"depth\": 2, \"numchild\": 1, \"position\": 1, \"parent\": 4}, \"pk\": 6, \"model\": \"cms.cmsplugin\"}]",
    "content_type": 6,
    "revision": 52,
    "object_id_int": 6,
    "object_id": "6",
    "object_repr": "6"
  },
  "model": "reversion.version",
  "pk": 705
},
{
  "fields": {
    "format": "json",
    "serialized_data": "[{\"fields\": {\"alias_placeholder\": 8, \"plugin\": null}, \"pk\": 38, \"model\": \"cms.aliaspluginmodel\"}]",
    "content_type": 12,
    "revision": 52,
    "object_id_int": 38,
    "object_id": "38",
    "object_repr": "Contenido"
  },
  "model": "reversion.version",
  "pk": 706
},
{
  "fields": {
    "format": "json",
    "serialized_data": "[{\"fields\": {\"path\": \"000400010001\", \"placeholder\": 8, \"creation_date\": \"2015-09-11T22:00:20.065Z\", \"plugin_type\": \"CMSContactPlusPlugin\", \"language\": \"es\", \"changed_date\": \"2015-09-12T16:25:18.265Z\", \"depth\": 3, \"numchild\": 0, \"position\": 0, \"parent\": 5}, \"pk\": 7, \"model\": \"cms.cmsplugin\"}]",
    "content_type": 6,
    "revision": 52,
    "object_id_int": 7,
    "object_id": "7",
    "object_repr": "7"
  },
  "model": "reversion.version",
  "pk": 707
},
{
  "fields": {
    "format": "json",
    "serialized_data": "[{\"fields\": {\"path\": \"000400020001\", \"placeholder\": 8, \"creation_date\": \"2015-09-12T16:28:07.903Z\", \"plugin_type\": \"StylePlugin\", \"language\": \"es\", \"changed_date\": \"2015-09-12T16:32:02.256Z\", \"depth\": 3, \"numchild\": 1, \"position\": 0, \"parent\": 6}, \"pk\": 18, \"model\": \"cms.cmsplugin\"}]",
    "content_type": 6,
    "revision": 52,
    "object_id_int": 18,
    "object_id": "18",
    "object_repr": "18"
  },
  "model": "reversion.version",
  "pk": 708
},
{
  "fields": {
    "format": "json",
    "serialized_data": "[{\"fields\": {\"additional_classes\": \"title\", \"padding_bottom\": null, \"margin_top\": null, \"margin_bottom\": null, \"class_name\": \"info\", \"padding_left\": null, \"margin_right\": null, \"padding_top\": null, \"margin_left\": null, \"tag_type\": \"div\", \"padding_right\": null}, \"pk\": 19, \"model\": \"djangocms_style.style\"}]",
    "content_type": 21,
    "revision": 52,
    "object_id_int": 19,
    "object_id": "19",
    "object_repr": "19"
  },
  "model": "reversion.version",
  "pk": 709
},
{
  "fields": {
    "format": "json",
    "serialized_data": "[{\"fields\": {\"path\": \"00040002000100010003\", \"placeholder\": 8, \"creation_date\": \"2015-09-12T19:48:35.841Z\", \"plugin_type\": \"AliasPlugin\", \"language\": \"es\", \"changed_date\": \"2015-09-12T19:48:35.871Z\", \"depth\": 5, \"numchild\": 0, \"position\": 2, \"parent\": 19}, \"pk\": 38, \"model\": \"cms.cmsplugin\"}]",
    "content_type": 6,
    "revision": 52,
    "object_id_int": 38,
    "object_id": "38",
    "object_repr": "38"
  },
  "model": "reversion.version",
  "pk": 710
},
{
  "fields": {
    "format": "json",
    "serialized_data": "[{\"fields\": {\"path\": \"00040002000100010001\", \"placeholder\": 8, \"creation_date\": \"2015-09-12T19:17:26.292Z\", \"plugin_type\": \"TeaserPlugin\", \"language\": \"es\", \"changed_date\": \"2015-09-12T19:17:38.807Z\", \"depth\": 5, \"numchild\": 0, \"position\": 0, \"parent\": 19}, \"pk\": 36, \"model\": \"cms.cmsplugin\"}]",
    "content_type": 6,
    "revision": 52,
    "object_id_int": 36,
    "object_id": "36",
    "object_repr": "36"
  },
  "model": "reversion.version",
  "pk": 711
},
{
  "fields": {
    "format": "json",
    "serialized_data": "[{\"model\": \"cmsplugin_contact_plus.contactplus\", \"pk\": 43, \"fields\": {\"thanks\": \"Hemos recibido una consulta, estaremos respondiendo a la brevedad\", \"submit\": \"Enviar consulta\", \"template\": \"cmsplugin_contact_plus/contact.html\", \"email_subject\": \"testnubiquo@gmail.com\", \"title\": \"Formulario de contacto\", \"recipient_email\": \"contextinformatic@gmail.com\", \"collect_records\": true}}]",
    "content_type": 62,
    "revision": 71,
    "object_id_int": 43,
    "object_id": "43",
    "object_repr": "Formulario de contacto"
  },
  "model": "reversion.version",
  "pk": 1011
},
{
  "fields": {
    "format": "json",
    "serialized_data": "[{\"model\": \"cms.cmsplugin\", \"pk\": 49, \"fields\": {\"placeholder\": 11, \"position\": 0, \"parent\": 42, \"depth\": 3, \"numchild\": 0, \"plugin_type\": \"GoogleMapPlugin\", \"path\": \"000B00030001\", \"language\": \"es\", \"changed_date\": \"2015-09-12T20:15:59.182Z\", \"creation_date\": \"2015-09-12T20:14:31.358Z\"}}]",
    "content_type": 6,
    "revision": 71,
    "object_id_int": 49,
    "object_id": "49",
    "object_repr": "49"
  },
  "model": "reversion.version",
  "pk": 1012
},
{
  "fields": {
    "format": "json",
    "serialized_data": "[{\"model\": \"cms.page\", \"pk\": 6, \"fields\": {\"depth\": 1, \"is_home\": false, \"soft_root\": false, \"numchild\": 0, \"navigation_extenders\": null, \"path\": \"0005\", \"created_by\": \"contextinformatic@gmail.com\", \"site\": 1, \"in_navigation\": true, \"template\": \"INHERIT\", \"changed_date\": \"2015-09-12T20:15:59.586Z\", \"login_required\": false, \"parent\": null, \"publication_end_date\": null, \"publication_date\": null, \"xframe_options\": 0, \"placeholders\": [11], \"application_urls\": null, \"languages\": \"es\", \"changed_by\": \"contextinformatic@gmail.com\", \"reverse_id\": null, \"revision_id\": 0, \"limit_visibility_in_menu\": null, \"creation_date\": \"2015-09-12T20:03:19.408Z\", \"application_namespace\": null}}]",
    "content_type": 2,
    "revision": 71,
    "object_id_int": 6,
    "object_id": "6",
    "object_repr": "CONTACTANOS"
  },
  "model": "reversion.version",
  "pk": 1013
},
{
  "fields": {
    "format": "json",
    "serialized_data": "[{\"model\": \"djangocms_style.style\", \"pk\": 44, \"fields\": {\"padding_bottom\": null, \"margin_top\": null, \"additional_classes\": \"content-title\", \"margin_bottom\": null, \"class_name\": null, \"padding_left\": null, \"padding_top\": null, \"tag_type\": \"div\", \"padding_right\": null, \"margin_right\": null, \"margin_left\": null}}]",
    "content_type": 21,
    "revision": 71,
    "object_id_int": 44,
    "object_id": "44",
    "object_repr": "44"
  },
  "model": "reversion.version",
  "pk": 1014
},
{
  "fields": {
    "format": "json",
    "serialized_data": "[{\"model\": \"cms.placeholder\", \"pk\": 11, \"fields\": {\"slot\": \"content\", \"default_width\": null}}]",
    "content_type": 1,
    "revision": 71,
    "object_id_int": 11,
    "object_id": "11",
    "object_repr": "content"
  },
  "model": "reversion.version",
  "pk": 1015
},
{
  "fields": {
    "format": "json",
    "serialized_data": "[{\"model\": \"djangocms_style.style\", \"pk\": 45, \"fields\": {\"padding_bottom\": null, \"margin_top\": null, \"additional_classes\": \"title\", \"margin_bottom\": null, \"class_name\": \"new\", \"padding_left\": null, \"padding_top\": null, \"tag_type\": \"div\", \"padding_right\": null, \"margin_right\": null, \"margin_left\": null}}]",
    "content_type": 21,
    "revision": 71,
    "object_id_int": 45,
    "object_id": "45",
    "object_repr": "45"
  },
  "model": "reversion.version",
  "pk": 1016
},
{
  "fields": {
    "format": "json",
    "serialized_data": "[{\"model\": \"djangocms_column.column\", \"pk\": 41, \"fields\": {\"width\": \"33.33%\"}}]",
    "content_type": 22,
    "revision": 71,
    "object_id_int": 41,
    "object_id": "41",
    "object_repr": "33%"
  },
  "model": "reversion.version",
  "pk": 1017
},
{
  "fields": {
    "format": "json",
    "serialized_data": "[{\"model\": \"djangocms_text_ckeditor.text\", \"pk\": 46, \"fields\": {\"body\": \"Contactanos\\n\"}}]",
    "content_type": 14,
    "revision": 71,
    "object_id_int": 46,
    "object_id": "46",
    "object_repr": "Contactanos"
  },
  "model": "reversion.version",
  "pk": 1018
},
{
  "fields": {
    "format": "json",
    "serialized_data": "[{\"model\": \"djangocms_column.multicolumns\", \"pk\": 39, \"fields\": {}}]",
    "content_type": 23,
    "revision": 71,
    "object_id_int": 39,
    "object_id": "39",
    "object_repr": "3 columnas"
  },
  "model": "reversion.version",
  "pk": 1019
},
{
  "fields": {
    "format": "json",
    "serialized_data": "[{\"model\": \"cms.cmsplugin\", \"pk\": 47, \"fields\": {\"placeholder\": 11, \"position\": 0, \"parent\": 40, \"depth\": 3, \"numchild\": 0, \"plugin_type\": \"TextPlugin\", \"path\": \"000B00010001\", \"language\": \"es\", \"changed_date\": \"2015-09-12T20:14:09.018Z\", \"creation_date\": \"2015-09-12T20:10:59.701Z\"}}]",
    "content_type": 6,
    "revision": 71,
    "object_id_int": 47,
    "object_id": "47",
    "object_repr": "47"
  },
  "model": "reversion.version",
  "pk": 1020
},
{
  "fields": {
    "format": "json",
    "serialized_data": "[{\"model\": \"cms.title\", \"pk\": 6, \"fields\": {\"has_url_overwrite\": false, \"menu_title\": \"CONTACTANOS\", \"language\": \"es\", \"page_title\": \"Contactanos\", \"slug\": \"contactanos\", \"page\": 6, \"redirect\": null, \"published\": false, \"path\": \"contactanos\", \"meta_description\": \"contactanos, llama, consulta\", \"title\": \"Contactanos\", \"creation_date\": \"2015-09-12T20:03:19.749Z\"}}]",
    "content_type": 10,
    "revision": 71,
    "object_id_int": 6,
    "object_id": "6",
    "object_repr": "Contactanos (contactanos, es)"
  },
  "model": "reversion.version",
  "pk": 1021
},
{
  "fields": {
    "format": "json",
    "serialized_data": "[{\"model\": \"cms.cmsplugin\", \"pk\": 39, \"fields\": {\"placeholder\": 11, \"position\": 0, \"parent\": null, \"depth\": 1, \"numchild\": 3, \"plugin_type\": \"MultiColumnPlugin\", \"path\": \"000B\", \"language\": \"es\", \"changed_date\": \"2015-09-12T20:04:02.587Z\", \"creation_date\": \"2015-09-12T20:03:57.003Z\"}}]",
    "content_type": 6,
    "revision": 71,
    "object_id_int": 39,
    "object_id": "39",
    "object_repr": "39"
  },
  "model": "reversion.version",
  "pk": 1022
},
{
  "fields": {
    "format": "json",
    "serialized_data": "[{\"model\": \"cms.cmsplugin\", \"pk\": 40, \"fields\": {\"placeholder\": 11, \"position\": 0, \"parent\": 39, \"depth\": 2, \"numchild\": 1, \"plugin_type\": \"ColumnPlugin\", \"path\": \"000B0001\", \"language\": \"es\", \"changed_date\": \"2015-09-12T20:17:01.624Z\", \"creation_date\": \"2015-09-12T20:04:02.612Z\"}}]",
    "content_type": 6,
    "revision": 71,
    "object_id_int": 40,
    "object_id": "40",
    "object_repr": "40"
  },
  "model": "reversion.version",
  "pk": 1023
},
{
  "fields": {
    "format": "json",
    "serialized_data": "[{\"model\": \"cms.cmsplugin\", \"pk\": 41, \"fields\": {\"placeholder\": 11, \"position\": 1, \"parent\": 39, \"depth\": 2, \"numchild\": 2, \"plugin_type\": \"ColumnPlugin\", \"path\": \"000B0002\", \"language\": \"es\", \"changed_date\": \"2015-09-12T20:04:02.811Z\", \"creation_date\": \"2015-09-12T20:04:02.671Z\"}}]",
    "content_type": 6,
    "revision": 71,
    "object_id_int": 41,
    "object_id": "41",
    "object_repr": "41"
  },
  "model": "reversion.version",
  "pk": 1024
},
{
  "fields": {
    "format": "json",
    "serialized_data": "[{\"model\": \"djangocms_column.column\", \"pk\": 42, \"fields\": {\"width\": \"33.33%\"}}]",
    "content_type": 22,
    "revision": 71,
    "object_id_int": 42,
    "object_id": "42",
    "object_repr": "33%"
  },
  "model": "reversion.version",
  "pk": 1025
},
{
  "fields": {
    "format": "json",
    "serialized_data": "[{\"model\": \"cms.cmsplugin\", \"pk\": 43, \"fields\": {\"placeholder\": 11, \"position\": 1, \"parent\": 41, \"depth\": 3, \"numchild\": 0, \"plugin_type\": \"CMSContactPlusPlugin\", \"path\": \"000B00020001\", \"language\": \"es\", \"changed_date\": \"2015-09-12T20:08:12.939Z\", \"creation_date\": \"2015-09-12T20:04:15.924Z\"}}]",
    "content_type": 6,
    "revision": 71,
    "object_id_int": 43,
    "object_id": "43",
    "object_repr": "43"
  },
  "model": "reversion.version",
  "pk": 1026
},
{
  "fields": {
    "format": "json",
    "serialized_data": "[{\"model\": \"cms.cmsplugin\", \"pk\": 44, \"fields\": {\"placeholder\": 11, \"position\": 0, \"parent\": 41, \"depth\": 3, \"numchild\": 1, \"plugin_type\": \"StylePlugin\", \"path\": \"000B00020002\", \"language\": \"es\", \"changed_date\": \"2015-09-12T20:08:12.948Z\", \"creation_date\": \"2015-09-12T20:07:29.593Z\"}}]",
    "content_type": 6,
    "revision": 71,
    "object_id_int": 44,
    "object_id": "44",
    "object_repr": "44"
  },
  "model": "reversion.version",
  "pk": 1027
},
{
  "fields": {
    "format": "json",
    "serialized_data": "[{\"model\": \"cms.cmsplugin\", \"pk\": 45, \"fields\": {\"placeholder\": 11, \"position\": 0, \"parent\": 44, \"depth\": 4, \"numchild\": 1, \"plugin_type\": \"StylePlugin\", \"path\": \"000B000200020001\", \"language\": \"es\", \"changed_date\": \"2015-09-12T20:10:03.601Z\", \"creation_date\": \"2015-09-12T20:08:17.813Z\"}}]",
    "content_type": 6,
    "revision": 71,
    "object_id_int": 45,
    "object_id": "45",
    "object_repr": "45"
  },
  "model": "reversion.version",
  "pk": 1028
},
{
  "fields": {
    "format": "json",
    "serialized_data": "[{\"model\": \"cms.cmsplugin\", \"pk\": 46, \"fields\": {\"placeholder\": 11, \"position\": 0, \"parent\": 45, \"depth\": 5, \"numchild\": 0, \"plugin_type\": \"TextPlugin\", \"path\": \"000B0002000200010001\", \"language\": \"es\", \"changed_date\": \"2015-09-12T20:10:25.354Z\", \"creation_date\": \"2015-09-12T20:08:43.673Z\"}}]",
    "content_type": 6,
    "revision": 71,
    "object_id_int": 46,
    "object_id": "46",
    "object_repr": "46"
  },
  "model": "reversion.version",
  "pk": 1029
},
{
  "fields": {
    "format": "json",
    "serialized_data": "[{\"model\": \"djangocms_text_ckeditor.text\", \"pk\": 47, \"fields\": {\"body\": \"<p><strong><span style=\\\"color: #FFFFFF;\\\"><span style=\\\"background-color: #0000FF;\\\">Estamos en Ciudad de C\\u00f3rdoba.</span></span></strong></p>\\n\\n<hr>\\n<p>Medios de contacto:</p>\\n\\n<ul>\\n\\t<li>Tel: +(549) 351 <strong>12332423</strong></li>\\n\\t<li>Email :<strong> contacto@owncommerce.com</strong></li>\\n\\t<li>Facebook:<b>\\u00a0/owncommerce</b></li>\\n</ul>\\n\"}}]",
    "content_type": 14,
    "revision": 71,
    "object_id_int": 47,
    "object_id": "47",
    "object_repr": "Estamos en Ciudad..."
  },
  "model": "reversion.version",
  "pk": 1030
},
{
  "fields": {
    "format": "json",
    "serialized_data": "[{\"model\": \"djangocms_googlemap.googlemap\", \"pk\": 49, \"fields\": {\"width\": \"100%\", \"lng\": \"-31.439430\", \"zoom\": 13, \"lat\": \"-31.396505\", \"content\": \"\", \"address\": \"San Luis 98\", \"info_window\": true, \"height\": \"400px\", \"route_planer\": false, \"double_click_zoom\": true, \"draggable\": true, \"street_view_control\": true, \"scrollwheel\": true, \"city\": \"Cordoba\", \"zoom_control\": true, \"pan_control\": true, \"zipcode\": \"5000\", \"title\": \"Nuestra ubicacion\", \"keyboard_shortcuts\": true, \"route_planer_title\": \"Calcular la manera m\\u00e1s r\\u00e1pida de ir\"}}]",
    "content_type": 26,
    "revision": 71,
    "object_id_int": 49,
    "object_id": "49",
    "object_repr": "Nuestra ubicacion (San Luis 98, 5000 Cordoba)"
  },
  "model": "reversion.version",
  "pk": 1031
},
{
  "fields": {
    "format": "json",
    "serialized_data": "[{\"model\": \"djangocms_column.column\", \"pk\": 40, \"fields\": {\"width\": \"66.66%\"}}]",
    "content_type": 22,
    "revision": 71,
    "object_id_int": 40,
    "object_id": "40",
    "object_repr": "66%"
  },
  "model": "reversion.version",
  "pk": 1032
},
{
  "fields": {
    "format": "json",
    "serialized_data": "[{\"model\": \"cms.cmsplugin\", \"pk\": 42, \"fields\": {\"placeholder\": 11, \"position\": 2, \"parent\": 39, \"depth\": 2, \"numchild\": 1, \"plugin_type\": \"ColumnPlugin\", \"path\": \"000B0003\", \"language\": \"es\", \"changed_date\": \"2015-09-12T20:04:02.875Z\", \"creation_date\": \"2015-09-12T20:04:02.838Z\"}}]",
    "content_type": 6,
    "revision": 71,
    "object_id_int": 42,
    "object_id": "42",
    "object_repr": "42"
  },
  "model": "reversion.version",
  "pk": 1033
},
{
  "fields": {
    "format": "json",
    "serialized_data": "[{\"model\": \"cmsplugin_contact_plus.contactplus\", \"pk\": 43, \"fields\": {\"thanks\": \"Hemos recibido una consulta, estaremos respondiendo a la brevedad\", \"submit\": \"Enviar consulta\", \"template\": \"cmsplugin_contact_plus/contact.html\", \"email_subject\": \"testnubiquo@gmail.com\", \"title\": \"Formulario de contacto\", \"recipient_email\": \"contextinformatic@gmail.com\", \"collect_records\": true}}]",
    "content_type": 62,
    "revision": 72,
    "object_id_int": 43,
    "object_id": "43",
    "object_repr": "Formulario de contacto"
  },
  "model": "reversion.version",
  "pk": 1034
},
{
  "fields": {
    "format": "json",
    "serialized_data": "[{\"model\": \"cms.cmsplugin\", \"pk\": 49, \"fields\": {\"placeholder\": 11, \"position\": 0, \"parent\": 42, \"depth\": 3, \"numchild\": 0, \"plugin_type\": \"GoogleMapPlugin\", \"path\": \"000B00030001\", \"language\": \"es\", \"changed_date\": \"2015-09-12T20:15:59.182Z\", \"creation_date\": \"2015-09-12T20:14:31.358Z\"}}]",
    "content_type": 6,
    "revision": 72,
    "object_id_int": 49,
    "object_id": "49",
    "object_repr": "49"
  },
  "model": "reversion.version",
  "pk": 1035
},
{
  "fields": {
    "format": "json",
    "serialized_data": "[{\"model\": \"cms.page\", \"pk\": 6, \"fields\": {\"depth\": 1, \"is_home\": false, \"soft_root\": false, \"numchild\": 0, \"navigation_extenders\": null, \"path\": \"0005\", \"created_by\": \"contextinformatic@gmail.com\", \"site\": 1, \"in_navigation\": true, \"template\": \"INHERIT\", \"changed_date\": \"2015-09-12T20:17:02.069Z\", \"login_required\": false, \"parent\": null, \"publication_end_date\": null, \"publication_date\": null, \"xframe_options\": 0, \"placeholders\": [11], \"application_urls\": null, \"languages\": \"es\", \"changed_by\": \"contextinformatic@gmail.com\", \"reverse_id\": null, \"revision_id\": 0, \"limit_visibility_in_menu\": null, \"creation_date\": \"2015-09-12T20:03:19.408Z\", \"application_namespace\": null}}]",
    "content_type": 2,
    "revision": 72,
    "object_id_int": 6,
    "object_id": "6",
    "object_repr": "CONTACTANOS"
  },
  "model": "reversion.version",
  "pk": 1036
},
{
  "fields": {
    "format": "json",
    "serialized_data": "[{\"model\": \"djangocms_style.style\", \"pk\": 44, \"fields\": {\"padding_bottom\": null, \"margin_top\": null, \"additional_classes\": \"content-title\", \"margin_bottom\": null, \"class_name\": null, \"padding_left\": null, \"padding_top\": null, \"tag_type\": \"div\", \"padding_right\": null, \"margin_right\": null, \"margin_left\": null}}]",
    "content_type": 21,
    "revision": 72,
    "object_id_int": 44,
    "object_id": "44",
    "object_repr": "44"
  },
  "model": "reversion.version",
  "pk": 1037
},
{
  "fields": {
    "format": "json",
    "serialized_data": "[{\"model\": \"cms.placeholder\", \"pk\": 11, \"fields\": {\"slot\": \"content\", \"default_width\": null}}]",
    "content_type": 1,
    "revision": 72,
    "object_id_int": 11,
    "object_id": "11",
    "object_repr": "content"
  },
  "model": "reversion.version",
  "pk": 1038
},
{
  "fields": {
    "format": "json",
    "serialized_data": "[{\"model\": \"djangocms_style.style\", \"pk\": 45, \"fields\": {\"padding_bottom\": null, \"margin_top\": null, \"additional_classes\": \"title\", \"margin_bottom\": null, \"class_name\": \"new\", \"padding_left\": null, \"padding_top\": null, \"tag_type\": \"div\", \"padding_right\": null, \"margin_right\": null, \"margin_left\": null}}]",
    "content_type": 21,
    "revision": 72,
    "object_id_int": 45,
    "object_id": "45",
    "object_repr": "45"
  },
  "model": "reversion.version",
  "pk": 1039
},
{
  "fields": {
    "format": "json",
    "serialized_data": "[{\"model\": \"djangocms_column.column\", \"pk\": 41, \"fields\": {\"width\": \"33.33%\"}}]",
    "content_type": 22,
    "revision": 72,
    "object_id_int": 41,
    "object_id": "41",
    "object_repr": "33%"
  },
  "model": "reversion.version",
  "pk": 1040
},
{
  "fields": {
    "format": "json",
    "serialized_data": "[{\"model\": \"djangocms_text_ckeditor.text\", \"pk\": 46, \"fields\": {\"body\": \"Contactanos\\n\"}}]",
    "content_type": 14,
    "revision": 72,
    "object_id_int": 46,
    "object_id": "46",
    "object_repr": "Contactanos"
  },
  "model": "reversion.version",
  "pk": 1041
},
{
  "fields": {
    "format": "json",
    "serialized_data": "[{\"model\": \"djangocms_column.multicolumns\", \"pk\": 39, \"fields\": {}}]",
    "content_type": 23,
    "revision": 72,
    "object_id_int": 39,
    "object_id": "39",
    "object_repr": "3 columnas"
  },
  "model": "reversion.version",
  "pk": 1042
},
{
  "fields": {
    "format": "json",
    "serialized_data": "[{\"model\": \"cms.cmsplugin\", \"pk\": 47, \"fields\": {\"placeholder\": 11, \"position\": 0, \"parent\": 40, \"depth\": 3, \"numchild\": 0, \"plugin_type\": \"TextPlugin\", \"path\": \"000B00010001\", \"language\": \"es\", \"changed_date\": \"2015-09-12T20:14:09.018Z\", \"creation_date\": \"2015-09-12T20:10:59.701Z\"}}]",
    "content_type": 6,
    "revision": 72,
    "object_id_int": 47,
    "object_id": "47",
    "object_repr": "47"
  },
  "model": "reversion.version",
  "pk": 1043
},
{
  "fields": {
    "format": "json",
    "serialized_data": "[{\"model\": \"cms.title\", \"pk\": 6, \"fields\": {\"has_url_overwrite\": false, \"menu_title\": \"CONTACTANOS\", \"language\": \"es\", \"page_title\": \"Contactanos\", \"slug\": \"contactanos\", \"page\": 6, \"redirect\": null, \"published\": false, \"path\": \"contactanos\", \"meta_description\": \"contactanos, llama, consulta\", \"title\": \"Contactanos\", \"creation_date\": \"2015-09-12T20:03:19.749Z\"}}]",
    "content_type": 10,
    "revision": 72,
    "object_id_int": 6,
    "object_id": "6",
    "object_repr": "Contactanos (contactanos, es)"
  },
  "model": "reversion.version",
  "pk": 1044
},
{
  "fields": {
    "format": "json",
    "serialized_data": "[{\"model\": \"cms.cmsplugin\", \"pk\": 39, \"fields\": {\"placeholder\": 11, \"position\": 0, \"parent\": null, \"depth\": 1, \"numchild\": 3, \"plugin_type\": \"MultiColumnPlugin\", \"path\": \"000B\", \"language\": \"es\", \"changed_date\": \"2015-09-12T20:04:02.587Z\", \"creation_date\": \"2015-09-12T20:03:57.003Z\"}}]",
    "content_type": 6,
    "revision": 72,
    "object_id_int": 39,
    "object_id": "39",
    "object_repr": "39"
  },
  "model": "reversion.version",
  "pk": 1045
},
{
  "fields": {
    "format": "json",
    "serialized_data": "[{\"model\": \"cms.cmsplugin\", \"pk\": 40, \"fields\": {\"placeholder\": 11, \"position\": 0, \"parent\": 39, \"depth\": 2, \"numchild\": 1, \"plugin_type\": \"ColumnPlugin\", \"path\": \"000B0001\", \"language\": \"es\", \"changed_date\": \"2015-09-12T20:17:18.284Z\", \"creation_date\": \"2015-09-12T20:04:02.612Z\"}}]",
    "content_type": 6,
    "revision": 72,
    "object_id_int": 40,
    "object_id": "40",
    "object_repr": "40"
  },
  "model": "reversion.version",
  "pk": 1046
},
{
  "fields": {
    "format": "json",
    "serialized_data": "[{\"model\": \"cms.cmsplugin\", \"pk\": 41, \"fields\": {\"placeholder\": 11, \"position\": 1, \"parent\": 39, \"depth\": 2, \"numchild\": 2, \"plugin_type\": \"ColumnPlugin\", \"path\": \"000B0002\", \"language\": \"es\", \"changed_date\": \"2015-09-12T20:04:02.811Z\", \"creation_date\": \"2015-09-12T20:04:02.671Z\"}}]",
    "content_type": 6,
    "revision": 72,
    "object_id_int": 41,
    "object_id": "41",
    "object_repr": "41"
  },
  "model": "reversion.version",
  "pk": 1047
},
{
  "fields": {
    "format": "json",
    "serialized_data": "[{\"model\": \"djangocms_column.column\", \"pk\": 42, \"fields\": {\"width\": \"33.33%\"}}]",
    "content_type": 22,
    "revision": 72,
    "object_id_int": 42,
    "object_id": "42",
    "object_repr": "33%"
  },
  "model": "reversion.version",
  "pk": 1048
},
{
  "fields": {
    "format": "json",
    "serialized_data": "[{\"model\": \"cms.cmsplugin\", \"pk\": 43, \"fields\": {\"placeholder\": 11, \"position\": 1, \"parent\": 41, \"depth\": 3, \"numchild\": 0, \"plugin_type\": \"CMSContactPlusPlugin\", \"path\": \"000B00020001\", \"language\": \"es\", \"changed_date\": \"2015-09-12T20:08:12.939Z\", \"creation_date\": \"2015-09-12T20:04:15.924Z\"}}]",
    "content_type": 6,
    "revision": 72,
    "object_id_int": 43,
    "object_id": "43",
    "object_repr": "43"
  },
  "model": "reversion.version",
  "pk": 1049
},
{
  "fields": {
    "format": "json",
    "serialized_data": "[{\"model\": \"cms.cmsplugin\", \"pk\": 44, \"fields\": {\"placeholder\": 11, \"position\": 0, \"parent\": 41, \"depth\": 3, \"numchild\": 1, \"plugin_type\": \"StylePlugin\", \"path\": \"000B00020002\", \"language\": \"es\", \"changed_date\": \"2015-09-12T20:08:12.948Z\", \"creation_date\": \"2015-09-12T20:07:29.593Z\"}}]",
    "content_type": 6,
    "revision": 72,
    "object_id_int": 44,
    "object_id": "44",
    "object_repr": "44"
  },
  "model": "reversion.version",
  "pk": 1050
},
{
  "fields": {
    "format": "json",
    "serialized_data": "[{\"model\": \"cms.cmsplugin\", \"pk\": 45, \"fields\": {\"placeholder\": 11, \"position\": 0, \"parent\": 44, \"depth\": 4, \"numchild\": 1, \"plugin_type\": \"StylePlugin\", \"path\": \"000B000200020001\", \"language\": \"es\", \"changed_date\": \"2015-09-12T20:10:03.601Z\", \"creation_date\": \"2015-09-12T20:08:17.813Z\"}}]",
    "content_type": 6,
    "revision": 72,
    "object_id_int": 45,
    "object_id": "45",
    "object_repr": "45"
  },
  "model": "reversion.version",
  "pk": 1051
},
{
  "fields": {
    "format": "json",
    "serialized_data": "[{\"model\": \"cms.cmsplugin\", \"pk\": 46, \"fields\": {\"placeholder\": 11, \"position\": 0, \"parent\": 45, \"depth\": 5, \"numchild\": 0, \"plugin_type\": \"TextPlugin\", \"path\": \"000B0002000200010001\", \"language\": \"es\", \"changed_date\": \"2015-09-12T20:10:25.354Z\", \"creation_date\": \"2015-09-12T20:08:43.673Z\"}}]",
    "content_type": 6,
    "revision": 72,
    "object_id_int": 46,
    "object_id": "46",
    "object_repr": "46"
  },
  "model": "reversion.version",
  "pk": 1052
},
{
  "fields": {
    "format": "json",
    "serialized_data": "[{\"model\": \"djangocms_text_ckeditor.text\", \"pk\": 47, \"fields\": {\"body\": \"<p><strong><span style=\\\"color: #FFFFFF;\\\"><span style=\\\"background-color: #0000FF;\\\">Estamos en Ciudad de C\\u00f3rdoba.</span></span></strong></p>\\n\\n<hr>\\n<p>Medios de contacto:</p>\\n\\n<ul>\\n\\t<li>Tel: +(549) 351 <strong>12332423</strong></li>\\n\\t<li>Email :<strong> contacto@owncommerce.com</strong></li>\\n\\t<li>Facebook:<b>\\u00a0/owncommerce</b></li>\\n</ul>\\n\"}}]",
    "content_type": 14,
    "revision": 72,
    "object_id_int": 47,
    "object_id": "47",
    "object_repr": "Estamos en Ciudad..."
  },
  "model": "reversion.version",
  "pk": 1053
},
{
  "fields": {
    "format": "json",
    "serialized_data": "[{\"model\": \"djangocms_googlemap.googlemap\", \"pk\": 49, \"fields\": {\"width\": \"100%\", \"lng\": \"-31.439430\", \"zoom\": 13, \"lat\": \"-31.396505\", \"content\": \"\", \"address\": \"San Luis 98\", \"info_window\": true, \"height\": \"400px\", \"route_planer\": false, \"double_click_zoom\": true, \"draggable\": true, \"street_view_control\": true, \"scrollwheel\": true, \"city\": \"Cordoba\", \"zoom_control\": true, \"pan_control\": true, \"zipcode\": \"5000\", \"title\": \"Nuestra ubicacion\", \"keyboard_shortcuts\": true, \"route_planer_title\": \"Calcular la manera m\\u00e1s r\\u00e1pida de ir\"}}]",
    "content_type": 26,
    "revision": 72,
    "object_id_int": 49,
    "object_id": "49",
    "object_repr": "Nuestra ubicacion (San Luis 98, 5000 Cordoba)"
  },
  "model": "reversion.version",
  "pk": 1054
},
{
  "fields": {
    "format": "json",
    "serialized_data": "[{\"model\": \"djangocms_column.column\", \"pk\": 40, \"fields\": {\"width\": \"33.33%\"}}]",
    "content_type": 22,
    "revision": 72,
    "object_id_int": 40,
    "object_id": "40",
    "object_repr": "33%"
  },
  "model": "reversion.version",
  "pk": 1055
},
{
  "fields": {
    "format": "json",
    "serialized_data": "[{\"model\": \"cms.cmsplugin\", \"pk\": 42, \"fields\": {\"placeholder\": 11, \"position\": 2, \"parent\": 39, \"depth\": 2, \"numchild\": 1, \"plugin_type\": \"ColumnPlugin\", \"path\": \"000B0003\", \"language\": \"es\", \"changed_date\": \"2015-09-12T20:04:02.875Z\", \"creation_date\": \"2015-09-12T20:04:02.838Z\"}}]",
    "content_type": 6,
    "revision": 72,
    "object_id_int": 42,
    "object_id": "42",
    "object_repr": "42"
  },
  "model": "reversion.version",
  "pk": 1056
},
{
  "fields": {
    "format": "json",
    "serialized_data": "[{\"model\": \"cmsplugin_contact_plus.contactplus\", \"pk\": 43, \"fields\": {\"thanks\": \"Hemos recibido una consulta, estaremos respondiendo a la brevedad\", \"submit\": \"Enviar consulta\", \"template\": \"cmsplugin_contact_plus/contact.html\", \"email_subject\": \"testnubiquo@gmail.com\", \"title\": \"Formulario de contacto\", \"recipient_email\": \"contextinformatic@gmail.com\", \"collect_records\": true}}]",
    "content_type": 62,
    "revision": 73,
    "object_id_int": 43,
    "object_id": "43",
    "object_repr": "Formulario de contacto"
  },
  "model": "reversion.version",
  "pk": 1057
},
{
  "fields": {
    "format": "json",
    "serialized_data": "[{\"model\": \"cms.cmsplugin\", \"pk\": 49, \"fields\": {\"placeholder\": 11, \"position\": 0, \"parent\": 42, \"depth\": 3, \"numchild\": 0, \"plugin_type\": \"GoogleMapPlugin\", \"path\": \"000B00030001\", \"language\": \"es\", \"changed_date\": \"2015-09-12T20:15:59.182Z\", \"creation_date\": \"2015-09-12T20:14:31.358Z\"}}]",
    "content_type": 6,
    "revision": 73,
    "object_id_int": 49,
    "object_id": "49",
    "object_repr": "49"
  },
  "model": "reversion.version",
  "pk": 1058
},
{
  "fields": {
    "format": "json",
    "serialized_data": "[{\"model\": \"cms.page\", \"pk\": 6, \"fields\": {\"depth\": 1, \"is_home\": false, \"soft_root\": false, \"numchild\": 0, \"navigation_extenders\": null, \"path\": \"0005\", \"created_by\": \"contextinformatic@gmail.com\", \"site\": 1, \"in_navigation\": true, \"template\": \"INHERIT\", \"changed_date\": \"2015-09-12T20:17:18.817Z\", \"login_required\": false, \"parent\": null, \"publication_end_date\": null, \"publication_date\": null, \"xframe_options\": 0, \"placeholders\": [11], \"application_urls\": null, \"languages\": \"es\", \"changed_by\": \"contextinformatic@gmail.com\", \"reverse_id\": null, \"revision_id\": 0, \"limit_visibility_in_menu\": null, \"creation_date\": \"2015-09-12T20:03:19.408Z\", \"application_namespace\": null}}]",
    "content_type": 2,
    "revision": 73,
    "object_id_int": 6,
    "object_id": "6",
    "object_repr": "CONTACTANOS"
  },
  "model": "reversion.version",
  "pk": 1059
},
{
  "fields": {
    "format": "json",
    "serialized_data": "[{\"model\": \"djangocms_style.style\", \"pk\": 44, \"fields\": {\"padding_bottom\": null, \"margin_top\": null, \"additional_classes\": \"content-title\", \"margin_bottom\": null, \"class_name\": null, \"padding_left\": null, \"padding_top\": null, \"tag_type\": \"div\", \"padding_right\": null, \"margin_right\": null, \"margin_left\": null}}]",
    "content_type": 21,
    "revision": 73,
    "object_id_int": 44,
    "object_id": "44",
    "object_repr": "44"
  },
  "model": "reversion.version",
  "pk": 1060
},
{
  "fields": {
    "format": "json",
    "serialized_data": "[{\"model\": \"cms.placeholder\", \"pk\": 11, \"fields\": {\"slot\": \"content\", \"default_width\": null}}]",
    "content_type": 1,
    "revision": 73,
    "object_id_int": 11,
    "object_id": "11",
    "object_repr": "content"
  },
  "model": "reversion.version",
  "pk": 1061
},
{
  "fields": {
    "format": "json",
    "serialized_data": "[{\"model\": \"djangocms_style.style\", \"pk\": 45, \"fields\": {\"padding_bottom\": null, \"margin_top\": null, \"additional_classes\": \"title\", \"margin_bottom\": null, \"class_name\": \"new\", \"padding_left\": null, \"padding_top\": null, \"tag_type\": \"div\", \"padding_right\": null, \"margin_right\": null, \"margin_left\": null}}]",
    "content_type": 21,
    "revision": 73,
    "object_id_int": 45,
    "object_id": "45",
    "object_repr": "45"
  },
  "model": "reversion.version",
  "pk": 1062
},
{
  "fields": {
    "format": "json",
    "serialized_data": "[{\"model\": \"djangocms_column.column\", \"pk\": 41, \"fields\": {\"width\": \"66.66%\"}}]",
    "content_type": 22,
    "revision": 73,
    "object_id_int": 41,
    "object_id": "41",
    "object_repr": "66%"
  },
  "model": "reversion.version",
  "pk": 1063
},
{
  "fields": {
    "format": "json",
    "serialized_data": "[{\"model\": \"djangocms_text_ckeditor.text\", \"pk\": 46, \"fields\": {\"body\": \"Contactanos\\n\"}}]",
    "content_type": 14,
    "revision": 73,
    "object_id_int": 46,
    "object_id": "46",
    "object_repr": "Contactanos"
  },
  "model": "reversion.version",
  "pk": 1064
},
{
  "fields": {
    "format": "json",
    "serialized_data": "[{\"model\": \"djangocms_column.multicolumns\", \"pk\": 39, \"fields\": {}}]",
    "content_type": 23,
    "revision": 73,
    "object_id_int": 39,
    "object_id": "39",
    "object_repr": "3 columnas"
  },
  "model": "reversion.version",
  "pk": 1065
},
{
  "fields": {
    "format": "json",
    "serialized_data": "[{\"model\": \"cms.cmsplugin\", \"pk\": 47, \"fields\": {\"placeholder\": 11, \"position\": 0, \"parent\": 40, \"depth\": 3, \"numchild\": 0, \"plugin_type\": \"TextPlugin\", \"path\": \"000B00010001\", \"language\": \"es\", \"changed_date\": \"2015-09-12T20:14:09.018Z\", \"creation_date\": \"2015-09-12T20:10:59.701Z\"}}]",
    "content_type": 6,
    "revision": 73,
    "object_id_int": 47,
    "object_id": "47",
    "object_repr": "47"
  },
  "model": "reversion.version",
  "pk": 1066
},
{
  "fields": {
    "format": "json",
    "serialized_data": "[{\"model\": \"cms.title\", \"pk\": 6, \"fields\": {\"has_url_overwrite\": false, \"menu_title\": \"CONTACTANOS\", \"language\": \"es\", \"page_title\": \"Contactanos\", \"slug\": \"contactanos\", \"page\": 6, \"redirect\": null, \"published\": false, \"path\": \"contactanos\", \"meta_description\": \"contactanos, llama, consulta\", \"title\": \"Contactanos\", \"creation_date\": \"2015-09-12T20:03:19.749Z\"}}]",
    "content_type": 10,
    "revision": 73,
    "object_id_int": 6,
    "object_id": "6",
    "object_repr": "Contactanos (contactanos, es)"
  },
  "model": "reversion.version",
  "pk": 1067
},
{
  "fields": {
    "format": "json",
    "serialized_data": "[{\"model\": \"cms.cmsplugin\", \"pk\": 39, \"fields\": {\"placeholder\": 11, \"position\": 0, \"parent\": null, \"depth\": 1, \"numchild\": 3, \"plugin_type\": \"MultiColumnPlugin\", \"path\": \"000B\", \"language\": \"es\", \"changed_date\": \"2015-09-12T20:04:02.587Z\", \"creation_date\": \"2015-09-12T20:03:57.003Z\"}}]",
    "content_type": 6,
    "revision": 73,
    "object_id_int": 39,
    "object_id": "39",
    "object_repr": "39"
  },
  "model": "reversion.version",
  "pk": 1068
},
{
  "fields": {
    "format": "json",
    "serialized_data": "[{\"model\": \"cms.cmsplugin\", \"pk\": 40, \"fields\": {\"placeholder\": 11, \"position\": 0, \"parent\": 39, \"depth\": 2, \"numchild\": 1, \"plugin_type\": \"ColumnPlugin\", \"path\": \"000B0001\", \"language\": \"es\", \"changed_date\": \"2015-09-12T20:17:18.284Z\", \"creation_date\": \"2015-09-12T20:04:02.612Z\"}}]",
    "content_type": 6,
    "revision": 73,
    "object_id_int": 40,
    "object_id": "40",
    "object_repr": "40"
  },
  "model": "reversion.version",
  "pk": 1069
},
{
  "fields": {
    "format": "json",
    "serialized_data": "[{\"model\": \"cms.cmsplugin\", \"pk\": 41, \"fields\": {\"placeholder\": 11, \"position\": 1, \"parent\": 39, \"depth\": 2, \"numchild\": 2, \"plugin_type\": \"ColumnPlugin\", \"path\": \"000B0002\", \"language\": \"es\", \"changed_date\": \"2015-09-12T20:17:33.241Z\", \"creation_date\": \"2015-09-12T20:04:02.671Z\"}}]",
    "content_type": 6,
    "revision": 73,
    "object_id_int": 41,
    "object_id": "41",
    "object_repr": "41"
  },
  "model": "reversion.version",
  "pk": 1070
},
{
  "fields": {
    "format": "json",
    "serialized_data": "[{\"model\": \"djangocms_column.column\", \"pk\": 42, \"fields\": {\"width\": \"33.33%\"}}]",
    "content_type": 22,
    "revision": 73,
    "object_id_int": 42,
    "object_id": "42",
    "object_repr": "33%"
  },
  "model": "reversion.version",
  "pk": 1071
},
{
  "fields": {
    "format": "json",
    "serialized_data": "[{\"model\": \"cms.cmsplugin\", \"pk\": 43, \"fields\": {\"placeholder\": 11, \"position\": 1, \"parent\": 41, \"depth\": 3, \"numchild\": 0, \"plugin_type\": \"CMSContactPlusPlugin\", \"path\": \"000B00020001\", \"language\": \"es\", \"changed_date\": \"2015-09-12T20:08:12.939Z\", \"creation_date\": \"2015-09-12T20:04:15.924Z\"}}]",
    "content_type": 6,
    "revision": 73,
    "object_id_int": 43,
    "object_id": "43",
    "object_repr": "43"
  },
  "model": "reversion.version",
  "pk": 1072
},
{
  "fields": {
    "format": "json",
    "serialized_data": "[{\"model\": \"cms.cmsplugin\", \"pk\": 44, \"fields\": {\"placeholder\": 11, \"position\": 0, \"parent\": 41, \"depth\": 3, \"numchild\": 1, \"plugin_type\": \"StylePlugin\", \"path\": \"000B00020002\", \"language\": \"es\", \"changed_date\": \"2015-09-12T20:08:12.948Z\", \"creation_date\": \"2015-09-12T20:07:29.593Z\"}}]",
    "content_type": 6,
    "revision": 73,
    "object_id_int": 44,
    "object_id": "44",
    "object_repr": "44"
  },
  "model": "reversion.version",
  "pk": 1073
},
{
  "fields": {
    "format": "json",
    "serialized_data": "[{\"model\": \"cms.cmsplugin\", \"pk\": 45, \"fields\": {\"placeholder\": 11, \"position\": 0, \"parent\": 44, \"depth\": 4, \"numchild\": 1, \"plugin_type\": \"StylePlugin\", \"path\": \"000B000200020001\", \"language\": \"es\", \"changed_date\": \"2015-09-12T20:10:03.601Z\", \"creation_date\": \"2015-09-12T20:08:17.813Z\"}}]",
    "content_type": 6,
    "revision": 73,
    "object_id_int": 45,
    "object_id": "45",
    "object_repr": "45"
  },
  "model": "reversion.version",
  "pk": 1074
},
{
  "fields": {
    "format": "json",
    "serialized_data": "[{\"model\": \"cms.cmsplugin\", \"pk\": 46, \"fields\": {\"placeholder\": 11, \"position\": 0, \"parent\": 45, \"depth\": 5, \"numchild\": 0, \"plugin_type\": \"TextPlugin\", \"path\": \"000B0002000200010001\", \"language\": \"es\", \"changed_date\": \"2015-09-12T20:10:25.354Z\", \"creation_date\": \"2015-09-12T20:08:43.673Z\"}}]",
    "content_type": 6,
    "revision": 73,
    "object_id_int": 46,
    "object_id": "46",
    "object_repr": "46"
  },
  "model": "reversion.version",
  "pk": 1075
},
{
  "fields": {
    "format": "json",
    "serialized_data": "[{\"model\": \"djangocms_text_ckeditor.text\", \"pk\": 47, \"fields\": {\"body\": \"<p><strong><span style=\\\"color: #FFFFFF;\\\"><span style=\\\"background-color: #0000FF;\\\">Estamos en Ciudad de C\\u00f3rdoba.</span></span></strong></p>\\n\\n<hr>\\n<p>Medios de contacto:</p>\\n\\n<ul>\\n\\t<li>Tel: +(549) 351 <strong>12332423</strong></li>\\n\\t<li>Email :<strong> contacto@owncommerce.com</strong></li>\\n\\t<li>Facebook:<b>\\u00a0/owncommerce</b></li>\\n</ul>\\n\"}}]",
    "content_type": 14,
    "revision": 73,
    "object_id_int": 47,
    "object_id": "47",
    "object_repr": "Estamos en Ciudad..."
  },
  "model": "reversion.version",
  "pk": 1076
},
{
  "fields": {
    "format": "json",
    "serialized_data": "[{\"model\": \"djangocms_googlemap.googlemap\", \"pk\": 49, \"fields\": {\"width\": \"100%\", \"lng\": \"-31.439430\", \"zoom\": 13, \"lat\": \"-31.396505\", \"content\": \"\", \"address\": \"San Luis 98\", \"info_window\": true, \"height\": \"400px\", \"route_planer\": false, \"double_click_zoom\": true, \"draggable\": true, \"street_view_control\": true, \"scrollwheel\": true, \"city\": \"Cordoba\", \"zoom_control\": true, \"pan_control\": true, \"zipcode\": \"5000\", \"title\": \"Nuestra ubicacion\", \"keyboard_shortcuts\": true, \"route_planer_title\": \"Calcular la manera m\\u00e1s r\\u00e1pida de ir\"}}]",
    "content_type": 26,
    "revision": 73,
    "object_id_int": 49,
    "object_id": "49",
    "object_repr": "Nuestra ubicacion (San Luis 98, 5000 Cordoba)"
  },
  "model": "reversion.version",
  "pk": 1077
},
{
  "fields": {
    "format": "json",
    "serialized_data": "[{\"model\": \"djangocms_column.column\", \"pk\": 40, \"fields\": {\"width\": \"33.33%\"}}]",
    "content_type": 22,
    "revision": 73,
    "object_id_int": 40,
    "object_id": "40",
    "object_repr": "33%"
  },
  "model": "reversion.version",
  "pk": 1078
},
{
  "fields": {
    "format": "json",
    "serialized_data": "[{\"model\": \"cms.cmsplugin\", \"pk\": 42, \"fields\": {\"placeholder\": 11, \"position\": 2, \"parent\": 39, \"depth\": 2, \"numchild\": 1, \"plugin_type\": \"ColumnPlugin\", \"path\": \"000B0003\", \"language\": \"es\", \"changed_date\": \"2015-09-12T20:04:02.875Z\", \"creation_date\": \"2015-09-12T20:04:02.838Z\"}}]",
    "content_type": 6,
    "revision": 73,
    "object_id_int": 42,
    "object_id": "42",
    "object_repr": "42"
  },
  "model": "reversion.version",
  "pk": 1079
},
{
  "fields": {
    "format": "json",
    "serialized_data": "[{\"model\": \"cmsplugin_contact_plus.contactplus\", \"pk\": 43, \"fields\": {\"thanks\": \"Hemos recibido una consulta, estaremos respondiendo a la brevedad\", \"submit\": \"Enviar consulta\", \"template\": \"cmsplugin_contact_plus/contact.html\", \"email_subject\": \"testnubiquo@gmail.com\", \"title\": \"Formulario de contacto\", \"recipient_email\": \"contextinformatic@gmail.com\", \"collect_records\": true}}]",
    "content_type": 62,
    "revision": 74,
    "object_id_int": 43,
    "object_id": "43",
    "object_repr": "Formulario de contacto"
  },
  "model": "reversion.version",
  "pk": 1080
},
{
  "fields": {
    "format": "json",
    "serialized_data": "[{\"model\": \"cms.cmsplugin\", \"pk\": 49, \"fields\": {\"placeholder\": 11, \"position\": 0, \"parent\": null, \"depth\": 1, \"numchild\": 0, \"plugin_type\": \"GoogleMapPlugin\", \"path\": \"000C\", \"language\": \"es\", \"changed_date\": \"2015-09-12T20:17:52.599Z\", \"creation_date\": \"2015-09-12T20:14:31.358Z\"}}]",
    "content_type": 6,
    "revision": 74,
    "object_id_int": 49,
    "object_id": "49",
    "object_repr": "49"
  },
  "model": "reversion.version",
  "pk": 1081
},
{
  "fields": {
    "format": "json",
    "serialized_data": "[{\"model\": \"cms.page\", \"pk\": 6, \"fields\": {\"depth\": 1, \"is_home\": false, \"soft_root\": false, \"numchild\": 0, \"navigation_extenders\": null, \"path\": \"0005\", \"created_by\": \"contextinformatic@gmail.com\", \"site\": 1, \"in_navigation\": true, \"template\": \"INHERIT\", \"changed_date\": \"2015-09-12T20:17:33.737Z\", \"login_required\": false, \"parent\": null, \"publication_end_date\": null, \"publication_date\": null, \"xframe_options\": 0, \"placeholders\": [11], \"application_urls\": null, \"languages\": \"es\", \"changed_by\": \"contextinformatic@gmail.com\", \"reverse_id\": null, \"revision_id\": 0, \"limit_visibility_in_menu\": null, \"creation_date\": \"2015-09-12T20:03:19.408Z\", \"application_namespace\": null}}]",
    "content_type": 2,
    "revision": 74,
    "object_id_int": 6,
    "object_id": "6",
    "object_repr": "CONTACTANOS"
  },
  "model": "reversion.version",
  "pk": 1082
},
{
  "fields": {
    "format": "json",
    "serialized_data": "[{\"model\": \"djangocms_style.style\", \"pk\": 44, \"fields\": {\"padding_bottom\": null, \"margin_top\": null, \"additional_classes\": \"content-title\", \"margin_bottom\": null, \"class_name\": null, \"padding_left\": null, \"padding_top\": null, \"tag_type\": \"div\", \"padding_right\": null, \"margin_right\": null, \"margin_left\": null}}]",
    "content_type": 21,
    "revision": 74,
    "object_id_int": 44,
    "object_id": "44",
    "object_repr": "44"
  },
  "model": "reversion.version",
  "pk": 1083
},
{
  "fields": {
    "format": "json",
    "serialized_data": "[{\"model\": \"cms.placeholder\", \"pk\": 11, \"fields\": {\"slot\": \"content\", \"default_width\": null}}]",
    "content_type": 1,
    "revision": 74,
    "object_id_int": 11,
    "object_id": "11",
    "object_repr": "content"
  },
  "model": "reversion.version",
  "pk": 1084
},
{
  "fields": {
    "format": "json",
    "serialized_data": "[{\"model\": \"djangocms_style.style\", \"pk\": 45, \"fields\": {\"padding_bottom\": null, \"margin_top\": null, \"additional_classes\": \"title\", \"margin_bottom\": null, \"class_name\": \"new\", \"padding_left\": null, \"padding_top\": null, \"tag_type\": \"div\", \"padding_right\": null, \"margin_right\": null, \"margin_left\": null}}]",
    "content_type": 21,
    "revision": 74,
    "object_id_int": 45,
    "object_id": "45",
    "object_repr": "45"
  },
  "model": "reversion.version",
  "pk": 1085
},
{
  "fields": {
    "format": "json",
    "serialized_data": "[{\"model\": \"djangocms_column.column\", \"pk\": 41, \"fields\": {\"width\": \"66.66%\"}}]",
    "content_type": 22,
    "revision": 74,
    "object_id_int": 41,
    "object_id": "41",
    "object_repr": "66%"
  },
  "model": "reversion.version",
  "pk": 1086
},
{
  "fields": {
    "format": "json",
    "serialized_data": "[{\"model\": \"djangocms_text_ckeditor.text\", \"pk\": 46, \"fields\": {\"body\": \"Contactanos\\n\"}}]",
    "content_type": 14,
    "revision": 74,
    "object_id_int": 46,
    "object_id": "46",
    "object_repr": "Contactanos"
  },
  "model": "reversion.version",
  "pk": 1087
},
{
  "fields": {
    "format": "json",
    "serialized_data": "[{\"model\": \"djangocms_column.multicolumns\", \"pk\": 39, \"fields\": {}}]",
    "content_type": 23,
    "revision": 74,
    "object_id_int": 39,
    "object_id": "39",
    "object_repr": "3 columnas"
  },
  "model": "reversion.version",
  "pk": 1088
},
{
  "fields": {
    "format": "json",
    "serialized_data": "[{\"model\": \"cms.cmsplugin\", \"pk\": 47, \"fields\": {\"placeholder\": 11, \"position\": 0, \"parent\": 40, \"depth\": 3, \"numchild\": 0, \"plugin_type\": \"TextPlugin\", \"path\": \"000B00010001\", \"language\": \"es\", \"changed_date\": \"2015-09-12T20:14:09.018Z\", \"creation_date\": \"2015-09-12T20:10:59.701Z\"}}]",
    "content_type": 6,
    "revision": 74,
    "object_id_int": 47,
    "object_id": "47",
    "object_repr": "47"
  },
  "model": "reversion.version",
  "pk": 1089
},
{
  "fields": {
    "format": "json",
    "serialized_data": "[{\"model\": \"cms.title\", \"pk\": 6, \"fields\": {\"has_url_overwrite\": false, \"menu_title\": \"CONTACTANOS\", \"language\": \"es\", \"page_title\": \"Contactanos\", \"slug\": \"contactanos\", \"page\": 6, \"redirect\": null, \"published\": false, \"path\": \"contactanos\", \"meta_description\": \"contactanos, llama, consulta\", \"title\": \"Contactanos\", \"creation_date\": \"2015-09-12T20:03:19.749Z\"}}]",
    "content_type": 10,
    "revision": 74,
    "object_id_int": 6,
    "object_id": "6",
    "object_repr": "Contactanos (contactanos, es)"
  },
  "model": "reversion.version",
  "pk": 1090
},
{
  "fields": {
    "format": "json",
    "serialized_data": "[{\"model\": \"cms.cmsplugin\", \"pk\": 39, \"fields\": {\"placeholder\": 11, \"position\": 1, \"parent\": null, \"depth\": 1, \"numchild\": 3, \"plugin_type\": \"MultiColumnPlugin\", \"path\": \"000B\", \"language\": \"es\", \"changed_date\": \"2015-09-12T20:17:52.591Z\", \"creation_date\": \"2015-09-12T20:03:57.003Z\"}}]",
    "content_type": 6,
    "revision": 74,
    "object_id_int": 39,
    "object_id": "39",
    "object_repr": "39"
  },
  "model": "reversion.version",
  "pk": 1091
},
{
  "fields": {
    "format": "json",
    "serialized_data": "[{\"model\": \"cms.cmsplugin\", \"pk\": 40, \"fields\": {\"placeholder\": 11, \"position\": 0, \"parent\": 39, \"depth\": 2, \"numchild\": 1, \"plugin_type\": \"ColumnPlugin\", \"path\": \"000B0001\", \"language\": \"es\", \"changed_date\": \"2015-09-12T20:17:18.284Z\", \"creation_date\": \"2015-09-12T20:04:02.612Z\"}}]",
    "content_type": 6,
    "revision": 74,
    "object_id_int": 40,
    "object_id": "40",
    "object_repr": "40"
  },
  "model": "reversion.version",
  "pk": 1092
},
{
  "fields": {
    "format": "json",
    "serialized_data": "[{\"model\": \"cms.cmsplugin\", \"pk\": 41, \"fields\": {\"placeholder\": 11, \"position\": 1, \"parent\": 39, \"depth\": 2, \"numchild\": 2, \"plugin_type\": \"ColumnPlugin\", \"path\": \"000B0002\", \"language\": \"es\", \"changed_date\": \"2015-09-12T20:17:33.241Z\", \"creation_date\": \"2015-09-12T20:04:02.671Z\"}}]",
    "content_type": 6,
    "revision": 74,
    "object_id_int": 41,
    "object_id": "41",
    "object_repr": "41"
  },
  "model": "reversion.version",
  "pk": 1093
},
{
  "fields": {
    "format": "json",
    "serialized_data": "[{\"model\": \"djangocms_column.column\", \"pk\": 42, \"fields\": {\"width\": \"33.33%\"}}]",
    "content_type": 22,
    "revision": 74,
    "object_id_int": 42,
    "object_id": "42",
    "object_repr": "33%"
  },
  "model": "reversion.version",
  "pk": 1094
},
{
  "fields": {
    "format": "json",
    "serialized_data": "[{\"model\": \"cms.cmsplugin\", \"pk\": 43, \"fields\": {\"placeholder\": 11, \"position\": 1, \"parent\": 41, \"depth\": 3, \"numchild\": 0, \"plugin_type\": \"CMSContactPlusPlugin\", \"path\": \"000B00020001\", \"language\": \"es\", \"changed_date\": \"2015-09-12T20:08:12.939Z\", \"creation_date\": \"2015-09-12T20:04:15.924Z\"}}]",
    "content_type": 6,
    "revision": 74,
    "object_id_int": 43,
    "object_id": "43",
    "object_repr": "43"
  },
  "model": "reversion.version",
  "pk": 1095
},
{
  "fields": {
    "format": "json",
    "serialized_data": "[{\"model\": \"cms.cmsplugin\", \"pk\": 44, \"fields\": {\"placeholder\": 11, \"position\": 0, \"parent\": 41, \"depth\": 3, \"numchild\": 1, \"plugin_type\": \"StylePlugin\", \"path\": \"000B00020002\", \"language\": \"es\", \"changed_date\": \"2015-09-12T20:08:12.948Z\", \"creation_date\": \"2015-09-12T20:07:29.593Z\"}}]",
    "content_type": 6,
    "revision": 74,
    "object_id_int": 44,
    "object_id": "44",
    "object_repr": "44"
  },
  "model": "reversion.version",
  "pk": 1096
},
{
  "fields": {
    "format": "json",
    "serialized_data": "[{\"model\": \"cms.cmsplugin\", \"pk\": 45, \"fields\": {\"placeholder\": 11, \"position\": 0, \"parent\": 44, \"depth\": 4, \"numchild\": 1, \"plugin_type\": \"StylePlugin\", \"path\": \"000B000200020001\", \"language\": \"es\", \"changed_date\": \"2015-09-12T20:10:03.601Z\", \"creation_date\": \"2015-09-12T20:08:17.813Z\"}}]",
    "content_type": 6,
    "revision": 74,
    "object_id_int": 45,
    "object_id": "45",
    "object_repr": "45"
  },
  "model": "reversion.version",
  "pk": 1097
},
{
  "fields": {
    "format": "json",
    "serialized_data": "[{\"model\": \"cms.cmsplugin\", \"pk\": 46, \"fields\": {\"placeholder\": 11, \"position\": 0, \"parent\": 45, \"depth\": 5, \"numchild\": 0, \"plugin_type\": \"TextPlugin\", \"path\": \"000B0002000200010001\", \"language\": \"es\", \"changed_date\": \"2015-09-12T20:10:25.354Z\", \"creation_date\": \"2015-09-12T20:08:43.673Z\"}}]",
    "content_type": 6,
    "revision": 74,
    "object_id_int": 46,
    "object_id": "46",
    "object_repr": "46"
  },
  "model": "reversion.version",
  "pk": 1098
},
{
  "fields": {
    "format": "json",
    "serialized_data": "[{\"model\": \"djangocms_text_ckeditor.text\", \"pk\": 47, \"fields\": {\"body\": \"<p><strong><span style=\\\"color: #FFFFFF;\\\"><span style=\\\"background-color: #0000FF;\\\">Estamos en Ciudad de C\\u00f3rdoba.</span></span></strong></p>\\n\\n<hr>\\n<p>Medios de contacto:</p>\\n\\n<ul>\\n\\t<li>Tel: +(549) 351 <strong>12332423</strong></li>\\n\\t<li>Email :<strong> contacto@owncommerce.com</strong></li>\\n\\t<li>Facebook:<b>\\u00a0/owncommerce</b></li>\\n</ul>\\n\"}}]",
    "content_type": 14,
    "revision": 74,
    "object_id_int": 47,
    "object_id": "47",
    "object_repr": "Estamos en Ciudad..."
  },
  "model": "reversion.version",
  "pk": 1099
},
{
  "fields": {
    "format": "json",
    "serialized_data": "[{\"model\": \"djangocms_googlemap.googlemap\", \"pk\": 49, \"fields\": {\"width\": \"100%\", \"lng\": \"-31.439430\", \"zoom\": 13, \"lat\": \"-31.396505\", \"content\": \"\", \"address\": \"San Luis 98\", \"info_window\": true, \"height\": \"400px\", \"route_planer\": false, \"double_click_zoom\": true, \"draggable\": true, \"street_view_control\": true, \"scrollwheel\": true, \"city\": \"Cordoba\", \"zoom_control\": true, \"pan_control\": true, \"zipcode\": \"5000\", \"title\": \"Nuestra ubicacion\", \"keyboard_shortcuts\": true, \"route_planer_title\": \"Calcular la manera m\\u00e1s r\\u00e1pida de ir\"}}]",
    "content_type": 26,
    "revision": 74,
    "object_id_int": 49,
    "object_id": "49",
    "object_repr": "Nuestra ubicacion (San Luis 98, 5000 Cordoba)"
  },
  "model": "reversion.version",
  "pk": 1100
},
{
  "fields": {
    "format": "json",
    "serialized_data": "[{\"model\": \"djangocms_column.column\", \"pk\": 40, \"fields\": {\"width\": \"33.33%\"}}]",
    "content_type": 22,
    "revision": 74,
    "object_id_int": 40,
    "object_id": "40",
    "object_repr": "33%"
  },
  "model": "reversion.version",
  "pk": 1101
},
{
  "fields": {
    "format": "json",
    "serialized_data": "[{\"model\": \"cms.cmsplugin\", \"pk\": 42, \"fields\": {\"placeholder\": 11, \"position\": 2, \"parent\": 39, \"depth\": 2, \"numchild\": 0, \"plugin_type\": \"ColumnPlugin\", \"path\": \"000B0003\", \"language\": \"es\", \"changed_date\": \"2015-09-12T20:04:02.875Z\", \"creation_date\": \"2015-09-12T20:04:02.838Z\"}}]",
    "content_type": 6,
    "revision": 74,
    "object_id_int": 42,
    "object_id": "42",
    "object_repr": "42"
  },
  "model": "reversion.version",
  "pk": 1102
},
{
  "fields": {
    "format": "json",
    "serialized_data": "[{\"model\": \"cms.placeholder\", \"pk\": 11, \"fields\": {\"slot\": \"content\", \"default_width\": null}}]",
    "content_type": 1,
    "revision": 75,
    "object_id_int": 11,
    "object_id": "11",
    "object_repr": "content"
  },
  "model": "reversion.version",
  "pk": 1103
},
{
  "fields": {
    "format": "json",
    "serialized_data": "[{\"model\": \"djangocms_text_ckeditor.text\", \"pk\": 47, \"fields\": {\"body\": \"<p><strong><span style=\\\"color: #FFFFFF;\\\"><span style=\\\"background-color: #0000FF;\\\">Estamos en Ciudad de C\\u00f3rdoba.</span></span></strong></p>\\n\\n<hr>\\n<p>Medios de contacto:</p>\\n\\n<ul>\\n\\t<li>Tel: +(549) 351 <strong>12332423</strong></li>\\n\\t<li>Email :<strong> contacto@owncommerce.com</strong></li>\\n\\t<li>Facebook:<b>\\u00a0/owncommerce</b></li>\\n</ul>\\n\"}}]",
    "content_type": 14,
    "revision": 75,
    "object_id_int": 47,
    "object_id": "47",
    "object_repr": "Estamos en Ciudad..."
  },
  "model": "reversion.version",
  "pk": 1104
},
{
  "fields": {
    "format": "json",
    "serialized_data": "[{\"model\": \"cms.cmsplugin\", \"pk\": 49, \"fields\": {\"placeholder\": 11, \"position\": 0, \"parent\": null, \"depth\": 1, \"numchild\": 0, \"plugin_type\": \"GoogleMapPlugin\", \"path\": \"000C\", \"language\": \"es\", \"changed_date\": \"2015-09-12T20:17:52.599Z\", \"creation_date\": \"2015-09-12T20:14:31.358Z\"}}]",
    "content_type": 6,
    "revision": 75,
    "object_id_int": 49,
    "object_id": "49",
    "object_repr": "49"
  },
  "model": "reversion.version",
  "pk": 1105
},
{
  "fields": {
    "format": "json",
    "serialized_data": "[{\"model\": \"cms.page\", \"pk\": 6, \"fields\": {\"depth\": 1, \"is_home\": false, \"soft_root\": false, \"numchild\": 0, \"navigation_extenders\": null, \"path\": \"0005\", \"created_by\": \"contextinformatic@gmail.com\", \"site\": 1, \"in_navigation\": true, \"template\": \"INHERIT\", \"changed_date\": \"2015-09-12T20:18:04.852Z\", \"login_required\": false, \"parent\": null, \"publication_end_date\": null, \"publication_date\": null, \"xframe_options\": 0, \"placeholders\": [11], \"application_urls\": null, \"languages\": \"es\", \"changed_by\": \"contextinformatic@gmail.com\", \"reverse_id\": null, \"revision_id\": 0, \"limit_visibility_in_menu\": null, \"creation_date\": \"2015-09-12T20:03:19.408Z\", \"application_namespace\": null}}]",
    "content_type": 2,
    "revision": 75,
    "object_id_int": 6,
    "object_id": "6",
    "object_repr": "CONTACTANOS"
  },
  "model": "reversion.version",
  "pk": 1106
},
{
  "fields": {
    "format": "json",
    "serialized_data": "[{\"model\": \"cms.cmsplugin\", \"pk\": 39, \"fields\": {\"placeholder\": 11, \"position\": 1, \"parent\": null, \"depth\": 1, \"numchild\": 2, \"plugin_type\": \"MultiColumnPlugin\", \"path\": \"000B\", \"language\": \"es\", \"changed_date\": \"2015-09-12T20:18:03.933Z\", \"creation_date\": \"2015-09-12T20:03:57.003Z\"}}]",
    "content_type": 6,
    "revision": 75,
    "object_id_int": 39,
    "object_id": "39",
    "object_repr": "39"
  },
  "model": "reversion.version",
  "pk": 1107
},
{
  "fields": {
    "format": "json",
    "serialized_data": "[{\"model\": \"cms.cmsplugin\", \"pk\": 40, \"fields\": {\"placeholder\": 11, \"position\": 0, \"parent\": 39, \"depth\": 2, \"numchild\": 1, \"plugin_type\": \"ColumnPlugin\", \"path\": \"000B0001\", \"language\": \"es\", \"changed_date\": \"2015-09-12T20:17:18.284Z\", \"creation_date\": \"2015-09-12T20:04:02.612Z\"}}]",
    "content_type": 6,
    "revision": 75,
    "object_id_int": 40,
    "object_id": "40",
    "object_repr": "40"
  },
  "model": "reversion.version",
  "pk": 1108
},
{
  "fields": {
    "format": "json",
    "serialized_data": "[{\"model\": \"djangocms_column.column\", \"pk\": 41, \"fields\": {\"width\": \"66.66%\"}}]",
    "content_type": 22,
    "revision": 75,
    "object_id_int": 41,
    "object_id": "41",
    "object_repr": "66%"
  },
  "model": "reversion.version",
  "pk": 1109
},
{
  "fields": {
    "format": "json",
    "serialized_data": "[{\"model\": \"cms.cmsplugin\", \"pk\": 41, \"fields\": {\"placeholder\": 11, \"position\": 1, \"parent\": 39, \"depth\": 2, \"numchild\": 2, \"plugin_type\": \"ColumnPlugin\", \"path\": \"000B0002\", \"language\": \"es\", \"changed_date\": \"2015-09-12T20:17:33.241Z\", \"creation_date\": \"2015-09-12T20:04:02.671Z\"}}]",
    "content_type": 6,
    "revision": 75,
    "object_id_int": 41,
    "object_id": "41",
    "object_repr": "41"
  },
  "model": "reversion.version",
  "pk": 1110
},
{
  "fields": {
    "format": "json",
    "serialized_data": "[{\"model\": \"cmsplugin_contact_plus.contactplus\", \"pk\": 43, \"fields\": {\"thanks\": \"Hemos recibido una consulta, estaremos respondiendo a la brevedad\", \"submit\": \"Enviar consulta\", \"template\": \"cmsplugin_contact_plus/contact.html\", \"email_subject\": \"testnubiquo@gmail.com\", \"title\": \"Formulario de contacto\", \"recipient_email\": \"contextinformatic@gmail.com\", \"collect_records\": true}}]",
    "content_type": 62,
    "revision": 75,
    "object_id_int": 43,
    "object_id": "43",
    "object_repr": "Formulario de contacto"
  },
  "model": "reversion.version",
  "pk": 1111
},
{
  "fields": {
    "format": "json",
    "serialized_data": "[{\"model\": \"djangocms_style.style\", \"pk\": 44, \"fields\": {\"padding_bottom\": null, \"margin_top\": null, \"additional_classes\": \"content-title\", \"margin_bottom\": null, \"class_name\": null, \"padding_left\": null, \"padding_top\": null, \"tag_type\": \"div\", \"padding_right\": null, \"margin_right\": null, \"margin_left\": null}}]",
    "content_type": 21,
    "revision": 75,
    "object_id_int": 44,
    "object_id": "44",
    "object_repr": "44"
  },
  "model": "reversion.version",
  "pk": 1112
},
{
  "fields": {
    "format": "json",
    "serialized_data": "[{\"model\": \"cms.cmsplugin\", \"pk\": 45, \"fields\": {\"placeholder\": 11, \"position\": 0, \"parent\": 44, \"depth\": 4, \"numchild\": 1, \"plugin_type\": \"StylePlugin\", \"path\": \"000B000200020001\", \"language\": \"es\", \"changed_date\": \"2015-09-12T20:10:03.601Z\", \"creation_date\": \"2015-09-12T20:08:17.813Z\"}}]",
    "content_type": 6,
    "revision": 75,
    "object_id_int": 45,
    "object_id": "45",
    "object_repr": "45"
  },
  "model": "reversion.version",
  "pk": 1113
},
{
  "fields": {
    "format": "json",
    "serialized_data": "[{\"model\": \"djangocms_text_ckeditor.text\", \"pk\": 46, \"fields\": {\"body\": \"Contactanos\\n\"}}]",
    "content_type": 14,
    "revision": 75,
    "object_id_int": 46,
    "object_id": "46",
    "object_repr": "Contactanos"
  },
  "model": "reversion.version",
  "pk": 1114
},
{
  "fields": {
    "format": "json",
    "serialized_data": "[{\"model\": \"djangocms_style.style\", \"pk\": 45, \"fields\": {\"padding_bottom\": null, \"margin_top\": null, \"additional_classes\": \"title\", \"margin_bottom\": null, \"class_name\": \"new\", \"padding_left\": null, \"padding_top\": null, \"tag_type\": \"div\", \"padding_right\": null, \"margin_right\": null, \"margin_left\": null}}]",
    "content_type": 21,
    "revision": 75,
    "object_id_int": 45,
    "object_id": "45",
    "object_repr": "45"
  },
  "model": "reversion.version",
  "pk": 1115
},
{
  "fields": {
    "format": "json",
    "serialized_data": "[{\"model\": \"djangocms_googlemap.googlemap\", \"pk\": 49, \"fields\": {\"width\": \"100%\", \"lng\": \"-31.439430\", \"zoom\": 13, \"lat\": \"-31.396505\", \"content\": \"\", \"address\": \"San Luis 98\", \"info_window\": true, \"height\": \"400px\", \"route_planer\": false, \"double_click_zoom\": true, \"draggable\": true, \"street_view_control\": true, \"scrollwheel\": true, \"city\": \"Cordoba\", \"zoom_control\": true, \"pan_control\": true, \"zipcode\": \"5000\", \"title\": \"Nuestra ubicacion\", \"keyboard_shortcuts\": true, \"route_planer_title\": \"Calcular la manera m\\u00e1s r\\u00e1pida de ir\"}}]",
    "content_type": 26,
    "revision": 75,
    "object_id_int": 49,
    "object_id": "49",
    "object_repr": "Nuestra ubicacion (San Luis 98, 5000 Cordoba)"
  },
  "model": "reversion.version",
  "pk": 1116
},
{
  "fields": {
    "format": "json",
    "serialized_data": "[{\"model\": \"cms.cmsplugin\", \"pk\": 46, \"fields\": {\"placeholder\": 11, \"position\": 0, \"parent\": 45, \"depth\": 5, \"numchild\": 0, \"plugin_type\": \"TextPlugin\", \"path\": \"000B0002000200010001\", \"language\": \"es\", \"changed_date\": \"2015-09-12T20:10:25.354Z\", \"creation_date\": \"2015-09-12T20:08:43.673Z\"}}]",
    "content_type": 6,
    "revision": 75,
    "object_id_int": 46,
    "object_id": "46",
    "object_repr": "46"
  },
  "model": "reversion.version",
  "pk": 1117
},
{
  "fields": {
    "format": "json",
    "serialized_data": "[{\"model\": \"cms.cmsplugin\", \"pk\": 43, \"fields\": {\"placeholder\": 11, \"position\": 1, \"parent\": 41, \"depth\": 3, \"numchild\": 0, \"plugin_type\": \"CMSContactPlusPlugin\", \"path\": \"000B00020001\", \"language\": \"es\", \"changed_date\": \"2015-09-12T20:08:12.939Z\", \"creation_date\": \"2015-09-12T20:04:15.924Z\"}}]",
    "content_type": 6,
    "revision": 75,
    "object_id_int": 43,
    "object_id": "43",
    "object_repr": "43"
  },
  "model": "reversion.version",
  "pk": 1118
},
{
  "fields": {
    "format": "json",
    "serialized_data": "[{\"model\": \"djangocms_column.column\", \"pk\": 40, \"fields\": {\"width\": \"33.33%\"}}]",
    "content_type": 22,
    "revision": 75,
    "object_id_int": 40,
    "object_id": "40",
    "object_repr": "33%"
  },
  "model": "reversion.version",
  "pk": 1119
},
{
  "fields": {
    "format": "json",
    "serialized_data": "[{\"model\": \"djangocms_column.multicolumns\", \"pk\": 39, \"fields\": {}}]",
    "content_type": 23,
    "revision": 75,
    "object_id_int": 39,
    "object_id": "39",
    "object_repr": "2 columnas"
  },
  "model": "reversion.version",
  "pk": 1120
},
{
  "fields": {
    "format": "json",
    "serialized_data": "[{\"model\": \"cms.title\", \"pk\": 6, \"fields\": {\"has_url_overwrite\": false, \"menu_title\": \"CONTACTANOS\", \"language\": \"es\", \"page_title\": \"Contactanos\", \"slug\": \"contactanos\", \"page\": 6, \"redirect\": null, \"published\": false, \"path\": \"contactanos\", \"meta_description\": \"contactanos, llama, consulta\", \"title\": \"Contactanos\", \"creation_date\": \"2015-09-12T20:03:19.749Z\"}}]",
    "content_type": 10,
    "revision": 75,
    "object_id_int": 6,
    "object_id": "6",
    "object_repr": "Contactanos (contactanos, es)"
  },
  "model": "reversion.version",
  "pk": 1121
},
{
  "fields": {
    "format": "json",
    "serialized_data": "[{\"model\": \"cms.cmsplugin\", \"pk\": 47, \"fields\": {\"placeholder\": 11, \"position\": 0, \"parent\": 40, \"depth\": 3, \"numchild\": 0, \"plugin_type\": \"TextPlugin\", \"path\": \"000B00010001\", \"language\": \"es\", \"changed_date\": \"2015-09-12T20:14:09.018Z\", \"creation_date\": \"2015-09-12T20:10:59.701Z\"}}]",
    "content_type": 6,
    "revision": 75,
    "object_id_int": 47,
    "object_id": "47",
    "object_repr": "47"
  },
  "model": "reversion.version",
  "pk": 1122
},
{
  "fields": {
    "format": "json",
    "serialized_data": "[{\"model\": \"cms.cmsplugin\", \"pk\": 44, \"fields\": {\"placeholder\": 11, \"position\": 0, \"parent\": 41, \"depth\": 3, \"numchild\": 1, \"plugin_type\": \"StylePlugin\", \"path\": \"000B00020002\", \"language\": \"es\", \"changed_date\": \"2015-09-12T20:08:12.948Z\", \"creation_date\": \"2015-09-12T20:07:29.593Z\"}}]",
    "content_type": 6,
    "revision": 75,
    "object_id_int": 44,
    "object_id": "44",
    "object_repr": "44"
  },
  "model": "reversion.version",
  "pk": 1123
},
{
  "fields": {
    "format": "json",
    "serialized_data": "[{\"model\": \"cms.cmsplugin\", \"pk\": 43, \"fields\": {\"placeholder\": 11, \"position\": 1, \"parent\": 41, \"depth\": 3, \"numchild\": 0, \"plugin_type\": \"CMSContactPlusPlugin\", \"path\": \"000B00020001\", \"language\": \"es\", \"changed_date\": \"2015-09-12T20:08:12.939Z\", \"creation_date\": \"2015-09-12T20:04:15.924Z\"}}]",
    "content_type": 6,
    "revision": 76,
    "object_id_int": 43,
    "object_id": "43",
    "object_repr": "43"
  },
  "model": "reversion.version",
  "pk": 1124
},
{
  "fields": {
    "format": "json",
    "serialized_data": "[{\"model\": \"djangocms_googlemap.googlemap\", \"pk\": 49, \"fields\": {\"width\": \"100%\", \"lng\": \"-31.439430\", \"zoom\": 13, \"lat\": \"-31.396505\", \"content\": \"\", \"address\": \"San Luis 98\", \"info_window\": true, \"height\": \"400px\", \"route_planer\": false, \"double_click_zoom\": true, \"draggable\": true, \"street_view_control\": true, \"scrollwheel\": true, \"city\": \"Cordoba\", \"zoom_control\": true, \"pan_control\": true, \"zipcode\": \"5000\", \"title\": \"Nuestra ubicacion\", \"keyboard_shortcuts\": true, \"route_planer_title\": \"Calcular la manera m\\u00e1s r\\u00e1pida de ir\"}}]",
    "content_type": 26,
    "revision": 76,
    "object_id_int": 49,
    "object_id": "49",
    "object_repr": "Nuestra ubicacion (San Luis 98, 5000 Cordoba)"
  },
  "model": "reversion.version",
  "pk": 1125
},
{
  "fields": {
    "format": "json",
    "serialized_data": "[{\"model\": \"cms.page\", \"pk\": 6, \"fields\": {\"depth\": 1, \"is_home\": false, \"soft_root\": false, \"numchild\": 0, \"navigation_extenders\": null, \"path\": \"0005\", \"created_by\": \"contextinformatic@gmail.com\", \"site\": 1, \"in_navigation\": true, \"template\": \"INHERIT\", \"changed_date\": \"2015-09-12T20:18:05.464Z\", \"login_required\": false, \"parent\": null, \"publication_end_date\": null, \"publication_date\": null, \"xframe_options\": 0, \"placeholders\": [11], \"application_urls\": null, \"languages\": \"es\", \"changed_by\": \"contextinformatic@gmail.com\", \"reverse_id\": null, \"revision_id\": 0, \"limit_visibility_in_menu\": null, \"creation_date\": \"2015-09-12T20:03:19.408Z\", \"application_namespace\": null}}]",
    "content_type": 2,
    "revision": 76,
    "object_id_int": 6,
    "object_id": "6",
    "object_repr": "CONTACTANOS"
  },
  "model": "reversion.version",
  "pk": 1126
},
{
  "fields": {
    "format": "json",
    "serialized_data": "[{\"model\": \"cms.cmsplugin\", \"pk\": 44, \"fields\": {\"placeholder\": 11, \"position\": 0, \"parent\": 41, \"depth\": 3, \"numchild\": 1, \"plugin_type\": \"StylePlugin\", \"path\": \"000B00020002\", \"language\": \"es\", \"changed_date\": \"2015-09-12T20:08:12.948Z\", \"creation_date\": \"2015-09-12T20:07:29.593Z\"}}]",
    "content_type": 6,
    "revision": 76,
    "object_id_int": 44,
    "object_id": "44",
    "object_repr": "44"
  },
  "model": "reversion.version",
  "pk": 1127
},
{
  "fields": {
    "format": "json",
    "serialized_data": "[{\"model\": \"cms.placeholder\", \"pk\": 11, \"fields\": {\"slot\": \"content\", \"default_width\": null}}]",
    "content_type": 1,
    "revision": 76,
    "object_id_int": 11,
    "object_id": "11",
    "object_repr": "content"
  },
  "model": "reversion.version",
  "pk": 1128
},
{
  "fields": {
    "format": "json",
    "serialized_data": "[{\"model\": \"djangocms_style.style\", \"pk\": 45, \"fields\": {\"padding_bottom\": null, \"margin_top\": null, \"additional_classes\": \"title\", \"margin_bottom\": null, \"class_name\": \"new\", \"padding_left\": null, \"padding_top\": null, \"tag_type\": \"div\", \"padding_right\": null, \"margin_right\": null, \"margin_left\": null}}]",
    "content_type": 21,
    "revision": 76,
    "object_id_int": 45,
    "object_id": "45",
    "object_repr": "45"
  },
  "model": "reversion.version",
  "pk": 1129
},
{
  "fields": {
    "format": "json",
    "serialized_data": "[{\"model\": \"djangocms_column.column\", \"pk\": 40, \"fields\": {\"width\": \"33.33%\"}}]",
    "content_type": 22,
    "revision": 76,
    "object_id_int": 40,
    "object_id": "40",
    "object_repr": "33%"
  },
  "model": "reversion.version",
  "pk": 1130
},
{
  "fields": {
    "format": "json",
    "serialized_data": "[{\"model\": \"cms.cmsplugin\", \"pk\": 46, \"fields\": {\"placeholder\": 11, \"position\": 0, \"parent\": 45, \"depth\": 5, \"numchild\": 0, \"plugin_type\": \"TextPlugin\", \"path\": \"000B0002000200010001\", \"language\": \"es\", \"changed_date\": \"2015-09-12T20:10:25.354Z\", \"creation_date\": \"2015-09-12T20:08:43.673Z\"}}]",
    "content_type": 6,
    "revision": 76,
    "object_id_int": 46,
    "object_id": "46",
    "object_repr": "46"
  },
  "model": "reversion.version",
  "pk": 1131
},
{
  "fields": {
    "format": "json",
    "serialized_data": "[{\"model\": \"djangocms_column.multicolumns\", \"pk\": 39, \"fields\": {}}]",
    "content_type": 23,
    "revision": 76,
    "object_id_int": 39,
    "object_id": "39",
    "object_repr": "2 columnas"
  },
  "model": "reversion.version",
  "pk": 1132
},
{
  "fields": {
    "format": "json",
    "serialized_data": "[{\"model\": \"cms.cmsplugin\", \"pk\": 47, \"fields\": {\"placeholder\": 11, \"position\": 0, \"parent\": 40, \"depth\": 3, \"numchild\": 0, \"plugin_type\": \"TextPlugin\", \"path\": \"000B00010001\", \"language\": \"es\", \"changed_date\": \"2015-09-12T20:14:09.018Z\", \"creation_date\": \"2015-09-12T20:10:59.701Z\"}}]",
    "content_type": 6,
    "revision": 76,
    "object_id_int": 47,
    "object_id": "47",
    "object_repr": "47"
  },
  "model": "reversion.version",
  "pk": 1133
},
{
  "fields": {
    "format": "json",
    "serialized_data": "[{\"model\": \"cms.title\", \"pk\": 6, \"fields\": {\"has_url_overwrite\": false, \"menu_title\": \"CONTACTANOS\", \"language\": \"es\", \"page_title\": \"Contactanos\", \"slug\": \"contactanos\", \"page\": 6, \"redirect\": null, \"published\": false, \"path\": \"contactanos\", \"meta_description\": \"contactanos, llama, consulta\", \"title\": \"Contactanos\", \"creation_date\": \"2015-09-12T20:03:19.749Z\"}}]",
    "content_type": 10,
    "revision": 76,
    "object_id_int": 6,
    "object_id": "6",
    "object_repr": "Contactanos (contactanos, es)"
  },
  "model": "reversion.version",
  "pk": 1134
},
{
  "fields": {
    "format": "json",
    "serialized_data": "[{\"model\": \"cms.cmsplugin\", \"pk\": 39, \"fields\": {\"placeholder\": 11, \"position\": 1, \"parent\": null, \"depth\": 1, \"numchild\": 2, \"plugin_type\": \"MultiColumnPlugin\", \"path\": \"000B\", \"language\": \"es\", \"changed_date\": \"2015-09-12T20:18:03.933Z\", \"creation_date\": \"2015-09-12T20:03:57.003Z\"}}]",
    "content_type": 6,
    "revision": 76,
    "object_id_int": 39,
    "object_id": "39",
    "object_repr": "39"
  },
  "model": "reversion.version",
  "pk": 1135
},
{
  "fields": {
    "format": "json",
    "serialized_data": "[{\"model\": \"cms.cmsplugin\", \"pk\": 40, \"fields\": {\"placeholder\": 11, \"position\": 0, \"parent\": 39, \"depth\": 2, \"numchild\": 1, \"plugin_type\": \"ColumnPlugin\", \"path\": \"000B0001\", \"language\": \"es\", \"changed_date\": \"2015-09-12T20:17:18.284Z\", \"creation_date\": \"2015-09-12T20:04:02.612Z\"}}]",
    "content_type": 6,
    "revision": 76,
    "object_id_int": 40,
    "object_id": "40",
    "object_repr": "40"
  },
  "model": "reversion.version",
  "pk": 1136
},
{
  "fields": {
    "format": "json",
    "serialized_data": "[{\"model\": \"djangocms_column.column\", \"pk\": 41, \"fields\": {\"width\": \"66.66%\"}}]",
    "content_type": 22,
    "revision": 76,
    "object_id_int": 41,
    "object_id": "41",
    "object_repr": "66%"
  },
  "model": "reversion.version",
  "pk": 1137
},
{
  "fields": {
    "format": "json",
    "serialized_data": "[{\"model\": \"cmsplugin_contact_plus.contactplus\", \"pk\": 43, \"fields\": {\"thanks\": \"Hemos recibido una consulta, estaremos respondiendo a la brevedad\", \"submit\": \"Enviar consulta\", \"template\": \"cmsplugin_contact_plus/contact.html\", \"email_subject\": \"testnubiquo@gmail.com\", \"title\": \"Formulario de contacto\", \"recipient_email\": \"contextinformatic@gmail.com\", \"collect_records\": true}}]",
    "content_type": 62,
    "revision": 76,
    "object_id_int": 43,
    "object_id": "43",
    "object_repr": "Formulario de contacto"
  },
  "model": "reversion.version",
  "pk": 1138
},
{
  "fields": {
    "format": "json",
    "serialized_data": "[{\"model\": \"djangocms_style.style\", \"pk\": 44, \"fields\": {\"padding_bottom\": null, \"margin_top\": null, \"additional_classes\": \"content-title\", \"margin_bottom\": null, \"class_name\": null, \"padding_left\": null, \"padding_top\": null, \"tag_type\": \"div\", \"padding_right\": null, \"margin_right\": null, \"margin_left\": null}}]",
    "content_type": 21,
    "revision": 76,
    "object_id_int": 44,
    "object_id": "44",
    "object_repr": "44"
  },
  "model": "reversion.version",
  "pk": 1139
},
{
  "fields": {
    "format": "json",
    "serialized_data": "[{\"model\": \"cms.cmsplugin\", \"pk\": 45, \"fields\": {\"placeholder\": 11, \"position\": 0, \"parent\": 44, \"depth\": 4, \"numchild\": 1, \"plugin_type\": \"StylePlugin\", \"path\": \"000B000200020001\", \"language\": \"es\", \"changed_date\": \"2015-09-12T20:10:03.601Z\", \"creation_date\": \"2015-09-12T20:08:17.813Z\"}}]",
    "content_type": 6,
    "revision": 76,
    "object_id_int": 45,
    "object_id": "45",
    "object_repr": "45"
  },
  "model": "reversion.version",
  "pk": 1140
},
{
  "fields": {
    "format": "json",
    "serialized_data": "[{\"model\": \"djangocms_text_ckeditor.text\", \"pk\": 46, \"fields\": {\"body\": \"Contactanos\\n\"}}]",
    "content_type": 14,
    "revision": 76,
    "object_id_int": 46,
    "object_id": "46",
    "object_repr": "Contactanos"
  },
  "model": "reversion.version",
  "pk": 1141
},
{
  "fields": {
    "format": "json",
    "serialized_data": "[{\"model\": \"djangocms_text_ckeditor.text\", \"pk\": 47, \"fields\": {\"body\": \"<p><strong><span style=\\\"color: #FFFFFF;\\\"><span style=\\\"background-color: #0000FF;\\\">Estamos en Ciudad de C\\u00f3rdoba.</span></span></strong></p>\\n\\n<hr>\\n<p>Medios de contacto:</p>\\n\\n<ul>\\n\\t<li>Tel: +(549) 351 <strong>12332423</strong></li>\\n\\t<li>Email :<strong> contacto@owncommerce.com</strong></li>\\n\\t<li>Facebook:<b>\\u00a0/owncommerce</b></li>\\n</ul>\\n\"}}]",
    "content_type": 14,
    "revision": 76,
    "object_id_int": 47,
    "object_id": "47",
    "object_repr": "Estamos en Ciudad..."
  },
  "model": "reversion.version",
  "pk": 1142
},
{
  "fields": {
    "format": "json",
    "serialized_data": "[{\"model\": \"cms.cmsplugin\", \"pk\": 49, \"fields\": {\"placeholder\": 11, \"position\": 0, \"parent\": null, \"depth\": 1, \"numchild\": 0, \"plugin_type\": \"GoogleMapPlugin\", \"path\": \"000C\", \"language\": \"es\", \"changed_date\": \"2015-09-12T20:17:52.599Z\", \"creation_date\": \"2015-09-12T20:14:31.358Z\"}}]",
    "content_type": 6,
    "revision": 76,
    "object_id_int": 49,
    "object_id": "49",
    "object_repr": "49"
  },
  "model": "reversion.version",
  "pk": 1143
},
{
  "fields": {
    "format": "json",
    "serialized_data": "[{\"model\": \"cms.cmsplugin\", \"pk\": 50, \"fields\": {\"placeholder\": 11, \"position\": 9, \"parent\": null, \"depth\": 1, \"numchild\": 0, \"plugin_type\": \"StylePlugin\", \"path\": \"000D\", \"language\": \"es\", \"changed_date\": \"2015-09-12T20:18:40.585Z\", \"creation_date\": \"2015-09-12T20:18:40.577Z\"}}]",
    "content_type": 6,
    "revision": 76,
    "object_id_int": 50,
    "object_id": "50",
    "object_repr": "50"
  },
  "model": "reversion.version",
  "pk": 1144
},
{
  "fields": {
    "format": "json",
    "serialized_data": "[{\"model\": \"cms.cmsplugin\", \"pk\": 41, \"fields\": {\"placeholder\": 11, \"position\": 1, \"parent\": 39, \"depth\": 2, \"numchild\": 2, \"plugin_type\": \"ColumnPlugin\", \"path\": \"000B0002\", \"language\": \"es\", \"changed_date\": \"2015-09-12T20:17:33.241Z\", \"creation_date\": \"2015-09-12T20:04:02.671Z\"}}]",
    "content_type": 6,
    "revision": 76,
    "object_id_int": 41,
    "object_id": "41",
    "object_repr": "41"
  },
  "model": "reversion.version",
  "pk": 1145
},
{
  "fields": {
    "format": "json",
    "serialized_data": "[{\"model\": \"cmsplugin_contact_plus.contactplus\", \"pk\": 43, \"fields\": {\"thanks\": \"Hemos recibido una consulta, estaremos respondiendo a la brevedad\", \"submit\": \"Enviar consulta\", \"template\": \"cmsplugin_contact_plus/contact.html\", \"email_subject\": \"testnubiquo@gmail.com\", \"title\": \"Formulario de contacto\", \"recipient_email\": \"contextinformatic@gmail.com\", \"collect_records\": true}}]",
    "content_type": 62,
    "revision": 77,
    "object_id_int": 43,
    "object_id": "43",
    "object_repr": "Formulario de contacto"
  },
  "model": "reversion.version",
  "pk": 1146
},
{
  "fields": {
    "format": "json",
    "serialized_data": "[{\"model\": \"cms.cmsplugin\", \"pk\": 49, \"fields\": {\"placeholder\": 11, \"position\": 0, \"parent\": null, \"depth\": 1, \"numchild\": 0, \"plugin_type\": \"GoogleMapPlugin\", \"path\": \"000C\", \"language\": \"es\", \"changed_date\": \"2015-09-12T20:17:52.599Z\", \"creation_date\": \"2015-09-12T20:14:31.358Z\"}}]",
    "content_type": 6,
    "revision": 77,
    "object_id_int": 49,
    "object_id": "49",
    "object_repr": "49"
  },
  "model": "reversion.version",
  "pk": 1147
},
{
  "fields": {
    "format": "json",
    "serialized_data": "[{\"model\": \"cms.page\", \"pk\": 6, \"fields\": {\"depth\": 1, \"is_home\": false, \"soft_root\": false, \"numchild\": 0, \"navigation_extenders\": null, \"path\": \"0005\", \"created_by\": \"contextinformatic@gmail.com\", \"site\": 1, \"in_navigation\": true, \"template\": \"INHERIT\", \"changed_date\": \"2015-09-12T20:18:40.656Z\", \"login_required\": false, \"parent\": null, \"publication_end_date\": null, \"publication_date\": null, \"xframe_options\": 0, \"placeholders\": [11], \"application_urls\": null, \"languages\": \"es\", \"changed_by\": \"contextinformatic@gmail.com\", \"reverse_id\": null, \"revision_id\": 0, \"limit_visibility_in_menu\": null, \"creation_date\": \"2015-09-12T20:03:19.408Z\", \"application_namespace\": null}}]",
    "content_type": 2,
    "revision": 77,
    "object_id_int": 6,
    "object_id": "6",
    "object_repr": "CONTACTANOS"
  },
  "model": "reversion.version",
  "pk": 1148
},
{
  "fields": {
    "format": "json",
    "serialized_data": "[{\"model\": \"djangocms_style.style\", \"pk\": 44, \"fields\": {\"padding_bottom\": null, \"margin_top\": null, \"additional_classes\": \"content-title\", \"margin_bottom\": null, \"class_name\": null, \"padding_left\": null, \"padding_top\": null, \"tag_type\": \"div\", \"padding_right\": null, \"margin_right\": null, \"margin_left\": null}}]",
    "content_type": 21,
    "revision": 77,
    "object_id_int": 44,
    "object_id": "44",
    "object_repr": "44"
  },
  "model": "reversion.version",
  "pk": 1149
},
{
  "fields": {
    "format": "json",
    "serialized_data": "[{\"model\": \"cms.placeholder\", \"pk\": 11, \"fields\": {\"slot\": \"content\", \"default_width\": null}}]",
    "content_type": 1,
    "revision": 77,
    "object_id_int": 11,
    "object_id": "11",
    "object_repr": "content"
  },
  "model": "reversion.version",
  "pk": 1150
},
{
  "fields": {
    "format": "json",
    "serialized_data": "[{\"model\": \"djangocms_style.style\", \"pk\": 45, \"fields\": {\"padding_bottom\": null, \"margin_top\": null, \"additional_classes\": \"title\", \"margin_bottom\": null, \"class_name\": \"new\", \"padding_left\": null, \"padding_top\": null, \"tag_type\": \"div\", \"padding_right\": null, \"margin_right\": null, \"margin_left\": null}}]",
    "content_type": 21,
    "revision": 77,
    "object_id_int": 45,
    "object_id": "45",
    "object_repr": "45"
  },
  "model": "reversion.version",
  "pk": 1151
},
{
  "fields": {
    "format": "json",
    "serialized_data": "[{\"model\": \"djangocms_column.column\", \"pk\": 40, \"fields\": {\"width\": \"33.33%\"}}]",
    "content_type": 22,
    "revision": 77,
    "object_id_int": 40,
    "object_id": "40",
    "object_repr": "33%"
  },
  "model": "reversion.version",
  "pk": 1152
},
{
  "fields": {
    "format": "json",
    "serialized_data": "[{\"model\": \"djangocms_text_ckeditor.text\", \"pk\": 46, \"fields\": {\"body\": \"Contactanos\\n\"}}]",
    "content_type": 14,
    "revision": 77,
    "object_id_int": 46,
    "object_id": "46",
    "object_repr": "Contactanos"
  },
  "model": "reversion.version",
  "pk": 1153
},
{
  "fields": {
    "format": "json",
    "serialized_data": "[{\"model\": \"cms.cmsplugin\", \"pk\": 39, \"fields\": {\"placeholder\": 11, \"position\": 1, \"parent\": null, \"depth\": 1, \"numchild\": 2, \"plugin_type\": \"MultiColumnPlugin\", \"path\": \"000B\", \"language\": \"es\", \"changed_date\": \"2015-09-12T20:18:03.933Z\", \"creation_date\": \"2015-09-12T20:03:57.003Z\"}}]",
    "content_type": 6,
    "revision": 77,
    "object_id_int": 39,
    "object_id": "39",
    "object_repr": "39"
  },
  "model": "reversion.version",
  "pk": 1154
},
{
  "fields": {
    "format": "json",
    "serialized_data": "[{\"model\": \"cms.cmsplugin\", \"pk\": 47, \"fields\": {\"placeholder\": 11, \"position\": 0, \"parent\": 40, \"depth\": 3, \"numchild\": 0, \"plugin_type\": \"TextPlugin\", \"path\": \"000B00010001\", \"language\": \"es\", \"changed_date\": \"2015-09-12T20:14:09.018Z\", \"creation_date\": \"2015-09-12T20:10:59.701Z\"}}]",
    "content_type": 6,
    "revision": 77,
    "object_id_int": 47,
    "object_id": "47",
    "object_repr": "47"
  },
  "model": "reversion.version",
  "pk": 1155
},
{
  "fields": {
    "format": "json",
    "serialized_data": "[{\"model\": \"cms.cmsplugin\", \"pk\": 50, \"fields\": {\"placeholder\": 11, \"position\": 9, \"parent\": null, \"depth\": 1, \"numchild\": 0, \"plugin_type\": \"StylePlugin\", \"path\": \"000D\", \"language\": \"es\", \"changed_date\": \"2015-09-12T20:19:19.233Z\", \"creation_date\": \"2015-09-12T20:18:40.577Z\"}}]",
    "content_type": 6,
    "revision": 77,
    "object_id_int": 50,
    "object_id": "50",
    "object_repr": "50"
  },
  "model": "reversion.version",
  "pk": 1156
},
{
  "fields": {
    "format": "json",
    "serialized_data": "[{\"model\": \"cms.title\", \"pk\": 6, \"fields\": {\"has_url_overwrite\": false, \"menu_title\": \"CONTACTANOS\", \"language\": \"es\", \"page_title\": \"Contactanos\", \"slug\": \"contactanos\", \"page\": 6, \"redirect\": null, \"published\": false, \"path\": \"contactanos\", \"meta_description\": \"contactanos, llama, consulta\", \"title\": \"Contactanos\", \"creation_date\": \"2015-09-12T20:03:19.749Z\"}}]",
    "content_type": 10,
    "revision": 77,
    "object_id_int": 6,
    "object_id": "6",
    "object_repr": "Contactanos (contactanos, es)"
  },
  "model": "reversion.version",
  "pk": 1157
},
{
  "fields": {
    "format": "json",
    "serialized_data": "[{\"model\": \"djangocms_column.multicolumns\", \"pk\": 39, \"fields\": {}}]",
    "content_type": 23,
    "revision": 77,
    "object_id_int": 39,
    "object_id": "39",
    "object_repr": "2 columnas"
  },
  "model": "reversion.version",
  "pk": 1158
},
{
  "fields": {
    "format": "json",
    "serialized_data": "[{\"model\": \"cms.cmsplugin\", \"pk\": 40, \"fields\": {\"placeholder\": 11, \"position\": 0, \"parent\": 39, \"depth\": 2, \"numchild\": 1, \"plugin_type\": \"ColumnPlugin\", \"path\": \"000B0001\", \"language\": \"es\", \"changed_date\": \"2015-09-12T20:17:18.284Z\", \"creation_date\": \"2015-09-12T20:04:02.612Z\"}}]",
    "content_type": 6,
    "revision": 77,
    "object_id_int": 40,
    "object_id": "40",
    "object_repr": "40"
  },
  "model": "reversion.version",
  "pk": 1159
},
{
  "fields": {
    "format": "json",
    "serialized_data": "[{\"model\": \"djangocms_column.column\", \"pk\": 41, \"fields\": {\"width\": \"66.66%\"}}]",
    "content_type": 22,
    "revision": 77,
    "object_id_int": 41,
    "object_id": "41",
    "object_repr": "66%"
  },
  "model": "reversion.version",
  "pk": 1160
},
{
  "fields": {
    "format": "json",
    "serialized_data": "[{\"model\": \"cms.cmsplugin\", \"pk\": 43, \"fields\": {\"placeholder\": 11, \"position\": 1, \"parent\": 41, \"depth\": 3, \"numchild\": 0, \"plugin_type\": \"CMSContactPlusPlugin\", \"path\": \"000B00020001\", \"language\": \"es\", \"changed_date\": \"2015-09-12T20:08:12.939Z\", \"creation_date\": \"2015-09-12T20:04:15.924Z\"}}]",
    "content_type": 6,
    "revision": 77,
    "object_id_int": 43,
    "object_id": "43",
    "object_repr": "43"
  },
  "model": "reversion.version",
  "pk": 1161
},
{
  "fields": {
    "format": "json",
    "serialized_data": "[{\"model\": \"cms.cmsplugin\", \"pk\": 44, \"fields\": {\"placeholder\": 11, \"position\": 0, \"parent\": 41, \"depth\": 3, \"numchild\": 1, \"plugin_type\": \"StylePlugin\", \"path\": \"000B00020002\", \"language\": \"es\", \"changed_date\": \"2015-09-12T20:08:12.948Z\", \"creation_date\": \"2015-09-12T20:07:29.593Z\"}}]",
    "content_type": 6,
    "revision": 77,
    "object_id_int": 44,
    "object_id": "44",
    "object_repr": "44"
  },
  "model": "reversion.version",
  "pk": 1162
},
{
  "fields": {
    "format": "json",
    "serialized_data": "[{\"model\": \"cms.cmsplugin\", \"pk\": 45, \"fields\": {\"placeholder\": 11, \"position\": 0, \"parent\": 44, \"depth\": 4, \"numchild\": 1, \"plugin_type\": \"StylePlugin\", \"path\": \"000B000200020001\", \"language\": \"es\", \"changed_date\": \"2015-09-12T20:10:03.601Z\", \"creation_date\": \"2015-09-12T20:08:17.813Z\"}}]",
    "content_type": 6,
    "revision": 77,
    "object_id_int": 45,
    "object_id": "45",
    "object_repr": "45"
  },
  "model": "reversion.version",
  "pk": 1163
},
{
  "fields": {
    "format": "json",
    "serialized_data": "[{\"model\": \"cms.cmsplugin\", \"pk\": 46, \"fields\": {\"placeholder\": 11, \"position\": 0, \"parent\": 45, \"depth\": 5, \"numchild\": 0, \"plugin_type\": \"TextPlugin\", \"path\": \"000B0002000200010001\", \"language\": \"es\", \"changed_date\": \"2015-09-12T20:10:25.354Z\", \"creation_date\": \"2015-09-12T20:08:43.673Z\"}}]",
    "content_type": 6,
    "revision": 77,
    "object_id_int": 46,
    "object_id": "46",
    "object_repr": "46"
  },
  "model": "reversion.version",
  "pk": 1164
},
{
  "fields": {
    "format": "json",
    "serialized_data": "[{\"model\": \"djangocms_text_ckeditor.text\", \"pk\": 47, \"fields\": {\"body\": \"<p><strong><span style=\\\"color: #FFFFFF;\\\"><span style=\\\"background-color: #0000FF;\\\">Estamos en Ciudad de C\\u00f3rdoba.</span></span></strong></p>\\n\\n<hr>\\n<p>Medios de contacto:</p>\\n\\n<ul>\\n\\t<li>Tel: +(549) 351 <strong>12332423</strong></li>\\n\\t<li>Email :<strong> contacto@owncommerce.com</strong></li>\\n\\t<li>Facebook:<b>\\u00a0/owncommerce</b></li>\\n</ul>\\n\"}}]",
    "content_type": 14,
    "revision": 77,
    "object_id_int": 47,
    "object_id": "47",
    "object_repr": "Estamos en Ciudad..."
  },
  "model": "reversion.version",
  "pk": 1165
},
{
  "fields": {
    "format": "json",
    "serialized_data": "[{\"model\": \"djangocms_googlemap.googlemap\", \"pk\": 49, \"fields\": {\"width\": \"100%\", \"lng\": \"-31.439430\", \"zoom\": 13, \"lat\": \"-31.396505\", \"content\": \"\", \"address\": \"San Luis 98\", \"info_window\": true, \"height\": \"400px\", \"route_planer\": false, \"double_click_zoom\": true, \"draggable\": true, \"street_view_control\": true, \"scrollwheel\": true, \"city\": \"Cordoba\", \"zoom_control\": true, \"pan_control\": true, \"zipcode\": \"5000\", \"title\": \"Nuestra ubicacion\", \"keyboard_shortcuts\": true, \"route_planer_title\": \"Calcular la manera m\\u00e1s r\\u00e1pida de ir\"}}]",
    "content_type": 26,
    "revision": 77,
    "object_id_int": 49,
    "object_id": "49",
    "object_repr": "Nuestra ubicacion (San Luis 98, 5000 Cordoba)"
  },
  "model": "reversion.version",
  "pk": 1166
},
{
  "fields": {
    "format": "json",
    "serialized_data": "[{\"model\": \"djangocms_style.style\", \"pk\": 50, \"fields\": {\"padding_bottom\": null, \"margin_top\": null, \"additional_classes\": \"md-margin\", \"margin_bottom\": null, \"class_name\": \"info\", \"padding_left\": null, \"padding_top\": null, \"tag_type\": \"div\", \"padding_right\": null, \"margin_right\": null, \"margin_left\": null}}]",
    "content_type": 21,
    "revision": 77,
    "object_id_int": 50,
    "object_id": "50",
    "object_repr": "50"
  },
  "model": "reversion.version",
  "pk": 1167
},
{
  "fields": {
    "format": "json",
    "serialized_data": "[{\"model\": \"cms.cmsplugin\", \"pk\": 41, \"fields\": {\"placeholder\": 11, \"position\": 1, \"parent\": 39, \"depth\": 2, \"numchild\": 2, \"plugin_type\": \"ColumnPlugin\", \"path\": \"000B0002\", \"language\": \"es\", \"changed_date\": \"2015-09-12T20:17:33.241Z\", \"creation_date\": \"2015-09-12T20:04:02.671Z\"}}]",
    "content_type": 6,
    "revision": 77,
    "object_id_int": 41,
    "object_id": "41",
    "object_repr": "41"
  },
  "model": "reversion.version",
  "pk": 1168
},
{
  "fields": {
    "format": "json",
    "serialized_data": "[{\"model\": \"cmsplugin_contact_plus.contactplus\", \"pk\": 43, \"fields\": {\"thanks\": \"Hemos recibido una consulta, estaremos respondiendo a la brevedad\", \"submit\": \"Enviar consulta\", \"template\": \"cmsplugin_contact_plus/contact.html\", \"email_subject\": \"testnubiquo@gmail.com\", \"title\": \"Formulario de contacto\", \"recipient_email\": \"contextinformatic@gmail.com\", \"collect_records\": true}}]",
    "content_type": 62,
    "revision": 78,
    "object_id_int": 43,
    "object_id": "43",
    "object_repr": "Formulario de contacto"
  },
  "model": "reversion.version",
  "pk": 1169
},
{
  "fields": {
    "format": "json",
    "serialized_data": "[{\"model\": \"cms.cmsplugin\", \"pk\": 49, \"fields\": {\"placeholder\": 11, \"position\": 0, \"parent\": null, \"depth\": 1, \"numchild\": 0, \"plugin_type\": \"GoogleMapPlugin\", \"path\": \"000C\", \"language\": \"es\", \"changed_date\": \"2015-09-12T20:19:30.114Z\", \"creation_date\": \"2015-09-12T20:14:31.358Z\"}}]",
    "content_type": 6,
    "revision": 78,
    "object_id_int": 49,
    "object_id": "49",
    "object_repr": "49"
  },
  "model": "reversion.version",
  "pk": 1170
},
{
  "fields": {
    "format": "json",
    "serialized_data": "[{\"model\": \"cms.page\", \"pk\": 6, \"fields\": {\"depth\": 1, \"is_home\": false, \"soft_root\": false, \"numchild\": 0, \"navigation_extenders\": null, \"path\": \"0005\", \"created_by\": \"contextinformatic@gmail.com\", \"site\": 1, \"in_navigation\": true, \"template\": \"INHERIT\", \"changed_date\": \"2015-09-12T20:19:19.623Z\", \"login_required\": false, \"parent\": null, \"publication_end_date\": null, \"publication_date\": null, \"xframe_options\": 0, \"placeholders\": [11], \"application_urls\": null, \"languages\": \"es\", \"changed_by\": \"contextinformatic@gmail.com\", \"reverse_id\": null, \"revision_id\": 0, \"limit_visibility_in_menu\": null, \"creation_date\": \"2015-09-12T20:03:19.408Z\", \"application_namespace\": null}}]",
    "content_type": 2,
    "revision": 78,
    "object_id_int": 6,
    "object_id": "6",
    "object_repr": "CONTACTANOS"
  },
  "model": "reversion.version",
  "pk": 1171
},
{
  "fields": {
    "format": "json",
    "serialized_data": "[{\"model\": \"djangocms_style.style\", \"pk\": 44, \"fields\": {\"padding_bottom\": null, \"margin_top\": null, \"additional_classes\": \"content-title\", \"margin_bottom\": null, \"class_name\": null, \"padding_left\": null, \"padding_top\": null, \"tag_type\": \"div\", \"padding_right\": null, \"margin_right\": null, \"margin_left\": null}}]",
    "content_type": 21,
    "revision": 78,
    "object_id_int": 44,
    "object_id": "44",
    "object_repr": "44"
  },
  "model": "reversion.version",
  "pk": 1172
},
{
  "fields": {
    "format": "json",
    "serialized_data": "[{\"model\": \"cms.placeholder\", \"pk\": 11, \"fields\": {\"slot\": \"content\", \"default_width\": null}}]",
    "content_type": 1,
    "revision": 78,
    "object_id_int": 11,
    "object_id": "11",
    "object_repr": "content"
  },
  "model": "reversion.version",
  "pk": 1173
},
{
  "fields": {
    "format": "json",
    "serialized_data": "[{\"model\": \"djangocms_style.style\", \"pk\": 45, \"fields\": {\"padding_bottom\": null, \"margin_top\": null, \"additional_classes\": \"title\", \"margin_bottom\": null, \"class_name\": \"new\", \"padding_left\": null, \"padding_top\": null, \"tag_type\": \"div\", \"padding_right\": null, \"margin_right\": null, \"margin_left\": null}}]",
    "content_type": 21,
    "revision": 78,
    "object_id_int": 45,
    "object_id": "45",
    "object_repr": "45"
  },
  "model": "reversion.version",
  "pk": 1174
},
{
  "fields": {
    "format": "json",
    "serialized_data": "[{\"model\": \"djangocms_column.column\", \"pk\": 40, \"fields\": {\"width\": \"33.33%\"}}]",
    "content_type": 22,
    "revision": 78,
    "object_id_int": 40,
    "object_id": "40",
    "object_repr": "33%"
  },
  "model": "reversion.version",
  "pk": 1175
},
{
  "fields": {
    "format": "json",
    "serialized_data": "[{\"model\": \"djangocms_text_ckeditor.text\", \"pk\": 46, \"fields\": {\"body\": \"Contactanos\\n\"}}]",
    "content_type": 14,
    "revision": 78,
    "object_id_int": 46,
    "object_id": "46",
    "object_repr": "Contactanos"
  },
  "model": "reversion.version",
  "pk": 1176
},
{
  "fields": {
    "format": "json",
    "serialized_data": "[{\"model\": \"cms.cmsplugin\", \"pk\": 39, \"fields\": {\"placeholder\": 11, \"position\": 2, \"parent\": null, \"depth\": 1, \"numchild\": 2, \"plugin_type\": \"MultiColumnPlugin\", \"path\": \"000B\", \"language\": \"es\", \"changed_date\": \"2015-09-12T20:19:30.127Z\", \"creation_date\": \"2015-09-12T20:03:57.003Z\"}}]",
    "content_type": 6,
    "revision": 78,
    "object_id_int": 39,
    "object_id": "39",
    "object_repr": "39"
  },
  "model": "reversion.version",
  "pk": 1177
},
{
  "fields": {
    "format": "json",
    "serialized_data": "[{\"model\": \"cms.cmsplugin\", \"pk\": 47, \"fields\": {\"placeholder\": 11, \"position\": 0, \"parent\": 40, \"depth\": 3, \"numchild\": 0, \"plugin_type\": \"TextPlugin\", \"path\": \"000B00010001\", \"language\": \"es\", \"changed_date\": \"2015-09-12T20:14:09.018Z\", \"creation_date\": \"2015-09-12T20:10:59.701Z\"}}]",
    "content_type": 6,
    "revision": 78,
    "object_id_int": 47,
    "object_id": "47",
    "object_repr": "47"
  },
  "model": "reversion.version",
  "pk": 1178
},
{
  "fields": {
    "format": "json",
    "serialized_data": "[{\"model\": \"cms.cmsplugin\", \"pk\": 50, \"fields\": {\"placeholder\": 11, \"position\": 1, \"parent\": null, \"depth\": 1, \"numchild\": 0, \"plugin_type\": \"StylePlugin\", \"path\": \"000D\", \"language\": \"es\", \"changed_date\": \"2015-09-12T20:19:30.141Z\", \"creation_date\": \"2015-09-12T20:18:40.577Z\"}}]",
    "content_type": 6,
    "revision": 78,
    "object_id_int": 50,
    "object_id": "50",
    "object_repr": "50"
  },
  "model": "reversion.version",
  "pk": 1179
},
{
  "fields": {
    "format": "json",
    "serialized_data": "[{\"model\": \"cms.title\", \"pk\": 6, \"fields\": {\"has_url_overwrite\": false, \"menu_title\": \"CONTACTANOS\", \"language\": \"es\", \"page_title\": \"Contactanos\", \"slug\": \"contactanos\", \"page\": 6, \"redirect\": null, \"published\": false, \"path\": \"contactanos\", \"meta_description\": \"contactanos, llama, consulta\", \"title\": \"Contactanos\", \"creation_date\": \"2015-09-12T20:03:19.749Z\"}}]",
    "content_type": 10,
    "revision": 78,
    "object_id_int": 6,
    "object_id": "6",
    "object_repr": "Contactanos (contactanos, es)"
  },
  "model": "reversion.version",
  "pk": 1180
},
{
  "fields": {
    "format": "json",
    "serialized_data": "[{\"model\": \"djangocms_column.multicolumns\", \"pk\": 39, \"fields\": {}}]",
    "content_type": 23,
    "revision": 78,
    "object_id_int": 39,
    "object_id": "39",
    "object_repr": "2 columnas"
  },
  "model": "reversion.version",
  "pk": 1181
},
{
  "fields": {
    "format": "json",
    "serialized_data": "[{\"model\": \"cms.cmsplugin\", \"pk\": 40, \"fields\": {\"placeholder\": 11, \"position\": 0, \"parent\": 39, \"depth\": 2, \"numchild\": 1, \"plugin_type\": \"ColumnPlugin\", \"path\": \"000B0001\", \"language\": \"es\", \"changed_date\": \"2015-09-12T20:17:18.284Z\", \"creation_date\": \"2015-09-12T20:04:02.612Z\"}}]",
    "content_type": 6,
    "revision": 78,
    "object_id_int": 40,
    "object_id": "40",
    "object_repr": "40"
  },
  "model": "reversion.version",
  "pk": 1182
},
{
  "fields": {
    "format": "json",
    "serialized_data": "[{\"model\": \"djangocms_column.column\", \"pk\": 41, \"fields\": {\"width\": \"66.66%\"}}]",
    "content_type": 22,
    "revision": 78,
    "object_id_int": 41,
    "object_id": "41",
    "object_repr": "66%"
  },
  "model": "reversion.version",
  "pk": 1183
},
{
  "fields": {
    "format": "json",
    "serialized_data": "[{\"model\": \"cms.cmsplugin\", \"pk\": 43, \"fields\": {\"placeholder\": 11, \"position\": 1, \"parent\": 41, \"depth\": 3, \"numchild\": 0, \"plugin_type\": \"CMSContactPlusPlugin\", \"path\": \"000B00020001\", \"language\": \"es\", \"changed_date\": \"2015-09-12T20:08:12.939Z\", \"creation_date\": \"2015-09-12T20:04:15.924Z\"}}]",
    "content_type": 6,
    "revision": 78,
    "object_id_int": 43,
    "object_id": "43",
    "object_repr": "43"
  },
  "model": "reversion.version",
  "pk": 1184
},
{
  "fields": {
    "format": "json",
    "serialized_data": "[{\"model\": \"cms.cmsplugin\", \"pk\": 44, \"fields\": {\"placeholder\": 11, \"position\": 0, \"parent\": 41, \"depth\": 3, \"numchild\": 1, \"plugin_type\": \"StylePlugin\", \"path\": \"000B00020002\", \"language\": \"es\", \"changed_date\": \"2015-09-12T20:08:12.948Z\", \"creation_date\": \"2015-09-12T20:07:29.593Z\"}}]",
    "content_type": 6,
    "revision": 78,
    "object_id_int": 44,
    "object_id": "44",
    "object_repr": "44"
  },
  "model": "reversion.version",
  "pk": 1185
},
{
  "fields": {
    "format": "json",
    "serialized_data": "[{\"model\": \"cms.cmsplugin\", \"pk\": 45, \"fields\": {\"placeholder\": 11, \"position\": 0, \"parent\": 44, \"depth\": 4, \"numchild\": 1, \"plugin_type\": \"StylePlugin\", \"path\": \"000B000200020001\", \"language\": \"es\", \"changed_date\": \"2015-09-12T20:10:03.601Z\", \"creation_date\": \"2015-09-12T20:08:17.813Z\"}}]",
    "content_type": 6,
    "revision": 78,
    "object_id_int": 45,
    "object_id": "45",
    "object_repr": "45"
  },
  "model": "reversion.version",
  "pk": 1186
},
{
  "fields": {
    "format": "json",
    "serialized_data": "[{\"model\": \"cms.cmsplugin\", \"pk\": 46, \"fields\": {\"placeholder\": 11, \"position\": 0, \"parent\": 45, \"depth\": 5, \"numchild\": 0, \"plugin_type\": \"TextPlugin\", \"path\": \"000B0002000200010001\", \"language\": \"es\", \"changed_date\": \"2015-09-12T20:10:25.354Z\", \"creation_date\": \"2015-09-12T20:08:43.673Z\"}}]",
    "content_type": 6,
    "revision": 78,
    "object_id_int": 46,
    "object_id": "46",
    "object_repr": "46"
  },
  "model": "reversion.version",
  "pk": 1187
},
{
  "fields": {
    "format": "json",
    "serialized_data": "[{\"model\": \"djangocms_text_ckeditor.text\", \"pk\": 47, \"fields\": {\"body\": \"<p><strong><span style=\\\"color: #FFFFFF;\\\"><span style=\\\"background-color: #0000FF;\\\">Estamos en Ciudad de C\\u00f3rdoba.</span></span></strong></p>\\n\\n<hr>\\n<p>Medios de contacto:</p>\\n\\n<ul>\\n\\t<li>Tel: +(549) 351 <strong>12332423</strong></li>\\n\\t<li>Email :<strong> contacto@owncommerce.com</strong></li>\\n\\t<li>Facebook:<b>\\u00a0/owncommerce</b></li>\\n</ul>\\n\"}}]",
    "content_type": 14,
    "revision": 78,
    "object_id_int": 47,
    "object_id": "47",
    "object_repr": "Estamos en Ciudad..."
  },
  "model": "reversion.version",
  "pk": 1188
},
{
  "fields": {
    "format": "json",
    "serialized_data": "[{\"model\": \"djangocms_googlemap.googlemap\", \"pk\": 49, \"fields\": {\"width\": \"100%\", \"lng\": \"-31.439430\", \"zoom\": 13, \"lat\": \"-31.396505\", \"content\": \"\", \"address\": \"San Luis 98\", \"info_window\": true, \"height\": \"400px\", \"route_planer\": false, \"double_click_zoom\": true, \"draggable\": true, \"street_view_control\": true, \"scrollwheel\": true, \"city\": \"Cordoba\", \"zoom_control\": true, \"pan_control\": true, \"zipcode\": \"5000\", \"title\": \"Nuestra ubicacion\", \"keyboard_shortcuts\": true, \"route_planer_title\": \"Calcular la manera m\\u00e1s r\\u00e1pida de ir\"}}]",
    "content_type": 26,
    "revision": 78,
    "object_id_int": 49,
    "object_id": "49",
    "object_repr": "Nuestra ubicacion (San Luis 98, 5000 Cordoba)"
  },
  "model": "reversion.version",
  "pk": 1189
},
{
  "fields": {
    "format": "json",
    "serialized_data": "[{\"model\": \"djangocms_style.style\", \"pk\": 50, \"fields\": {\"padding_bottom\": null, \"margin_top\": null, \"additional_classes\": \"md-margin\", \"margin_bottom\": null, \"class_name\": \"info\", \"padding_left\": null, \"padding_top\": null, \"tag_type\": \"div\", \"padding_right\": null, \"margin_right\": null, \"margin_left\": null}}]",
    "content_type": 21,
    "revision": 78,
    "object_id_int": 50,
    "object_id": "50",
    "object_repr": "50"
  },
  "model": "reversion.version",
  "pk": 1190
},
{
  "fields": {
    "format": "json",
    "serialized_data": "[{\"model\": \"cms.cmsplugin\", \"pk\": 41, \"fields\": {\"placeholder\": 11, \"position\": 1, \"parent\": 39, \"depth\": 2, \"numchild\": 2, \"plugin_type\": \"ColumnPlugin\", \"path\": \"000B0002\", \"language\": \"es\", \"changed_date\": \"2015-09-12T20:17:33.241Z\", \"creation_date\": \"2015-09-12T20:04:02.671Z\"}}]",
    "content_type": 6,
    "revision": 78,
    "object_id_int": 41,
    "object_id": "41",
    "object_repr": "41"
  },
  "model": "reversion.version",
  "pk": 1191
},
{
  "fields": {
    "format": "json",
    "serialized_data": "[{\"model\": \"cmsplugin_contact_plus.contactplus\", \"pk\": 43, \"fields\": {\"thanks\": \"Hemos recibido una consulta, estaremos respondiendo a la brevedad\", \"submit\": \"Enviar consulta\", \"template\": \"cmsplugin_contact_plus/contact.html\", \"email_subject\": \"testnubiquo@gmail.com\", \"title\": \"Formulario de contacto\", \"recipient_email\": \"contextinformatic@gmail.com\", \"collect_records\": true}}]",
    "content_type": 62,
    "revision": 79,
    "object_id_int": 43,
    "object_id": "43",
    "object_repr": "Formulario de contacto"
  },
  "model": "reversion.version",
  "pk": 1192
},
{
  "fields": {
    "format": "json",
    "serialized_data": "[{\"model\": \"cms.cmsplugin\", \"pk\": 49, \"fields\": {\"placeholder\": 11, \"position\": 0, \"parent\": null, \"depth\": 1, \"numchild\": 0, \"plugin_type\": \"GoogleMapPlugin\", \"path\": \"000C\", \"language\": \"es\", \"changed_date\": \"2015-09-12T20:19:30.114Z\", \"creation_date\": \"2015-09-12T20:14:31.358Z\"}}]",
    "content_type": 6,
    "revision": 79,
    "object_id_int": 49,
    "object_id": "49",
    "object_repr": "49"
  },
  "model": "reversion.version",
  "pk": 1193
},
{
  "fields": {
    "format": "json",
    "serialized_data": "[{\"model\": \"cms.page\", \"pk\": 6, \"fields\": {\"depth\": 1, \"is_home\": false, \"soft_root\": false, \"numchild\": 0, \"navigation_extenders\": null, \"path\": \"0005\", \"created_by\": \"contextinformatic@gmail.com\", \"site\": 1, \"in_navigation\": true, \"template\": \"INHERIT\", \"changed_date\": \"2015-09-12T20:19:30.223Z\", \"login_required\": false, \"parent\": null, \"publication_end_date\": null, \"publication_date\": null, \"xframe_options\": 0, \"placeholders\": [11], \"application_urls\": null, \"languages\": \"es\", \"changed_by\": \"contextinformatic@gmail.com\", \"reverse_id\": null, \"revision_id\": 0, \"limit_visibility_in_menu\": null, \"creation_date\": \"2015-09-12T20:03:19.408Z\", \"application_namespace\": null}}]",
    "content_type": 2,
    "revision": 79,
    "object_id_int": 6,
    "object_id": "6",
    "object_repr": "CONTACTANOS"
  },
  "model": "reversion.version",
  "pk": 1194
},
{
  "fields": {
    "format": "json",
    "serialized_data": "[{\"model\": \"cms.cmsplugin\", \"pk\": 44, \"fields\": {\"placeholder\": 11, \"position\": 0, \"parent\": 41, \"depth\": 3, \"numchild\": 1, \"plugin_type\": \"StylePlugin\", \"path\": \"000B00020002\", \"language\": \"es\", \"changed_date\": \"2015-09-12T20:08:12.948Z\", \"creation_date\": \"2015-09-12T20:07:29.593Z\"}}]",
    "content_type": 6,
    "revision": 79,
    "object_id_int": 44,
    "object_id": "44",
    "object_repr": "44"
  },
  "model": "reversion.version",
  "pk": 1195
},
{
  "fields": {
    "format": "json",
    "serialized_data": "[{\"model\": \"cms.placeholder\", \"pk\": 11, \"fields\": {\"slot\": \"content\", \"default_width\": null}}]",
    "content_type": 1,
    "revision": 79,
    "object_id_int": 11,
    "object_id": "11",
    "object_repr": "content"
  },
  "model": "reversion.version",
  "pk": 1196
},
{
  "fields": {
    "format": "json",
    "serialized_data": "[{\"model\": \"djangocms_style.style\", \"pk\": 45, \"fields\": {\"padding_bottom\": null, \"margin_top\": null, \"additional_classes\": \"title\", \"margin_bottom\": null, \"class_name\": \"new\", \"padding_left\": null, \"padding_top\": null, \"tag_type\": \"div\", \"padding_right\": null, \"margin_right\": null, \"margin_left\": null}}]",
    "content_type": 21,
    "revision": 79,
    "object_id_int": 45,
    "object_id": "45",
    "object_repr": "45"
  },
  "model": "reversion.version",
  "pk": 1197
},
{
  "fields": {
    "format": "json",
    "serialized_data": "[{\"model\": \"djangocms_column.column\", \"pk\": 40, \"fields\": {\"width\": \"33.33%\"}}]",
    "content_type": 22,
    "revision": 79,
    "object_id_int": 40,
    "object_id": "40",
    "object_repr": "33%"
  },
  "model": "reversion.version",
  "pk": 1198
},
{
  "fields": {
    "format": "json",
    "serialized_data": "[{\"model\": \"djangocms_text_ckeditor.text\", \"pk\": 46, \"fields\": {\"body\": \"Contactanos\\n\"}}]",
    "content_type": 14,
    "revision": 79,
    "object_id_int": 46,
    "object_id": "46",
    "object_repr": "Contactanos"
  },
  "model": "reversion.version",
  "pk": 1199
},
{
  "fields": {
    "format": "json",
    "serialized_data": "[{\"model\": \"djangocms_column.multicolumns\", \"pk\": 39, \"fields\": {}}]",
    "content_type": 23,
    "revision": 79,
    "object_id_int": 39,
    "object_id": "39",
    "object_repr": "2 columnas"
  },
  "model": "reversion.version",
  "pk": 1200
},
{
  "fields": {
    "format": "json",
    "serialized_data": "[{\"model\": \"cms.cmsplugin\", \"pk\": 47, \"fields\": {\"placeholder\": 11, \"position\": 0, \"parent\": 40, \"depth\": 3, \"numchild\": 0, \"plugin_type\": \"TextPlugin\", \"path\": \"000B00010001\", \"language\": \"es\", \"changed_date\": \"2015-09-12T20:14:09.018Z\", \"creation_date\": \"2015-09-12T20:10:59.701Z\"}}]",
    "content_type": 6,
    "revision": 79,
    "object_id_int": 47,
    "object_id": "47",
    "object_repr": "47"
  },
  "model": "reversion.version",
  "pk": 1201
},
{
  "fields": {
    "format": "json",
    "serialized_data": "[{\"model\": \"cms.cmsplugin\", \"pk\": 50, \"fields\": {\"placeholder\": 11, \"position\": 1, \"parent\": null, \"depth\": 1, \"numchild\": 0, \"plugin_type\": \"StylePlugin\", \"path\": \"000D\", \"language\": \"es\", \"changed_date\": \"2015-09-12T20:19:30.141Z\", \"creation_date\": \"2015-09-12T20:18:40.577Z\"}}]",
    "content_type": 6,
    "revision": 79,
    "object_id_int": 50,
    "object_id": "50",
    "object_repr": "50"
  },
  "model": "reversion.version",
  "pk": 1202
},
{
  "fields": {
    "format": "json",
    "serialized_data": "[{\"model\": \"cms.title\", \"pk\": 6, \"fields\": {\"has_url_overwrite\": false, \"menu_title\": \"CONTACTANOS\", \"language\": \"es\", \"page_title\": \"Contactanos\", \"slug\": \"contactanos\", \"page\": 6, \"redirect\": null, \"published\": false, \"path\": \"contactanos\", \"meta_description\": \"contactanos, llama, consulta\", \"title\": \"Contactanos\", \"creation_date\": \"2015-09-12T20:03:19.749Z\"}}]",
    "content_type": 10,
    "revision": 79,
    "object_id_int": 6,
    "object_id": "6",
    "object_repr": "Contactanos (contactanos, es)"
  },
  "model": "reversion.version",
  "pk": 1203
},
{
  "fields": {
    "format": "json",
    "serialized_data": "[{\"model\": \"cms.cmsplugin\", \"pk\": 39, \"fields\": {\"placeholder\": 11, \"position\": 2, \"parent\": null, \"depth\": 1, \"numchild\": 2, \"plugin_type\": \"MultiColumnPlugin\", \"path\": \"000B\", \"language\": \"es\", \"changed_date\": \"2015-09-12T20:19:30.127Z\", \"creation_date\": \"2015-09-12T20:03:57.003Z\"}}]",
    "content_type": 6,
    "revision": 79,
    "object_id_int": 39,
    "object_id": "39",
    "object_repr": "39"
  },
  "model": "reversion.version",
  "pk": 1204
},
{
  "fields": {
    "format": "json",
    "serialized_data": "[{\"model\": \"cms.cmsplugin\", \"pk\": 40, \"fields\": {\"placeholder\": 11, \"position\": 0, \"parent\": 39, \"depth\": 2, \"numchild\": 2, \"plugin_type\": \"ColumnPlugin\", \"path\": \"000B0001\", \"language\": \"es\", \"changed_date\": \"2015-09-12T20:17:18.284Z\", \"creation_date\": \"2015-09-12T20:04:02.612Z\"}}]",
    "content_type": 6,
    "revision": 79,
    "object_id_int": 40,
    "object_id": "40",
    "object_repr": "40"
  },
  "model": "reversion.version",
  "pk": 1205
},
{
  "fields": {
    "format": "json",
    "serialized_data": "[{\"model\": \"djangocms_column.column\", \"pk\": 41, \"fields\": {\"width\": \"66.66%\"}}]",
    "content_type": 22,
    "revision": 79,
    "object_id_int": 41,
    "object_id": "41",
    "object_repr": "66%"
  },
  "model": "reversion.version",
  "pk": 1206
},
{
  "fields": {
    "format": "json",
    "serialized_data": "[{\"model\": \"cms.cmsplugin\", \"pk\": 43, \"fields\": {\"placeholder\": 11, \"position\": 1, \"parent\": 41, \"depth\": 3, \"numchild\": 0, \"plugin_type\": \"CMSContactPlusPlugin\", \"path\": \"000B00020001\", \"language\": \"es\", \"changed_date\": \"2015-09-12T20:08:12.939Z\", \"creation_date\": \"2015-09-12T20:04:15.924Z\"}}]",
    "content_type": 6,
    "revision": 79,
    "object_id_int": 43,
    "object_id": "43",
    "object_repr": "43"
  },
  "model": "reversion.version",
  "pk": 1207
},
{
  "fields": {
    "format": "json",
    "serialized_data": "[{\"model\": \"djangocms_style.style\", \"pk\": 44, \"fields\": {\"padding_bottom\": null, \"margin_top\": null, \"additional_classes\": \"content-title\", \"margin_bottom\": null, \"class_name\": null, \"padding_left\": null, \"padding_top\": null, \"tag_type\": \"div\", \"padding_right\": null, \"margin_right\": null, \"margin_left\": null}}]",
    "content_type": 21,
    "revision": 79,
    "object_id_int": 44,
    "object_id": "44",
    "object_repr": "44"
  },
  "model": "reversion.version",
  "pk": 1208
},
{
  "fields": {
    "format": "json",
    "serialized_data": "[{\"model\": \"cms.cmsplugin\", \"pk\": 45, \"fields\": {\"placeholder\": 11, \"position\": 0, \"parent\": 44, \"depth\": 4, \"numchild\": 1, \"plugin_type\": \"StylePlugin\", \"path\": \"000B000200020001\", \"language\": \"es\", \"changed_date\": \"2015-09-12T20:10:03.601Z\", \"creation_date\": \"2015-09-12T20:08:17.813Z\"}}]",
    "content_type": 6,
    "revision": 79,
    "object_id_int": 45,
    "object_id": "45",
    "object_repr": "45"
  },
  "model": "reversion.version",
  "pk": 1209
},
{
  "fields": {
    "format": "json",
    "serialized_data": "[{\"model\": \"cms.cmsplugin\", \"pk\": 46, \"fields\": {\"placeholder\": 11, \"position\": 0, \"parent\": 45, \"depth\": 5, \"numchild\": 0, \"plugin_type\": \"TextPlugin\", \"path\": \"000B0002000200010001\", \"language\": \"es\", \"changed_date\": \"2015-09-12T20:10:25.354Z\", \"creation_date\": \"2015-09-12T20:08:43.673Z\"}}]",
    "content_type": 6,
    "revision": 79,
    "object_id_int": 46,
    "object_id": "46",
    "object_repr": "46"
  },
  "model": "reversion.version",
  "pk": 1210
},
{
  "fields": {
    "format": "json",
    "serialized_data": "[{\"model\": \"djangocms_text_ckeditor.text\", \"pk\": 47, \"fields\": {\"body\": \"<p><strong><span style=\\\"color: #FFFFFF;\\\"><span style=\\\"background-color: #0000FF;\\\">Estamos en Ciudad de C\\u00f3rdoba.</span></span></strong></p>\\n\\n<hr>\\n<p>Medios de contacto:</p>\\n\\n<ul>\\n\\t<li>Tel: +(549) 351 <strong>12332423</strong></li>\\n\\t<li>Email :<strong> contacto@owncommerce.com</strong></li>\\n\\t<li>Facebook:<b>\\u00a0/owncommerce</b></li>\\n</ul>\\n\"}}]",
    "content_type": 14,
    "revision": 79,
    "object_id_int": 47,
    "object_id": "47",
    "object_repr": "Estamos en Ciudad..."
  },
  "model": "reversion.version",
  "pk": 1211
},
{
  "fields": {
    "format": "json",
    "serialized_data": "[{\"model\": \"djangocms_googlemap.googlemap\", \"pk\": 49, \"fields\": {\"width\": \"100%\", \"lng\": \"-31.439430\", \"zoom\": 13, \"lat\": \"-31.396505\", \"content\": \"\", \"address\": \"San Luis 98\", \"info_window\": true, \"height\": \"400px\", \"route_planer\": false, \"double_click_zoom\": true, \"draggable\": true, \"street_view_control\": true, \"scrollwheel\": true, \"city\": \"Cordoba\", \"zoom_control\": true, \"pan_control\": true, \"zipcode\": \"5000\", \"title\": \"Nuestra ubicacion\", \"keyboard_shortcuts\": true, \"route_planer_title\": \"Calcular la manera m\\u00e1s r\\u00e1pida de ir\"}}]",
    "content_type": 26,
    "revision": 79,
    "object_id_int": 49,
    "object_id": "49",
    "object_repr": "Nuestra ubicacion (San Luis 98, 5000 Cordoba)"
  },
  "model": "reversion.version",
  "pk": 1212
},
{
  "fields": {
    "format": "json",
    "serialized_data": "[{\"model\": \"djangocms_style.style\", \"pk\": 50, \"fields\": {\"padding_bottom\": null, \"margin_top\": null, \"additional_classes\": \"md-margin\", \"margin_bottom\": null, \"class_name\": \"info\", \"padding_left\": null, \"padding_top\": null, \"tag_type\": \"div\", \"padding_right\": null, \"margin_right\": null, \"margin_left\": null}}]",
    "content_type": 21,
    "revision": 79,
    "object_id_int": 50,
    "object_id": "50",
    "object_repr": "50"
  },
  "model": "reversion.version",
  "pk": 1213
},
{
  "fields": {
    "format": "json",
    "serialized_data": "[{\"model\": \"cms.cmsplugin\", \"pk\": 52, \"fields\": {\"placeholder\": 11, \"position\": 1, \"parent\": 40, \"depth\": 3, \"numchild\": 0, \"plugin_type\": \"StylePlugin\", \"path\": \"000B00010002\", \"language\": \"es\", \"changed_date\": \"2015-09-12T20:20:07.667Z\", \"creation_date\": \"2015-09-12T20:20:07.651Z\"}}]",
    "content_type": 6,
    "revision": 79,
    "object_id_int": 52,
    "object_id": "52",
    "object_repr": "52"
  },
  "model": "reversion.version",
  "pk": 1214
},
{
  "fields": {
    "format": "json",
    "serialized_data": "[{\"model\": \"cms.cmsplugin\", \"pk\": 41, \"fields\": {\"placeholder\": 11, \"position\": 1, \"parent\": 39, \"depth\": 2, \"numchild\": 2, \"plugin_type\": \"ColumnPlugin\", \"path\": \"000B0002\", \"language\": \"es\", \"changed_date\": \"2015-09-12T20:17:33.241Z\", \"creation_date\": \"2015-09-12T20:04:02.671Z\"}}]",
    "content_type": 6,
    "revision": 79,
    "object_id_int": 41,
    "object_id": "41",
    "object_repr": "41"
  },
  "model": "reversion.version",
  "pk": 1215
},
{
  "fields": {
    "format": "json",
    "serialized_data": "[{\"model\": \"cmsplugin_contact_plus.contactplus\", \"pk\": 43, \"fields\": {\"thanks\": \"Hemos recibido una consulta, estaremos respondiendo a la brevedad\", \"submit\": \"Enviar consulta\", \"template\": \"cmsplugin_contact_plus/contact.html\", \"email_subject\": \"testnubiquo@gmail.com\", \"title\": \"Formulario de contacto\", \"recipient_email\": \"contextinformatic@gmail.com\", \"collect_records\": true}}]",
    "content_type": 62,
    "revision": 80,
    "object_id_int": 43,
    "object_id": "43",
    "object_repr": "Formulario de contacto"
  },
  "model": "reversion.version",
  "pk": 1216
},
{
  "fields": {
    "format": "json",
    "serialized_data": "[{\"model\": \"cms.cmsplugin\", \"pk\": 49, \"fields\": {\"placeholder\": 11, \"position\": 0, \"parent\": null, \"depth\": 1, \"numchild\": 0, \"plugin_type\": \"GoogleMapPlugin\", \"path\": \"000C\", \"language\": \"es\", \"changed_date\": \"2015-09-12T20:19:30.114Z\", \"creation_date\": \"2015-09-12T20:14:31.358Z\"}}]",
    "content_type": 6,
    "revision": 80,
    "object_id_int": 49,
    "object_id": "49",
    "object_repr": "49"
  },
  "model": "reversion.version",
  "pk": 1217
},
{
  "fields": {
    "format": "json",
    "serialized_data": "[{\"model\": \"cms.page\", \"pk\": 6, \"fields\": {\"depth\": 1, \"is_home\": false, \"soft_root\": false, \"numchild\": 0, \"navigation_extenders\": null, \"path\": \"0005\", \"created_by\": \"contextinformatic@gmail.com\", \"site\": 1, \"in_navigation\": true, \"template\": \"INHERIT\", \"changed_date\": \"2015-09-12T20:20:07.737Z\", \"login_required\": false, \"parent\": null, \"publication_end_date\": null, \"publication_date\": null, \"xframe_options\": 0, \"placeholders\": [11], \"application_urls\": null, \"languages\": \"es\", \"changed_by\": \"contextinformatic@gmail.com\", \"reverse_id\": null, \"revision_id\": 0, \"limit_visibility_in_menu\": null, \"creation_date\": \"2015-09-12T20:03:19.408Z\", \"application_namespace\": null}}]",
    "content_type": 2,
    "revision": 80,
    "object_id_int": 6,
    "object_id": "6",
    "object_repr": "CONTACTANOS"
  },
  "model": "reversion.version",
  "pk": 1218
},
{
  "fields": {
    "format": "json",
    "serialized_data": "[{\"model\": \"cms.cmsplugin\", \"pk\": 44, \"fields\": {\"placeholder\": 11, \"position\": 0, \"parent\": 41, \"depth\": 3, \"numchild\": 1, \"plugin_type\": \"StylePlugin\", \"path\": \"000B00020002\", \"language\": \"es\", \"changed_date\": \"2015-09-12T20:08:12.948Z\", \"creation_date\": \"2015-09-12T20:07:29.593Z\"}}]",
    "content_type": 6,
    "revision": 80,
    "object_id_int": 44,
    "object_id": "44",
    "object_repr": "44"
  },
  "model": "reversion.version",
  "pk": 1219
},
{
  "fields": {
    "format": "json",
    "serialized_data": "[{\"model\": \"cms.placeholder\", \"pk\": 11, \"fields\": {\"slot\": \"content\", \"default_width\": null}}]",
    "content_type": 1,
    "revision": 80,
    "object_id_int": 11,
    "object_id": "11",
    "object_repr": "content"
  },
  "model": "reversion.version",
  "pk": 1220
},
{
  "fields": {
    "format": "json",
    "serialized_data": "[{\"model\": \"djangocms_style.style\", \"pk\": 45, \"fields\": {\"padding_bottom\": null, \"margin_top\": null, \"additional_classes\": \"title\", \"margin_bottom\": null, \"class_name\": \"new\", \"padding_left\": null, \"padding_top\": null, \"tag_type\": \"div\", \"padding_right\": null, \"margin_right\": null, \"margin_left\": null}}]",
    "content_type": 21,
    "revision": 80,
    "object_id_int": 45,
    "object_id": "45",
    "object_repr": "45"
  },
  "model": "reversion.version",
  "pk": 1221
},
{
  "fields": {
    "format": "json",
    "serialized_data": "[{\"model\": \"djangocms_column.column\", \"pk\": 40, \"fields\": {\"width\": \"33.33%\"}}]",
    "content_type": 22,
    "revision": 80,
    "object_id_int": 40,
    "object_id": "40",
    "object_repr": "33%"
  },
  "model": "reversion.version",
  "pk": 1222
},
{
  "fields": {
    "format": "json",
    "serialized_data": "[{\"model\": \"djangocms_text_ckeditor.text\", \"pk\": 46, \"fields\": {\"body\": \"Contactanos\\n\"}}]",
    "content_type": 14,
    "revision": 80,
    "object_id_int": 46,
    "object_id": "46",
    "object_repr": "Contactanos"
  },
  "model": "reversion.version",
  "pk": 1223
},
{
  "fields": {
    "format": "json",
    "serialized_data": "[{\"model\": \"djangocms_column.multicolumns\", \"pk\": 39, \"fields\": {}}]",
    "content_type": 23,
    "revision": 80,
    "object_id_int": 39,
    "object_id": "39",
    "object_repr": "2 columnas"
  },
  "model": "reversion.version",
  "pk": 1224
},
{
  "fields": {
    "format": "json",
    "serialized_data": "[{\"model\": \"cms.cmsplugin\", \"pk\": 47, \"fields\": {\"placeholder\": 11, \"position\": 0, \"parent\": 40, \"depth\": 3, \"numchild\": 0, \"plugin_type\": \"TextPlugin\", \"path\": \"000B00010001\", \"language\": \"es\", \"changed_date\": \"2015-09-12T20:14:09.018Z\", \"creation_date\": \"2015-09-12T20:10:59.701Z\"}}]",
    "content_type": 6,
    "revision": 80,
    "object_id_int": 47,
    "object_id": "47",
    "object_repr": "47"
  },
  "model": "reversion.version",
  "pk": 1225
},
{
  "fields": {
    "format": "json",
    "serialized_data": "[{\"model\": \"cms.cmsplugin\", \"pk\": 50, \"fields\": {\"placeholder\": 11, \"position\": 1, \"parent\": null, \"depth\": 1, \"numchild\": 0, \"plugin_type\": \"StylePlugin\", \"path\": \"000D\", \"language\": \"es\", \"changed_date\": \"2015-09-12T20:19:30.141Z\", \"creation_date\": \"2015-09-12T20:18:40.577Z\"}}]",
    "content_type": 6,
    "revision": 80,
    "object_id_int": 50,
    "object_id": "50",
    "object_repr": "50"
  },
  "model": "reversion.version",
  "pk": 1226
},
{
  "fields": {
    "format": "json",
    "serialized_data": "[{\"model\": \"cms.title\", \"pk\": 6, \"fields\": {\"has_url_overwrite\": false, \"menu_title\": \"CONTACTANOS\", \"language\": \"es\", \"page_title\": \"Contactanos\", \"slug\": \"contactanos\", \"page\": 6, \"redirect\": null, \"published\": false, \"path\": \"contactanos\", \"meta_description\": \"contactanos, llama, consulta\", \"title\": \"Contactanos\", \"creation_date\": \"2015-09-12T20:03:19.749Z\"}}]",
    "content_type": 10,
    "revision": 80,
    "object_id_int": 6,
    "object_id": "6",
    "object_repr": "Contactanos (contactanos, es)"
  },
  "model": "reversion.version",
  "pk": 1227
},
{
  "fields": {
    "format": "json",
    "serialized_data": "[{\"model\": \"cms.cmsplugin\", \"pk\": 39, \"fields\": {\"placeholder\": 11, \"position\": 2, \"parent\": null, \"depth\": 1, \"numchild\": 2, \"plugin_type\": \"MultiColumnPlugin\", \"path\": \"000B\", \"language\": \"es\", \"changed_date\": \"2015-09-12T20:19:30.127Z\", \"creation_date\": \"2015-09-12T20:03:57.003Z\"}}]",
    "content_type": 6,
    "revision": 80,
    "object_id_int": 39,
    "object_id": "39",
    "object_repr": "39"
  },
  "model": "reversion.version",
  "pk": 1228
},
{
  "fields": {
    "format": "json",
    "serialized_data": "[{\"model\": \"cms.cmsplugin\", \"pk\": 40, \"fields\": {\"placeholder\": 11, \"position\": 0, \"parent\": 39, \"depth\": 2, \"numchild\": 2, \"plugin_type\": \"ColumnPlugin\", \"path\": \"000B0001\", \"language\": \"es\", \"changed_date\": \"2015-09-12T20:17:18.284Z\", \"creation_date\": \"2015-09-12T20:04:02.612Z\"}}]",
    "content_type": 6,
    "revision": 80,
    "object_id_int": 40,
    "object_id": "40",
    "object_repr": "40"
  },
  "model": "reversion.version",
  "pk": 1229
},
{
  "fields": {
    "format": "json",
    "serialized_data": "[{\"model\": \"djangocms_column.column\", \"pk\": 41, \"fields\": {\"width\": \"66.66%\"}}]",
    "content_type": 22,
    "revision": 80,
    "object_id_int": 41,
    "object_id": "41",
    "object_repr": "66%"
  },
  "model": "reversion.version",
  "pk": 1230
},
{
  "fields": {
    "format": "json",
    "serialized_data": "[{\"model\": \"cms.cmsplugin\", \"pk\": 43, \"fields\": {\"placeholder\": 11, \"position\": 1, \"parent\": 41, \"depth\": 3, \"numchild\": 0, \"plugin_type\": \"CMSContactPlusPlugin\", \"path\": \"000B00020001\", \"language\": \"es\", \"changed_date\": \"2015-09-12T20:08:12.939Z\", \"creation_date\": \"2015-09-12T20:04:15.924Z\"}}]",
    "content_type": 6,
    "revision": 80,
    "object_id_int": 43,
    "object_id": "43",
    "object_repr": "43"
  },
  "model": "reversion.version",
  "pk": 1231
},
{
  "fields": {
    "format": "json",
    "serialized_data": "[{\"model\": \"djangocms_style.style\", \"pk\": 44, \"fields\": {\"padding_bottom\": null, \"margin_top\": null, \"additional_classes\": \"content-title\", \"margin_bottom\": null, \"class_name\": null, \"padding_left\": null, \"padding_top\": null, \"tag_type\": \"div\", \"padding_right\": null, \"margin_right\": null, \"margin_left\": null}}]",
    "content_type": 21,
    "revision": 80,
    "object_id_int": 44,
    "object_id": "44",
    "object_repr": "44"
  },
  "model": "reversion.version",
  "pk": 1232
},
{
  "fields": {
    "format": "json",
    "serialized_data": "[{\"model\": \"cms.cmsplugin\", \"pk\": 45, \"fields\": {\"placeholder\": 11, \"position\": 0, \"parent\": 44, \"depth\": 4, \"numchild\": 1, \"plugin_type\": \"StylePlugin\", \"path\": \"000B000200020001\", \"language\": \"es\", \"changed_date\": \"2015-09-12T20:10:03.601Z\", \"creation_date\": \"2015-09-12T20:08:17.813Z\"}}]",
    "content_type": 6,
    "revision": 80,
    "object_id_int": 45,
    "object_id": "45",
    "object_repr": "45"
  },
  "model": "reversion.version",
  "pk": 1233
},
{
  "fields": {
    "format": "json",
    "serialized_data": "[{\"model\": \"cms.cmsplugin\", \"pk\": 46, \"fields\": {\"placeholder\": 11, \"position\": 0, \"parent\": 45, \"depth\": 5, \"numchild\": 0, \"plugin_type\": \"TextPlugin\", \"path\": \"000B0002000200010001\", \"language\": \"es\", \"changed_date\": \"2015-09-12T20:10:25.354Z\", \"creation_date\": \"2015-09-12T20:08:43.673Z\"}}]",
    "content_type": 6,
    "revision": 80,
    "object_id_int": 46,
    "object_id": "46",
    "object_repr": "46"
  },
  "model": "reversion.version",
  "pk": 1234
},
{
  "fields": {
    "format": "json",
    "serialized_data": "[{\"model\": \"djangocms_text_ckeditor.text\", \"pk\": 47, \"fields\": {\"body\": \"<p><strong><span style=\\\"color: #FFFFFF;\\\"><span style=\\\"background-color: #0000FF;\\\">Estamos en Ciudad de C\\u00f3rdoba.</span></span></strong></p>\\n\\n<hr>\\n<p>Medios de contacto:</p>\\n\\n<ul>\\n\\t<li>Tel: +(549) 351 <strong>12332423</strong></li>\\n\\t<li>Email :<strong> contacto@owncommerce.com</strong></li>\\n\\t<li>Facebook:<b>\\u00a0/owncommerce</b></li>\\n</ul>\\n\"}}]",
    "content_type": 14,
    "revision": 80,
    "object_id_int": 47,
    "object_id": "47",
    "object_repr": "Estamos en Ciudad..."
  },
  "model": "reversion.version",
  "pk": 1235
},
{
  "fields": {
    "format": "json",
    "serialized_data": "[{\"model\": \"djangocms_googlemap.googlemap\", \"pk\": 49, \"fields\": {\"width\": \"100%\", \"lng\": \"-31.439430\", \"zoom\": 13, \"lat\": \"-31.396505\", \"content\": \"\", \"address\": \"San Luis 98\", \"info_window\": true, \"height\": \"400px\", \"route_planer\": false, \"double_click_zoom\": true, \"draggable\": true, \"street_view_control\": true, \"scrollwheel\": true, \"city\": \"Cordoba\", \"zoom_control\": true, \"pan_control\": true, \"zipcode\": \"5000\", \"title\": \"Nuestra ubicacion\", \"keyboard_shortcuts\": true, \"route_planer_title\": \"Calcular la manera m\\u00e1s r\\u00e1pida de ir\"}}]",
    "content_type": 26,
    "revision": 80,
    "object_id_int": 49,
    "object_id": "49",
    "object_repr": "Nuestra ubicacion (San Luis 98, 5000 Cordoba)"
  },
  "model": "reversion.version",
  "pk": 1236
},
{
  "fields": {
    "format": "json",
    "serialized_data": "[{\"model\": \"djangocms_style.style\", \"pk\": 50, \"fields\": {\"padding_bottom\": null, \"margin_top\": null, \"additional_classes\": \"md-margin\", \"margin_bottom\": null, \"class_name\": \"info\", \"padding_left\": null, \"padding_top\": null, \"tag_type\": \"div\", \"padding_right\": null, \"margin_right\": null, \"margin_left\": null}}]",
    "content_type": 21,
    "revision": 80,
    "object_id_int": 50,
    "object_id": "50",
    "object_repr": "50"
  },
  "model": "reversion.version",
  "pk": 1237
},
{
  "fields": {
    "format": "json",
    "serialized_data": "[{\"model\": \"djangocms_style.style\", \"pk\": 52, \"fields\": {\"padding_bottom\": null, \"margin_top\": null, \"additional_classes\": \"md-margin\", \"margin_bottom\": null, \"class_name\": \"info\", \"padding_left\": null, \"padding_top\": null, \"tag_type\": \"div\", \"padding_right\": null, \"margin_right\": null, \"margin_left\": null}}]",
    "content_type": 21,
    "revision": 80,
    "object_id_int": 52,
    "object_id": "52",
    "object_repr": "52"
  },
  "model": "reversion.version",
  "pk": 1238
},
{
  "fields": {
    "format": "json",
    "serialized_data": "[{\"model\": \"cms.cmsplugin\", \"pk\": 41, \"fields\": {\"placeholder\": 11, \"position\": 1, \"parent\": 39, \"depth\": 2, \"numchild\": 2, \"plugin_type\": \"ColumnPlugin\", \"path\": \"000B0002\", \"language\": \"es\", \"changed_date\": \"2015-09-12T20:17:33.241Z\", \"creation_date\": \"2015-09-12T20:04:02.671Z\"}}]",
    "content_type": 6,
    "revision": 80,
    "object_id_int": 41,
    "object_id": "41",
    "object_repr": "41"
  },
  "model": "reversion.version",
  "pk": 1239
},
{
  "fields": {
    "format": "json",
    "serialized_data": "[{\"model\": \"cms.cmsplugin\", \"pk\": 52, \"fields\": {\"placeholder\": 11, \"position\": 1, \"parent\": 40, \"depth\": 3, \"numchild\": 0, \"plugin_type\": \"StylePlugin\", \"path\": \"000B00010002\", \"language\": \"es\", \"changed_date\": \"2015-09-12T20:20:14.888Z\", \"creation_date\": \"2015-09-12T20:20:07.651Z\"}}]",
    "content_type": 6,
    "revision": 80,
    "object_id_int": 52,
    "object_id": "52",
    "object_repr": "52"
  },
  "model": "reversion.version",
  "pk": 1240
},
{
  "fields": {
    "format": "json",
    "serialized_data": "[{\"model\": \"cmsplugin_contact_plus.contactplus\", \"pk\": 43, \"fields\": {\"thanks\": \"Hemos recibido una consulta, estaremos respondiendo a la brevedad\", \"submit\": \"Enviar consulta\", \"template\": \"cmsplugin_contact_plus/contact.html\", \"email_subject\": \"testnubiquo@gmail.com\", \"title\": \"Formulario de contacto\", \"recipient_email\": \"contextinformatic@gmail.com\", \"collect_records\": true}}]",
    "content_type": 62,
    "revision": 81,
    "object_id_int": 43,
    "object_id": "43",
    "object_repr": "Formulario de contacto"
  },
  "model": "reversion.version",
  "pk": 1241
},
{
  "fields": {
    "format": "json",
    "serialized_data": "[{\"model\": \"cms.cmsplugin\", \"pk\": 49, \"fields\": {\"placeholder\": 11, \"position\": 0, \"parent\": null, \"depth\": 1, \"numchild\": 0, \"plugin_type\": \"GoogleMapPlugin\", \"path\": \"000C\", \"language\": \"es\", \"changed_date\": \"2015-09-12T20:19:30.114Z\", \"creation_date\": \"2015-09-12T20:14:31.358Z\"}}]",
    "content_type": 6,
    "revision": 81,
    "object_id_int": 49,
    "object_id": "49",
    "object_repr": "49"
  },
  "model": "reversion.version",
  "pk": 1242
},
{
  "fields": {
    "format": "json",
    "serialized_data": "[{\"model\": \"cms.page\", \"pk\": 6, \"fields\": {\"depth\": 1, \"is_home\": false, \"soft_root\": false, \"numchild\": 0, \"navigation_extenders\": null, \"path\": \"0005\", \"created_by\": \"contextinformatic@gmail.com\", \"site\": 1, \"in_navigation\": true, \"template\": \"INHERIT\", \"changed_date\": \"2015-09-12T20:20:15.304Z\", \"login_required\": false, \"parent\": null, \"publication_end_date\": null, \"publication_date\": null, \"xframe_options\": 0, \"placeholders\": [11], \"application_urls\": null, \"languages\": \"es\", \"changed_by\": \"contextinformatic@gmail.com\", \"reverse_id\": null, \"revision_id\": 0, \"limit_visibility_in_menu\": null, \"creation_date\": \"2015-09-12T20:03:19.408Z\", \"application_namespace\": null}}]",
    "content_type": 2,
    "revision": 81,
    "object_id_int": 6,
    "object_id": "6",
    "object_repr": "CONTACTANOS"
  },
  "model": "reversion.version",
  "pk": 1243
},
{
  "fields": {
    "format": "json",
    "serialized_data": "[{\"model\": \"cms.cmsplugin\", \"pk\": 44, \"fields\": {\"placeholder\": 11, \"position\": 0, \"parent\": 41, \"depth\": 3, \"numchild\": 1, \"plugin_type\": \"StylePlugin\", \"path\": \"000B00020002\", \"language\": \"es\", \"changed_date\": \"2015-09-12T20:08:12.948Z\", \"creation_date\": \"2015-09-12T20:07:29.593Z\"}}]",
    "content_type": 6,
    "revision": 81,
    "object_id_int": 44,
    "object_id": "44",
    "object_repr": "44"
  },
  "model": "reversion.version",
  "pk": 1244
},
{
  "fields": {
    "format": "json",
    "serialized_data": "[{\"model\": \"cms.placeholder\", \"pk\": 11, \"fields\": {\"slot\": \"content\", \"default_width\": null}}]",
    "content_type": 1,
    "revision": 81,
    "object_id_int": 11,
    "object_id": "11",
    "object_repr": "content"
  },
  "model": "reversion.version",
  "pk": 1245
},
{
  "fields": {
    "format": "json",
    "serialized_data": "[{\"model\": \"djangocms_style.style\", \"pk\": 45, \"fields\": {\"padding_bottom\": null, \"margin_top\": null, \"additional_classes\": \"title\", \"margin_bottom\": null, \"class_name\": \"new\", \"padding_left\": null, \"padding_top\": null, \"tag_type\": \"div\", \"padding_right\": null, \"margin_right\": null, \"margin_left\": null}}]",
    "content_type": 21,
    "revision": 81,
    "object_id_int": 45,
    "object_id": "45",
    "object_repr": "45"
  },
  "model": "reversion.version",
  "pk": 1246
},
{
  "fields": {
    "format": "json",
    "serialized_data": "[{\"model\": \"djangocms_column.column\", \"pk\": 40, \"fields\": {\"width\": \"33.33%\"}}]",
    "content_type": 22,
    "revision": 81,
    "object_id_int": 40,
    "object_id": "40",
    "object_repr": "33%"
  },
  "model": "reversion.version",
  "pk": 1247
},
{
  "fields": {
    "format": "json",
    "serialized_data": "[{\"model\": \"djangocms_text_ckeditor.text\", \"pk\": 46, \"fields\": {\"body\": \"Contactanos\\n\"}}]",
    "content_type": 14,
    "revision": 81,
    "object_id_int": 46,
    "object_id": "46",
    "object_repr": "Contactanos"
  },
  "model": "reversion.version",
  "pk": 1248
},
{
  "fields": {
    "format": "json",
    "serialized_data": "[{\"model\": \"djangocms_column.multicolumns\", \"pk\": 39, \"fields\": {}}]",
    "content_type": 23,
    "revision": 81,
    "object_id_int": 39,
    "object_id": "39",
    "object_repr": "2 columnas"
  },
  "model": "reversion.version",
  "pk": 1249
},
{
  "fields": {
    "format": "json",
    "serialized_data": "[{\"model\": \"cms.cmsplugin\", \"pk\": 47, \"fields\": {\"placeholder\": 11, \"position\": 1, \"parent\": 40, \"depth\": 3, \"numchild\": 0, \"plugin_type\": \"TextPlugin\", \"path\": \"000B00010001\", \"language\": \"es\", \"changed_date\": \"2015-09-12T20:20:34.911Z\", \"creation_date\": \"2015-09-12T20:10:59.701Z\"}}]",
    "content_type": 6,
    "revision": 81,
    "object_id_int": 47,
    "object_id": "47",
    "object_repr": "47"
  },
  "model": "reversion.version",
  "pk": 1250
},
{
  "fields": {
    "format": "json",
    "serialized_data": "[{\"model\": \"cms.cmsplugin\", \"pk\": 50, \"fields\": {\"placeholder\": 11, \"position\": 1, \"parent\": null, \"depth\": 1, \"numchild\": 0, \"plugin_type\": \"StylePlugin\", \"path\": \"000D\", \"language\": \"es\", \"changed_date\": \"2015-09-12T20:19:30.141Z\", \"creation_date\": \"2015-09-12T20:18:40.577Z\"}}]",
    "content_type": 6,
    "revision": 81,
    "object_id_int": 50,
    "object_id": "50",
    "object_repr": "50"
  },
  "model": "reversion.version",
  "pk": 1251
},
{
  "fields": {
    "format": "json",
    "serialized_data": "[{\"model\": \"cms.title\", \"pk\": 6, \"fields\": {\"has_url_overwrite\": false, \"menu_title\": \"CONTACTANOS\", \"language\": \"es\", \"page_title\": \"Contactanos\", \"slug\": \"contactanos\", \"page\": 6, \"redirect\": null, \"published\": false, \"path\": \"contactanos\", \"meta_description\": \"contactanos, llama, consulta\", \"title\": \"Contactanos\", \"creation_date\": \"2015-09-12T20:03:19.749Z\"}}]",
    "content_type": 10,
    "revision": 81,
    "object_id_int": 6,
    "object_id": "6",
    "object_repr": "Contactanos (contactanos, es)"
  },
  "model": "reversion.version",
  "pk": 1252
},
{
  "fields": {
    "format": "json",
    "serialized_data": "[{\"model\": \"cms.cmsplugin\", \"pk\": 39, \"fields\": {\"placeholder\": 11, \"position\": 2, \"parent\": null, \"depth\": 1, \"numchild\": 2, \"plugin_type\": \"MultiColumnPlugin\", \"path\": \"000B\", \"language\": \"es\", \"changed_date\": \"2015-09-12T20:19:30.127Z\", \"creation_date\": \"2015-09-12T20:03:57.003Z\"}}]",
    "content_type": 6,
    "revision": 81,
    "object_id_int": 39,
    "object_id": "39",
    "object_repr": "39"
  },
  "model": "reversion.version",
  "pk": 1253
},
{
  "fields": {
    "format": "json",
    "serialized_data": "[{\"model\": \"cms.cmsplugin\", \"pk\": 40, \"fields\": {\"placeholder\": 11, \"position\": 0, \"parent\": 39, \"depth\": 2, \"numchild\": 2, \"plugin_type\": \"ColumnPlugin\", \"path\": \"000B0001\", \"language\": \"es\", \"changed_date\": \"2015-09-12T20:17:18.284Z\", \"creation_date\": \"2015-09-12T20:04:02.612Z\"}}]",
    "content_type": 6,
    "revision": 81,
    "object_id_int": 40,
    "object_id": "40",
    "object_repr": "40"
  },
  "model": "reversion.version",
  "pk": 1254
},
{
  "fields": {
    "format": "json",
    "serialized_data": "[{\"model\": \"djangocms_column.column\", \"pk\": 41, \"fields\": {\"width\": \"66.66%\"}}]",
    "content_type": 22,
    "revision": 81,
    "object_id_int": 41,
    "object_id": "41",
    "object_repr": "66%"
  },
  "model": "reversion.version",
  "pk": 1255
},
{
  "fields": {
    "format": "json",
    "serialized_data": "[{\"model\": \"cms.cmsplugin\", \"pk\": 43, \"fields\": {\"placeholder\": 11, \"position\": 1, \"parent\": 41, \"depth\": 3, \"numchild\": 0, \"plugin_type\": \"CMSContactPlusPlugin\", \"path\": \"000B00020001\", \"language\": \"es\", \"changed_date\": \"2015-09-12T20:08:12.939Z\", \"creation_date\": \"2015-09-12T20:04:15.924Z\"}}]",
    "content_type": 6,
    "revision": 81,
    "object_id_int": 43,
    "object_id": "43",
    "object_repr": "43"
  },
  "model": "reversion.version",
  "pk": 1256
},
{
  "fields": {
    "format": "json",
    "serialized_data": "[{\"model\": \"djangocms_style.style\", \"pk\": 44, \"fields\": {\"padding_bottom\": null, \"margin_top\": null, \"additional_classes\": \"content-title\", \"margin_bottom\": null, \"class_name\": null, \"padding_left\": null, \"padding_top\": null, \"tag_type\": \"div\", \"padding_right\": null, \"margin_right\": null, \"margin_left\": null}}]",
    "content_type": 21,
    "revision": 81,
    "object_id_int": 44,
    "object_id": "44",
    "object_repr": "44"
  },
  "model": "reversion.version",
  "pk": 1257
},
{
  "fields": {
    "format": "json",
    "serialized_data": "[{\"model\": \"cms.cmsplugin\", \"pk\": 45, \"fields\": {\"placeholder\": 11, \"position\": 0, \"parent\": 44, \"depth\": 4, \"numchild\": 1, \"plugin_type\": \"StylePlugin\", \"path\": \"000B000200020001\", \"language\": \"es\", \"changed_date\": \"2015-09-12T20:10:03.601Z\", \"creation_date\": \"2015-09-12T20:08:17.813Z\"}}]",
    "content_type": 6,
    "revision": 81,
    "object_id_int": 45,
    "object_id": "45",
    "object_repr": "45"
  },
  "model": "reversion.version",
  "pk": 1258
},
{
  "fields": {
    "format": "json",
    "serialized_data": "[{\"model\": \"cms.cmsplugin\", \"pk\": 46, \"fields\": {\"placeholder\": 11, \"position\": 0, \"parent\": 45, \"depth\": 5, \"numchild\": 0, \"plugin_type\": \"TextPlugin\", \"path\": \"000B0002000200010001\", \"language\": \"es\", \"changed_date\": \"2015-09-12T20:10:25.354Z\", \"creation_date\": \"2015-09-12T20:08:43.673Z\"}}]",
    "content_type": 6,
    "revision": 81,
    "object_id_int": 46,
    "object_id": "46",
    "object_repr": "46"
  },
  "model": "reversion.version",
  "pk": 1259
},
{
  "fields": {
    "format": "json",
    "serialized_data": "[{\"model\": \"djangocms_text_ckeditor.text\", \"pk\": 47, \"fields\": {\"body\": \"<p><strong><span style=\\\"color: #FFFFFF;\\\"><span style=\\\"background-color: #0000FF;\\\">Estamos en Ciudad de C\\u00f3rdoba.</span></span></strong></p>\\n\\n<hr>\\n<p>Medios de contacto:</p>\\n\\n<ul>\\n\\t<li>Tel: +(549) 351 <strong>12332423</strong></li>\\n\\t<li>Email :<strong> contacto@owncommerce.com</strong></li>\\n\\t<li>Facebook:<b>\\u00a0/owncommerce</b></li>\\n</ul>\\n\"}}]",
    "content_type": 14,
    "revision": 81,
    "object_id_int": 47,
    "object_id": "47",
    "object_repr": "Estamos en Ciudad..."
  },
  "model": "reversion.version",
  "pk": 1260
},
{
  "fields": {
    "format": "json",
    "serialized_data": "[{\"model\": \"djangocms_googlemap.googlemap\", \"pk\": 49, \"fields\": {\"width\": \"100%\", \"lng\": \"-31.439430\", \"zoom\": 13, \"lat\": \"-31.396505\", \"content\": \"\", \"address\": \"San Luis 98\", \"info_window\": true, \"height\": \"400px\", \"route_planer\": false, \"double_click_zoom\": true, \"draggable\": true, \"street_view_control\": true, \"scrollwheel\": true, \"city\": \"Cordoba\", \"zoom_control\": true, \"pan_control\": true, \"zipcode\": \"5000\", \"title\": \"Nuestra ubicacion\", \"keyboard_shortcuts\": true, \"route_planer_title\": \"Calcular la manera m\\u00e1s r\\u00e1pida de ir\"}}]",
    "content_type": 26,
    "revision": 81,
    "object_id_int": 49,
    "object_id": "49",
    "object_repr": "Nuestra ubicacion (San Luis 98, 5000 Cordoba)"
  },
  "model": "reversion.version",
  "pk": 1261
},
{
  "fields": {
    "format": "json",
    "serialized_data": "[{\"model\": \"djangocms_style.style\", \"pk\": 50, \"fields\": {\"padding_bottom\": null, \"margin_top\": null, \"additional_classes\": \"md-margin\", \"margin_bottom\": null, \"class_name\": \"info\", \"padding_left\": null, \"padding_top\": null, \"tag_type\": \"div\", \"padding_right\": null, \"margin_right\": null, \"margin_left\": null}}]",
    "content_type": 21,
    "revision": 81,
    "object_id_int": 50,
    "object_id": "50",
    "object_repr": "50"
  },
  "model": "reversion.version",
  "pk": 1262
},
{
  "fields": {
    "format": "json",
    "serialized_data": "[{\"model\": \"djangocms_style.style\", \"pk\": 52, \"fields\": {\"padding_bottom\": null, \"margin_top\": null, \"additional_classes\": \"md-margin\", \"margin_bottom\": null, \"class_name\": \"info\", \"padding_left\": null, \"padding_top\": null, \"tag_type\": \"div\", \"padding_right\": null, \"margin_right\": null, \"margin_left\": null}}]",
    "content_type": 21,
    "revision": 81,
    "object_id_int": 52,
    "object_id": "52",
    "object_repr": "52"
  },
  "model": "reversion.version",
  "pk": 1263
},
{
  "fields": {
    "format": "json",
    "serialized_data": "[{\"model\": \"cms.cmsplugin\", \"pk\": 41, \"fields\": {\"placeholder\": 11, \"position\": 1, \"parent\": 39, \"depth\": 2, \"numchild\": 2, \"plugin_type\": \"ColumnPlugin\", \"path\": \"000B0002\", \"language\": \"es\", \"changed_date\": \"2015-09-12T20:17:33.241Z\", \"creation_date\": \"2015-09-12T20:04:02.671Z\"}}]",
    "content_type": 6,
    "revision": 81,
    "object_id_int": 41,
    "object_id": "41",
    "object_repr": "41"
  },
  "model": "reversion.version",
  "pk": 1264
},
{
  "fields": {
    "format": "json",
    "serialized_data": "[{\"model\": \"cms.cmsplugin\", \"pk\": 52, \"fields\": {\"placeholder\": 11, \"position\": 0, \"parent\": 40, \"depth\": 3, \"numchild\": 0, \"plugin_type\": \"StylePlugin\", \"path\": \"000B00010002\", \"language\": \"es\", \"changed_date\": \"2015-09-12T20:20:34.921Z\", \"creation_date\": \"2015-09-12T20:20:07.651Z\"}}]",
    "content_type": 6,
    "revision": 81,
    "object_id_int": 52,
    "object_id": "52",
    "object_repr": "52"
  },
  "model": "reversion.version",
  "pk": 1265
},
{
  "fields": {
    "format": "json",
    "serialized_data": "[{\"model\": \"cmsplugin_contact_plus.contactplus\", \"pk\": 43, \"fields\": {\"thanks\": \"Hemos recibido una consulta, estaremos respondiendo a la brevedad\", \"submit\": \"Enviar consulta\", \"template\": \"cmsplugin_contact_plus/contact.html\", \"email_subject\": \"testnubiquo@gmail.com\", \"title\": \"Formulario de contacto\", \"recipient_email\": \"contextinformatic@gmail.com\", \"collect_records\": true}}]",
    "content_type": 62,
    "revision": 82,
    "object_id_int": 43,
    "object_id": "43",
    "object_repr": "Formulario de contacto"
  },
  "model": "reversion.version",
  "pk": 1266
},
{
  "fields": {
    "format": "json",
    "serialized_data": "[{\"model\": \"cms.cmsplugin\", \"pk\": 49, \"fields\": {\"placeholder\": 11, \"position\": 0, \"parent\": null, \"depth\": 1, \"numchild\": 0, \"plugin_type\": \"GoogleMapPlugin\", \"path\": \"000C\", \"language\": \"es\", \"changed_date\": \"2015-09-12T20:19:30.114Z\", \"creation_date\": \"2015-09-12T20:14:31.358Z\"}}]",
    "content_type": 6,
    "revision": 82,
    "object_id_int": 49,
    "object_id": "49",
    "object_repr": "49"
  },
  "model": "reversion.version",
  "pk": 1267
},
{
  "fields": {
    "format": "json",
    "serialized_data": "[{\"model\": \"cms.page\", \"pk\": 6, \"fields\": {\"depth\": 1, \"is_home\": false, \"soft_root\": false, \"numchild\": 0, \"navigation_extenders\": null, \"path\": \"0005\", \"created_by\": \"contextinformatic@gmail.com\", \"site\": 1, \"in_navigation\": true, \"template\": \"INHERIT\", \"changed_date\": \"2015-09-12T20:20:34.985Z\", \"login_required\": false, \"parent\": null, \"publication_end_date\": null, \"publication_date\": null, \"xframe_options\": 0, \"placeholders\": [11], \"application_urls\": null, \"languages\": \"es\", \"changed_by\": \"contextinformatic@gmail.com\", \"reverse_id\": null, \"revision_id\": 0, \"limit_visibility_in_menu\": null, \"creation_date\": \"2015-09-12T20:03:19.408Z\", \"application_namespace\": null}}]",
    "content_type": 2,
    "revision": 82,
    "object_id_int": 6,
    "object_id": "6",
    "object_repr": "CONTACTANOS"
  },
  "model": "reversion.version",
  "pk": 1268
},
{
  "fields": {
    "format": "json",
    "serialized_data": "[{\"model\": \"cms.cmsplugin\", \"pk\": 44, \"fields\": {\"placeholder\": 11, \"position\": 0, \"parent\": 41, \"depth\": 3, \"numchild\": 1, \"plugin_type\": \"StylePlugin\", \"path\": \"000B00020002\", \"language\": \"es\", \"changed_date\": \"2015-09-12T20:08:12.948Z\", \"creation_date\": \"2015-09-12T20:07:29.593Z\"}}]",
    "content_type": 6,
    "revision": 82,
    "object_id_int": 44,
    "object_id": "44",
    "object_repr": "44"
  },
  "model": "reversion.version",
  "pk": 1269
},
{
  "fields": {
    "format": "json",
    "serialized_data": "[{\"model\": \"cms.placeholder\", \"pk\": 11, \"fields\": {\"slot\": \"content\", \"default_width\": null}}]",
    "content_type": 1,
    "revision": 82,
    "object_id_int": 11,
    "object_id": "11",
    "object_repr": "content"
  },
  "model": "reversion.version",
  "pk": 1270
},
{
  "fields": {
    "format": "json",
    "serialized_data": "[{\"model\": \"djangocms_style.style\", \"pk\": 45, \"fields\": {\"padding_bottom\": null, \"margin_top\": null, \"additional_classes\": \"title\", \"margin_bottom\": null, \"class_name\": \"new\", \"padding_left\": null, \"padding_top\": null, \"tag_type\": \"div\", \"padding_right\": null, \"margin_right\": null, \"margin_left\": null}}]",
    "content_type": 21,
    "revision": 82,
    "object_id_int": 45,
    "object_id": "45",
    "object_repr": "45"
  },
  "model": "reversion.version",
  "pk": 1271
},
{
  "fields": {
    "format": "json",
    "serialized_data": "[{\"model\": \"djangocms_column.column\", \"pk\": 40, \"fields\": {\"width\": \"33.33%\"}}]",
    "content_type": 22,
    "revision": 82,
    "object_id_int": 40,
    "object_id": "40",
    "object_repr": "33%"
  },
  "model": "reversion.version",
  "pk": 1272
},
{
  "fields": {
    "format": "json",
    "serialized_data": "[{\"model\": \"djangocms_text_ckeditor.text\", \"pk\": 46, \"fields\": {\"body\": \"Contactanos\\n\"}}]",
    "content_type": 14,
    "revision": 82,
    "object_id_int": 46,
    "object_id": "46",
    "object_repr": "Contactanos"
  },
  "model": "reversion.version",
  "pk": 1273
},
{
  "fields": {
    "format": "json",
    "serialized_data": "[{\"model\": \"djangocms_column.multicolumns\", \"pk\": 39, \"fields\": {}}]",
    "content_type": 23,
    "revision": 82,
    "object_id_int": 39,
    "object_id": "39",
    "object_repr": "2 columnas"
  },
  "model": "reversion.version",
  "pk": 1274
},
{
  "fields": {
    "format": "json",
    "serialized_data": "[{\"model\": \"cms.cmsplugin\", \"pk\": 47, \"fields\": {\"placeholder\": 11, \"position\": 1, \"parent\": 40, \"depth\": 3, \"numchild\": 0, \"plugin_type\": \"TextPlugin\", \"path\": \"000B00010001\", \"language\": \"es\", \"changed_date\": \"2015-09-12T20:20:34.911Z\", \"creation_date\": \"2015-09-12T20:10:59.701Z\"}}]",
    "content_type": 6,
    "revision": 82,
    "object_id_int": 47,
    "object_id": "47",
    "object_repr": "47"
  },
  "model": "reversion.version",
  "pk": 1275
},
{
  "fields": {
    "format": "json",
    "serialized_data": "[{\"model\": \"cms.cmsplugin\", \"pk\": 50, \"fields\": {\"placeholder\": 11, \"position\": 1, \"parent\": null, \"depth\": 1, \"numchild\": 0, \"plugin_type\": \"StylePlugin\", \"path\": \"000D\", \"language\": \"es\", \"changed_date\": \"2015-09-12T20:19:30.141Z\", \"creation_date\": \"2015-09-12T20:18:40.577Z\"}}]",
    "content_type": 6,
    "revision": 82,
    "object_id_int": 50,
    "object_id": "50",
    "object_repr": "50"
  },
  "model": "reversion.version",
  "pk": 1276
},
{
  "fields": {
    "format": "json",
    "serialized_data": "[{\"model\": \"cms.title\", \"pk\": 6, \"fields\": {\"has_url_overwrite\": false, \"menu_title\": \"CONTACTANOS\", \"language\": \"es\", \"page_title\": \"Contactanos\", \"slug\": \"contactanos\", \"page\": 6, \"redirect\": null, \"published\": false, \"path\": \"contactanos\", \"meta_description\": \"contactanos, llama, consulta\", \"title\": \"Contactanos\", \"creation_date\": \"2015-09-12T20:03:19.749Z\"}}]",
    "content_type": 10,
    "revision": 82,
    "object_id_int": 6,
    "object_id": "6",
    "object_repr": "Contactanos (contactanos, es)"
  },
  "model": "reversion.version",
  "pk": 1277
},
{
  "fields": {
    "format": "json",
    "serialized_data": "[{\"model\": \"cms.cmsplugin\", \"pk\": 39, \"fields\": {\"placeholder\": 11, \"position\": 2, \"parent\": null, \"depth\": 1, \"numchild\": 2, \"plugin_type\": \"MultiColumnPlugin\", \"path\": \"000B\", \"language\": \"es\", \"changed_date\": \"2015-09-12T20:19:30.127Z\", \"creation_date\": \"2015-09-12T20:03:57.003Z\"}}]",
    "content_type": 6,
    "revision": 82,
    "object_id_int": 39,
    "object_id": "39",
    "object_repr": "39"
  },
  "model": "reversion.version",
  "pk": 1278
},
{
  "fields": {
    "format": "json",
    "serialized_data": "[{\"model\": \"cms.cmsplugin\", \"pk\": 40, \"fields\": {\"placeholder\": 11, \"position\": 0, \"parent\": 39, \"depth\": 2, \"numchild\": 2, \"plugin_type\": \"ColumnPlugin\", \"path\": \"000B0001\", \"language\": \"es\", \"changed_date\": \"2015-09-12T20:17:18.284Z\", \"creation_date\": \"2015-09-12T20:04:02.612Z\"}}]",
    "content_type": 6,
    "revision": 82,
    "object_id_int": 40,
    "object_id": "40",
    "object_repr": "40"
  },
  "model": "reversion.version",
  "pk": 1279
},
{
  "fields": {
    "format": "json",
    "serialized_data": "[{\"model\": \"djangocms_column.column\", \"pk\": 41, \"fields\": {\"width\": \"66.66%\"}}]",
    "content_type": 22,
    "revision": 82,
    "object_id_int": 41,
    "object_id": "41",
    "object_repr": "66%"
  },
  "model": "reversion.version",
  "pk": 1280
},
{
  "fields": {
    "format": "json",
    "serialized_data": "[{\"model\": \"cms.cmsplugin\", \"pk\": 43, \"fields\": {\"placeholder\": 11, \"position\": 1, \"parent\": 41, \"depth\": 3, \"numchild\": 0, \"plugin_type\": \"CMSContactPlusPlugin\", \"path\": \"000B00020001\", \"language\": \"es\", \"changed_date\": \"2015-09-12T20:08:12.939Z\", \"creation_date\": \"2015-09-12T20:04:15.924Z\"}}]",
    "content_type": 6,
    "revision": 82,
    "object_id_int": 43,
    "object_id": "43",
    "object_repr": "43"
  },
  "model": "reversion.version",
  "pk": 1281
},
{
  "fields": {
    "format": "json",
    "serialized_data": "[{\"model\": \"djangocms_style.style\", \"pk\": 44, \"fields\": {\"padding_bottom\": null, \"margin_top\": null, \"additional_classes\": \"content-title\", \"margin_bottom\": null, \"class_name\": null, \"padding_left\": null, \"padding_top\": null, \"tag_type\": \"div\", \"padding_right\": null, \"margin_right\": null, \"margin_left\": null}}]",
    "content_type": 21,
    "revision": 82,
    "object_id_int": 44,
    "object_id": "44",
    "object_repr": "44"
  },
  "model": "reversion.version",
  "pk": 1282
},
{
  "fields": {
    "format": "json",
    "serialized_data": "[{\"model\": \"cms.cmsplugin\", \"pk\": 45, \"fields\": {\"placeholder\": 11, \"position\": 0, \"parent\": 44, \"depth\": 4, \"numchild\": 1, \"plugin_type\": \"StylePlugin\", \"path\": \"000B000200020001\", \"language\": \"es\", \"changed_date\": \"2015-09-12T20:10:03.601Z\", \"creation_date\": \"2015-09-12T20:08:17.813Z\"}}]",
    "content_type": 6,
    "revision": 82,
    "object_id_int": 45,
    "object_id": "45",
    "object_repr": "45"
  },
  "model": "reversion.version",
  "pk": 1283
},
{
  "fields": {
    "format": "json",
    "serialized_data": "[{\"model\": \"cms.cmsplugin\", \"pk\": 46, \"fields\": {\"placeholder\": 11, \"position\": 0, \"parent\": 45, \"depth\": 5, \"numchild\": 0, \"plugin_type\": \"TextPlugin\", \"path\": \"000B0002000200010001\", \"language\": \"es\", \"changed_date\": \"2015-09-12T20:10:25.354Z\", \"creation_date\": \"2015-09-12T20:08:43.673Z\"}}]",
    "content_type": 6,
    "revision": 82,
    "object_id_int": 46,
    "object_id": "46",
    "object_repr": "46"
  },
  "model": "reversion.version",
  "pk": 1284
},
{
  "fields": {
    "format": "json",
    "serialized_data": "[{\"model\": \"djangocms_text_ckeditor.text\", \"pk\": 47, \"fields\": {\"body\": \"<p><strong><span style=\\\"color: #FFFFFF;\\\"><span style=\\\"background-color: #0000FF;\\\">Estamos en Ciudad de C\\u00f3rdoba.</span></span></strong></p>\\n\\n<hr>\\n<p>Medios de contacto:</p>\\n\\n<ul>\\n\\t<li>Tel: +(549) 351 <strong>12332423</strong></li>\\n\\t<li>Email :<strong> contacto@owncommerce.com</strong></li>\\n\\t<li>Facebook:<b>\\u00a0/owncommerce</b></li>\\n</ul>\\n\"}}]",
    "content_type": 14,
    "revision": 82,
    "object_id_int": 47,
    "object_id": "47",
    "object_repr": "Estamos en Ciudad..."
  },
  "model": "reversion.version",
  "pk": 1285
},
{
  "fields": {
    "format": "json",
    "serialized_data": "[{\"model\": \"djangocms_googlemap.googlemap\", \"pk\": 49, \"fields\": {\"width\": \"100%\", \"lng\": \"-31.439430\", \"zoom\": 13, \"lat\": \"-31.396505\", \"content\": \"\", \"address\": \"San Luis 98\", \"info_window\": true, \"height\": \"400px\", \"route_planer\": false, \"double_click_zoom\": true, \"draggable\": true, \"street_view_control\": true, \"scrollwheel\": true, \"city\": \"Cordoba\", \"zoom_control\": true, \"pan_control\": true, \"zipcode\": \"5000\", \"title\": \"Nuestra ubicacion\", \"keyboard_shortcuts\": true, \"route_planer_title\": \"Calcular la manera m\\u00e1s r\\u00e1pida de ir\"}}]",
    "content_type": 26,
    "revision": 82,
    "object_id_int": 49,
    "object_id": "49",
    "object_repr": "Nuestra ubicacion (San Luis 98, 5000 Cordoba)"
  },
  "model": "reversion.version",
  "pk": 1286
},
{
  "fields": {
    "format": "json",
    "serialized_data": "[{\"model\": \"djangocms_style.style\", \"pk\": 50, \"fields\": {\"padding_bottom\": null, \"margin_top\": null, \"additional_classes\": \"md-margin\", \"margin_bottom\": null, \"class_name\": \"info\", \"padding_left\": null, \"padding_top\": null, \"tag_type\": \"div\", \"padding_right\": null, \"margin_right\": null, \"margin_left\": null}}]",
    "content_type": 21,
    "revision": 82,
    "object_id_int": 50,
    "object_id": "50",
    "object_repr": "50"
  },
  "model": "reversion.version",
  "pk": 1287
},
{
  "fields": {
    "format": "json",
    "serialized_data": "[{\"model\": \"djangocms_style.style\", \"pk\": 52, \"fields\": {\"padding_bottom\": null, \"margin_top\": null, \"additional_classes\": \"lg-margin\", \"margin_bottom\": null, \"class_name\": \"info\", \"padding_left\": null, \"padding_top\": null, \"tag_type\": \"div\", \"padding_right\": null, \"margin_right\": null, \"margin_left\": null}}]",
    "content_type": 21,
    "revision": 82,
    "object_id_int": 52,
    "object_id": "52",
    "object_repr": "52"
  },
  "model": "reversion.version",
  "pk": 1288
},
{
  "fields": {
    "format": "json",
    "serialized_data": "[{\"model\": \"cms.cmsplugin\", \"pk\": 41, \"fields\": {\"placeholder\": 11, \"position\": 1, \"parent\": 39, \"depth\": 2, \"numchild\": 2, \"plugin_type\": \"ColumnPlugin\", \"path\": \"000B0002\", \"language\": \"es\", \"changed_date\": \"2015-09-12T20:17:33.241Z\", \"creation_date\": \"2015-09-12T20:04:02.671Z\"}}]",
    "content_type": 6,
    "revision": 82,
    "object_id_int": 41,
    "object_id": "41",
    "object_repr": "41"
  },
  "model": "reversion.version",
  "pk": 1289
},
{
  "fields": {
    "format": "json",
    "serialized_data": "[{\"model\": \"cms.cmsplugin\", \"pk\": 52, \"fields\": {\"placeholder\": 11, \"position\": 0, \"parent\": 40, \"depth\": 3, \"numchild\": 0, \"plugin_type\": \"StylePlugin\", \"path\": \"000B00010002\", \"language\": \"es\", \"changed_date\": \"2015-09-12T20:20:49.906Z\", \"creation_date\": \"2015-09-12T20:20:07.651Z\"}}]",
    "content_type": 6,
    "revision": 82,
    "object_id_int": 52,
    "object_id": "52",
    "object_repr": "52"
  },
  "model": "reversion.version",
  "pk": 1290
},
{
  "fields": {
    "format": "json",
    "serialized_data": "[{\"model\": \"cmsplugin_contact_plus.contactplus\", \"pk\": 43, \"fields\": {\"thanks\": \"Hemos recibido una consulta, estaremos respondiendo a la brevedad\", \"submit\": \"Enviar consulta\", \"template\": \"cmsplugin_contact_plus/contact.html\", \"email_subject\": \"testnubiquo@gmail.com\", \"title\": \"Formulario de contacto\", \"recipient_email\": \"contextinformatic@gmail.com\", \"collect_records\": true}}]",
    "content_type": 62,
    "revision": 83,
    "object_id_int": 43,
    "object_id": "43",
    "object_repr": "Formulario de contacto"
  },
  "model": "reversion.version",
  "pk": 1291
},
{
  "fields": {
    "format": "json",
    "serialized_data": "[{\"model\": \"cms.cmsplugin\", \"pk\": 49, \"fields\": {\"placeholder\": 11, \"position\": 0, \"parent\": null, \"depth\": 1, \"numchild\": 0, \"plugin_type\": \"GoogleMapPlugin\", \"path\": \"000C\", \"language\": \"es\", \"changed_date\": \"2015-09-12T20:19:30.114Z\", \"creation_date\": \"2015-09-12T20:14:31.358Z\"}}]",
    "content_type": 6,
    "revision": 83,
    "object_id_int": 49,
    "object_id": "49",
    "object_repr": "49"
  },
  "model": "reversion.version",
  "pk": 1292
},
{
  "fields": {
    "format": "json",
    "serialized_data": "[{\"model\": \"cms.page\", \"pk\": 6, \"fields\": {\"depth\": 1, \"is_home\": false, \"soft_root\": false, \"numchild\": 0, \"navigation_extenders\": null, \"path\": \"0005\", \"created_by\": \"contextinformatic@gmail.com\", \"site\": 1, \"in_navigation\": true, \"template\": \"INHERIT\", \"changed_date\": \"2015-09-12T20:21:11.781Z\", \"login_required\": false, \"parent\": null, \"publication_end_date\": null, \"publication_date\": \"2015-09-12T20:21:11.151Z\", \"xframe_options\": 0, \"placeholders\": [11], \"application_urls\": null, \"languages\": \"es\", \"changed_by\": \"contextinformatic@gmail.com\", \"reverse_id\": null, \"revision_id\": 0, \"limit_visibility_in_menu\": null, \"creation_date\": \"2015-09-12T20:03:19.408Z\", \"application_namespace\": null}}]",
    "content_type": 2,
    "revision": 83,
    "object_id_int": 6,
    "object_id": "6",
    "object_repr": "CONTACTANOS"
  },
  "model": "reversion.version",
  "pk": 1293
},
{
  "fields": {
    "format": "json",
    "serialized_data": "[{\"model\": \"cms.cmsplugin\", \"pk\": 44, \"fields\": {\"placeholder\": 11, \"position\": 0, \"parent\": 41, \"depth\": 3, \"numchild\": 1, \"plugin_type\": \"StylePlugin\", \"path\": \"000B00020002\", \"language\": \"es\", \"changed_date\": \"2015-09-12T20:08:12.948Z\", \"creation_date\": \"2015-09-12T20:07:29.593Z\"}}]",
    "content_type": 6,
    "revision": 83,
    "object_id_int": 44,
    "object_id": "44",
    "object_repr": "44"
  },
  "model": "reversion.version",
  "pk": 1294
},
{
  "fields": {
    "format": "json",
    "serialized_data": "[{\"model\": \"cms.placeholder\", \"pk\": 11, \"fields\": {\"slot\": \"content\", \"default_width\": null}}]",
    "content_type": 1,
    "revision": 83,
    "object_id_int": 11,
    "object_id": "11",
    "object_repr": "content"
  },
  "model": "reversion.version",
  "pk": 1295
},
{
  "fields": {
    "format": "json",
    "serialized_data": "[{\"model\": \"djangocms_style.style\", \"pk\": 45, \"fields\": {\"padding_bottom\": null, \"margin_top\": null, \"additional_classes\": \"title\", \"margin_bottom\": null, \"class_name\": \"new\", \"padding_left\": null, \"padding_top\": null, \"tag_type\": \"div\", \"padding_right\": null, \"margin_right\": null, \"margin_left\": null}}]",
    "content_type": 21,
    "revision": 83,
    "object_id_int": 45,
    "object_id": "45",
    "object_repr": "45"
  },
  "model": "reversion.version",
  "pk": 1296
},
{
  "fields": {
    "format": "json",
    "serialized_data": "[{\"model\": \"djangocms_column.column\", \"pk\": 40, \"fields\": {\"width\": \"33.33%\"}}]",
    "content_type": 22,
    "revision": 83,
    "object_id_int": 40,
    "object_id": "40",
    "object_repr": "33%"
  },
  "model": "reversion.version",
  "pk": 1297
},
{
  "fields": {
    "format": "json",
    "serialized_data": "[{\"model\": \"djangocms_text_ckeditor.text\", \"pk\": 46, \"fields\": {\"body\": \"Contactanos\\n\"}}]",
    "content_type": 14,
    "revision": 83,
    "object_id_int": 46,
    "object_id": "46",
    "object_repr": "Contactanos"
  },
  "model": "reversion.version",
  "pk": 1298
},
{
  "fields": {
    "format": "json",
    "serialized_data": "[{\"model\": \"djangocms_column.multicolumns\", \"pk\": 39, \"fields\": {}}]",
    "content_type": 23,
    "revision": 83,
    "object_id_int": 39,
    "object_id": "39",
    "object_repr": "2 columnas"
  },
  "model": "reversion.version",
  "pk": 1299
},
{
  "fields": {
    "format": "json",
    "serialized_data": "[{\"model\": \"cms.cmsplugin\", \"pk\": 47, \"fields\": {\"placeholder\": 11, \"position\": 1, \"parent\": 40, \"depth\": 3, \"numchild\": 0, \"plugin_type\": \"TextPlugin\", \"path\": \"000B00010001\", \"language\": \"es\", \"changed_date\": \"2015-09-12T20:20:34.911Z\", \"creation_date\": \"2015-09-12T20:10:59.701Z\"}}]",
    "content_type": 6,
    "revision": 83,
    "object_id_int": 47,
    "object_id": "47",
    "object_repr": "47"
  },
  "model": "reversion.version",
  "pk": 1300
},
{
  "fields": {
    "format": "json",
    "serialized_data": "[{\"model\": \"cms.cmsplugin\", \"pk\": 50, \"fields\": {\"placeholder\": 11, \"position\": 1, \"parent\": null, \"depth\": 1, \"numchild\": 0, \"plugin_type\": \"StylePlugin\", \"path\": \"000D\", \"language\": \"es\", \"changed_date\": \"2015-09-12T20:19:30.141Z\", \"creation_date\": \"2015-09-12T20:18:40.577Z\"}}]",
    "content_type": 6,
    "revision": 83,
    "object_id_int": 50,
    "object_id": "50",
    "object_repr": "50"
  },
  "model": "reversion.version",
  "pk": 1301
},
{
  "fields": {
    "format": "json",
    "serialized_data": "[{\"model\": \"cms.title\", \"pk\": 6, \"fields\": {\"has_url_overwrite\": false, \"menu_title\": \"CONTACTANOS\", \"language\": \"es\", \"page_title\": \"Contactanos\", \"slug\": \"contactanos\", \"page\": 6, \"redirect\": null, \"published\": true, \"path\": \"contactanos\", \"meta_description\": \"contactanos, llama, consulta\", \"title\": \"Contactanos\", \"creation_date\": \"2015-09-12T20:03:19.749Z\"}}]",
    "content_type": 10,
    "revision": 83,
    "object_id_int": 6,
    "object_id": "6",
    "object_repr": "Contactanos (contactanos, es)"
  },
  "model": "reversion.version",
  "pk": 1302
},
{
  "fields": {
    "format": "json",
    "serialized_data": "[{\"model\": \"cms.cmsplugin\", \"pk\": 39, \"fields\": {\"placeholder\": 11, \"position\": 2, \"parent\": null, \"depth\": 1, \"numchild\": 2, \"plugin_type\": \"MultiColumnPlugin\", \"path\": \"000B\", \"language\": \"es\", \"changed_date\": \"2015-09-12T20:19:30.127Z\", \"creation_date\": \"2015-09-12T20:03:57.003Z\"}}]",
    "content_type": 6,
    "revision": 83,
    "object_id_int": 39,
    "object_id": "39",
    "object_repr": "39"
  },
  "model": "reversion.version",
  "pk": 1303
},
{
  "fields": {
    "format": "json",
    "serialized_data": "[{\"model\": \"cms.cmsplugin\", \"pk\": 40, \"fields\": {\"placeholder\": 11, \"position\": 0, \"parent\": 39, \"depth\": 2, \"numchild\": 2, \"plugin_type\": \"ColumnPlugin\", \"path\": \"000B0001\", \"language\": \"es\", \"changed_date\": \"2015-09-12T20:17:18.284Z\", \"creation_date\": \"2015-09-12T20:04:02.612Z\"}}]",
    "content_type": 6,
    "revision": 83,
    "object_id_int": 40,
    "object_id": "40",
    "object_repr": "40"
  },
  "model": "reversion.version",
  "pk": 1304
},
{
  "fields": {
    "format": "json",
    "serialized_data": "[{\"model\": \"djangocms_column.column\", \"pk\": 41, \"fields\": {\"width\": \"66.66%\"}}]",
    "content_type": 22,
    "revision": 83,
    "object_id_int": 41,
    "object_id": "41",
    "object_repr": "66%"
  },
  "model": "reversion.version",
  "pk": 1305
},
{
  "fields": {
    "format": "json",
    "serialized_data": "[{\"model\": \"cms.cmsplugin\", \"pk\": 43, \"fields\": {\"placeholder\": 11, \"position\": 1, \"parent\": 41, \"depth\": 3, \"numchild\": 0, \"plugin_type\": \"CMSContactPlusPlugin\", \"path\": \"000B00020001\", \"language\": \"es\", \"changed_date\": \"2015-09-12T20:08:12.939Z\", \"creation_date\": \"2015-09-12T20:04:15.924Z\"}}]",
    "content_type": 6,
    "revision": 83,
    "object_id_int": 43,
    "object_id": "43",
    "object_repr": "43"
  },
  "model": "reversion.version",
  "pk": 1306
},
{
  "fields": {
    "format": "json",
    "serialized_data": "[{\"model\": \"djangocms_style.style\", \"pk\": 44, \"fields\": {\"padding_bottom\": null, \"margin_top\": null, \"additional_classes\": \"content-title\", \"margin_bottom\": null, \"class_name\": null, \"padding_left\": null, \"padding_top\": null, \"tag_type\": \"div\", \"padding_right\": null, \"margin_right\": null, \"margin_left\": null}}]",
    "content_type": 21,
    "revision": 83,
    "object_id_int": 44,
    "object_id": "44",
    "object_repr": "44"
  },
  "model": "reversion.version",
  "pk": 1307
},
{
  "fields": {
    "format": "json",
    "serialized_data": "[{\"model\": \"cms.cmsplugin\", \"pk\": 45, \"fields\": {\"placeholder\": 11, \"position\": 0, \"parent\": 44, \"depth\": 4, \"numchild\": 1, \"plugin_type\": \"StylePlugin\", \"path\": \"000B000200020001\", \"language\": \"es\", \"changed_date\": \"2015-09-12T20:10:03.601Z\", \"creation_date\": \"2015-09-12T20:08:17.813Z\"}}]",
    "content_type": 6,
    "revision": 83,
    "object_id_int": 45,
    "object_id": "45",
    "object_repr": "45"
  },
  "model": "reversion.version",
  "pk": 1308
},
{
  "fields": {
    "format": "json",
    "serialized_data": "[{\"model\": \"cms.cmsplugin\", \"pk\": 46, \"fields\": {\"placeholder\": 11, \"position\": 0, \"parent\": 45, \"depth\": 5, \"numchild\": 0, \"plugin_type\": \"TextPlugin\", \"path\": \"000B0002000200010001\", \"language\": \"es\", \"changed_date\": \"2015-09-12T20:10:25.354Z\", \"creation_date\": \"2015-09-12T20:08:43.673Z\"}}]",
    "content_type": 6,
    "revision": 83,
    "object_id_int": 46,
    "object_id": "46",
    "object_repr": "46"
  },
  "model": "reversion.version",
  "pk": 1309
},
{
  "fields": {
    "format": "json",
    "serialized_data": "[{\"model\": \"djangocms_text_ckeditor.text\", \"pk\": 47, \"fields\": {\"body\": \"<p><strong><span style=\\\"color: #FFFFFF;\\\"><span style=\\\"background-color: #0000FF;\\\">Estamos en Ciudad de C\\u00f3rdoba.</span></span></strong></p>\\n\\n<hr>\\n<p>Medios de contacto:</p>\\n\\n<ul>\\n\\t<li>Tel: +(549) 351 <strong>12332423</strong></li>\\n\\t<li>Email :<strong> contacto@owncommerce.com</strong></li>\\n\\t<li>Facebook:<b>\\u00a0/owncommerce</b></li>\\n</ul>\\n\"}}]",
    "content_type": 14,
    "revision": 83,
    "object_id_int": 47,
    "object_id": "47",
    "object_repr": "Estamos en Ciudad..."
  },
  "model": "reversion.version",
  "pk": 1310
},
{
  "fields": {
    "format": "json",
    "serialized_data": "[{\"model\": \"djangocms_googlemap.googlemap\", \"pk\": 49, \"fields\": {\"width\": \"100%\", \"lng\": \"-31.439430\", \"zoom\": 13, \"lat\": \"-31.396505\", \"content\": \"\", \"address\": \"San Luis 98\", \"info_window\": true, \"height\": \"400px\", \"route_planer\": false, \"double_click_zoom\": true, \"draggable\": true, \"street_view_control\": true, \"scrollwheel\": true, \"city\": \"Cordoba\", \"zoom_control\": true, \"pan_control\": true, \"zipcode\": \"5000\", \"title\": \"Nuestra ubicacion\", \"keyboard_shortcuts\": true, \"route_planer_title\": \"Calcular la manera m\\u00e1s r\\u00e1pida de ir\"}}]",
    "content_type": 26,
    "revision": 83,
    "object_id_int": 49,
    "object_id": "49",
    "object_repr": "Nuestra ubicacion (San Luis 98, 5000 Cordoba)"
  },
  "model": "reversion.version",
  "pk": 1311
},
{
  "fields": {
    "format": "json",
    "serialized_data": "[{\"model\": \"djangocms_style.style\", \"pk\": 50, \"fields\": {\"padding_bottom\": null, \"margin_top\": null, \"additional_classes\": \"md-margin\", \"margin_bottom\": null, \"class_name\": \"info\", \"padding_left\": null, \"padding_top\": null, \"tag_type\": \"div\", \"padding_right\": null, \"margin_right\": null, \"margin_left\": null}}]",
    "content_type": 21,
    "revision": 83,
    "object_id_int": 50,
    "object_id": "50",
    "object_repr": "50"
  },
  "model": "reversion.version",
  "pk": 1312
},
{
  "fields": {
    "format": "json",
    "serialized_data": "[{\"model\": \"djangocms_style.style\", \"pk\": 52, \"fields\": {\"padding_bottom\": null, \"margin_top\": null, \"additional_classes\": \"lg-margin\", \"margin_bottom\": null, \"class_name\": \"info\", \"padding_left\": null, \"padding_top\": null, \"tag_type\": \"div\", \"padding_right\": null, \"margin_right\": null, \"margin_left\": null}}]",
    "content_type": 21,
    "revision": 83,
    "object_id_int": 52,
    "object_id": "52",
    "object_repr": "52"
  },
  "model": "reversion.version",
  "pk": 1313
},
{
  "fields": {
    "format": "json",
    "serialized_data": "[{\"model\": \"cms.cmsplugin\", \"pk\": 41, \"fields\": {\"placeholder\": 11, \"position\": 1, \"parent\": 39, \"depth\": 2, \"numchild\": 2, \"plugin_type\": \"ColumnPlugin\", \"path\": \"000B0002\", \"language\": \"es\", \"changed_date\": \"2015-09-12T20:17:33.241Z\", \"creation_date\": \"2015-09-12T20:04:02.671Z\"}}]",
    "content_type": 6,
    "revision": 83,
    "object_id_int": 41,
    "object_id": "41",
    "object_repr": "41"
  },
  "model": "reversion.version",
  "pk": 1314
},
{
  "fields": {
    "format": "json",
    "serialized_data": "[{\"model\": \"cms.cmsplugin\", \"pk\": 52, \"fields\": {\"placeholder\": 11, \"position\": 0, \"parent\": 40, \"depth\": 3, \"numchild\": 0, \"plugin_type\": \"StylePlugin\", \"path\": \"000B00010002\", \"language\": \"es\", \"changed_date\": \"2015-09-12T20:20:49.906Z\", \"creation_date\": \"2015-09-12T20:20:07.651Z\"}}]",
    "content_type": 6,
    "revision": 83,
    "object_id_int": 52,
    "object_id": "52",
    "object_repr": "52"
  },
  "model": "reversion.version",
  "pk": 1315
},
{
  "fields": {
    "format": "json",
    "serialized_data": "[{\"model\": \"cmsplugin_contact_plus.contactplus\", \"pk\": 43, \"fields\": {\"thanks\": \"Hemos recibido una consulta, estaremos respondiendo a la brevedad\", \"submit\": \"Enviar consulta\", \"template\": \"cmsplugin_contact_plus/contact.html\", \"email_subject\": \"testnubiquo@gmail.com\", \"title\": \"Formulario de contacto\", \"recipient_email\": \"contextinformatic@gmail.com\", \"collect_records\": true}}]",
    "content_type": 62,
    "revision": 84,
    "object_id_int": 43,
    "object_id": "43",
    "object_repr": "Formulario de contacto"
  },
  "model": "reversion.version",
  "pk": 1316
},
{
  "fields": {
    "format": "json",
    "serialized_data": "[{\"model\": \"cms.cmsplugin\", \"pk\": 49, \"fields\": {\"placeholder\": 11, \"position\": 0, \"parent\": null, \"depth\": 1, \"numchild\": 0, \"plugin_type\": \"GoogleMapPlugin\", \"path\": \"000C\", \"language\": \"es\", \"changed_date\": \"2015-09-12T20:22:25.949Z\", \"creation_date\": \"2015-09-12T20:14:31.358Z\"}}]",
    "content_type": 6,
    "revision": 84,
    "object_id_int": 49,
    "object_id": "49",
    "object_repr": "49"
  },
  "model": "reversion.version",
  "pk": 1317
},
{
  "fields": {
    "format": "json",
    "serialized_data": "[{\"model\": \"cms.page\", \"pk\": 6, \"fields\": {\"depth\": 1, \"is_home\": false, \"soft_root\": false, \"numchild\": 0, \"navigation_extenders\": null, \"path\": \"0005\", \"created_by\": \"contextinformatic@gmail.com\", \"site\": 1, \"in_navigation\": true, \"template\": \"INHERIT\", \"changed_date\": \"2015-09-12T20:21:11.940Z\", \"login_required\": false, \"parent\": null, \"publication_end_date\": null, \"publication_date\": \"2015-09-12T20:21:11.151Z\", \"xframe_options\": 0, \"placeholders\": [11], \"application_urls\": null, \"languages\": \"es\", \"changed_by\": \"contextinformatic@gmail.com\", \"reverse_id\": null, \"revision_id\": 0, \"limit_visibility_in_menu\": null, \"creation_date\": \"2015-09-12T20:03:19.408Z\", \"application_namespace\": null}}]",
    "content_type": 2,
    "revision": 84,
    "object_id_int": 6,
    "object_id": "6",
    "object_repr": "CONTACTANOS"
  },
  "model": "reversion.version",
  "pk": 1318
},
{
  "fields": {
    "format": "json",
    "serialized_data": "[{\"model\": \"cms.cmsplugin\", \"pk\": 44, \"fields\": {\"placeholder\": 11, \"position\": 0, \"parent\": 41, \"depth\": 3, \"numchild\": 1, \"plugin_type\": \"StylePlugin\", \"path\": \"000B00020002\", \"language\": \"es\", \"changed_date\": \"2015-09-12T20:08:12.948Z\", \"creation_date\": \"2015-09-12T20:07:29.593Z\"}}]",
    "content_type": 6,
    "revision": 84,
    "object_id_int": 44,
    "object_id": "44",
    "object_repr": "44"
  },
  "model": "reversion.version",
  "pk": 1319
},
{
  "fields": {
    "format": "json",
    "serialized_data": "[{\"model\": \"cms.placeholder\", \"pk\": 11, \"fields\": {\"slot\": \"content\", \"default_width\": null}}]",
    "content_type": 1,
    "revision": 84,
    "object_id_int": 11,
    "object_id": "11",
    "object_repr": "content"
  },
  "model": "reversion.version",
  "pk": 1320
},
{
  "fields": {
    "format": "json",
    "serialized_data": "[{\"model\": \"djangocms_style.style\", \"pk\": 45, \"fields\": {\"padding_bottom\": null, \"margin_top\": null, \"additional_classes\": \"title\", \"margin_bottom\": null, \"class_name\": \"new\", \"padding_left\": null, \"padding_top\": null, \"tag_type\": \"div\", \"padding_right\": null, \"margin_right\": null, \"margin_left\": null}}]",
    "content_type": 21,
    "revision": 84,
    "object_id_int": 45,
    "object_id": "45",
    "object_repr": "45"
  },
  "model": "reversion.version",
  "pk": 1321
},
{
  "fields": {
    "format": "json",
    "serialized_data": "[{\"model\": \"djangocms_column.column\", \"pk\": 40, \"fields\": {\"width\": \"33.33%\"}}]",
    "content_type": 22,
    "revision": 84,
    "object_id_int": 40,
    "object_id": "40",
    "object_repr": "33%"
  },
  "model": "reversion.version",
  "pk": 1322
},
{
  "fields": {
    "format": "json",
    "serialized_data": "[{\"model\": \"djangocms_text_ckeditor.text\", \"pk\": 46, \"fields\": {\"body\": \"Contactanos\\n\"}}]",
    "content_type": 14,
    "revision": 84,
    "object_id_int": 46,
    "object_id": "46",
    "object_repr": "Contactanos"
  },
  "model": "reversion.version",
  "pk": 1323
},
{
  "fields": {
    "format": "json",
    "serialized_data": "[{\"model\": \"djangocms_column.multicolumns\", \"pk\": 39, \"fields\": {}}]",
    "content_type": 23,
    "revision": 84,
    "object_id_int": 39,
    "object_id": "39",
    "object_repr": "2 columnas"
  },
  "model": "reversion.version",
  "pk": 1324
},
{
  "fields": {
    "format": "json",
    "serialized_data": "[{\"model\": \"cms.cmsplugin\", \"pk\": 47, \"fields\": {\"placeholder\": 11, \"position\": 1, \"parent\": 40, \"depth\": 3, \"numchild\": 0, \"plugin_type\": \"TextPlugin\", \"path\": \"000B00010001\", \"language\": \"es\", \"changed_date\": \"2015-09-12T20:20:34.911Z\", \"creation_date\": \"2015-09-12T20:10:59.701Z\"}}]",
    "content_type": 6,
    "revision": 84,
    "object_id_int": 47,
    "object_id": "47",
    "object_repr": "47"
  },
  "model": "reversion.version",
  "pk": 1325
},
{
  "fields": {
    "format": "json",
    "serialized_data": "[{\"model\": \"cms.cmsplugin\", \"pk\": 50, \"fields\": {\"placeholder\": 11, \"position\": 1, \"parent\": null, \"depth\": 1, \"numchild\": 0, \"plugin_type\": \"StylePlugin\", \"path\": \"000D\", \"language\": \"es\", \"changed_date\": \"2015-09-12T20:19:30.141Z\", \"creation_date\": \"2015-09-12T20:18:40.577Z\"}}]",
    "content_type": 6,
    "revision": 84,
    "object_id_int": 50,
    "object_id": "50",
    "object_repr": "50"
  },
  "model": "reversion.version",
  "pk": 1326
},
{
  "fields": {
    "format": "json",
    "serialized_data": "[{\"model\": \"cms.title\", \"pk\": 6, \"fields\": {\"has_url_overwrite\": false, \"menu_title\": \"CONTACTANOS\", \"language\": \"es\", \"page_title\": \"Contactanos\", \"slug\": \"contactanos\", \"page\": 6, \"redirect\": null, \"published\": true, \"path\": \"contactanos\", \"meta_description\": \"contactanos, llama, consulta\", \"title\": \"Contactanos\", \"creation_date\": \"2015-09-12T20:03:19.749Z\"}}]",
    "content_type": 10,
    "revision": 84,
    "object_id_int": 6,
    "object_id": "6",
    "object_repr": "Contactanos (contactanos, es)"
  },
  "model": "reversion.version",
  "pk": 1327
},
{
  "fields": {
    "format": "json",
    "serialized_data": "[{\"model\": \"cms.cmsplugin\", \"pk\": 39, \"fields\": {\"placeholder\": 11, \"position\": 2, \"parent\": null, \"depth\": 1, \"numchild\": 2, \"plugin_type\": \"MultiColumnPlugin\", \"path\": \"000B\", \"language\": \"es\", \"changed_date\": \"2015-09-12T20:19:30.127Z\", \"creation_date\": \"2015-09-12T20:03:57.003Z\"}}]",
    "content_type": 6,
    "revision": 84,
    "object_id_int": 39,
    "object_id": "39",
    "object_repr": "39"
  },
  "model": "reversion.version",
  "pk": 1328
},
{
  "fields": {
    "format": "json",
    "serialized_data": "[{\"model\": \"cms.cmsplugin\", \"pk\": 40, \"fields\": {\"placeholder\": 11, \"position\": 0, \"parent\": 39, \"depth\": 2, \"numchild\": 2, \"plugin_type\": \"ColumnPlugin\", \"path\": \"000B0001\", \"language\": \"es\", \"changed_date\": \"2015-09-12T20:17:18.284Z\", \"creation_date\": \"2015-09-12T20:04:02.612Z\"}}]",
    "content_type": 6,
    "revision": 84,
    "object_id_int": 40,
    "object_id": "40",
    "object_repr": "40"
  },
  "model": "reversion.version",
  "pk": 1329
},
{
  "fields": {
    "format": "json",
    "serialized_data": "[{\"model\": \"djangocms_column.column\", \"pk\": 41, \"fields\": {\"width\": \"66.66%\"}}]",
    "content_type": 22,
    "revision": 84,
    "object_id_int": 41,
    "object_id": "41",
    "object_repr": "66%"
  },
  "model": "reversion.version",
  "pk": 1330
},
{
  "fields": {
    "format": "json",
    "serialized_data": "[{\"model\": \"cms.cmsplugin\", \"pk\": 43, \"fields\": {\"placeholder\": 11, \"position\": 1, \"parent\": 41, \"depth\": 3, \"numchild\": 0, \"plugin_type\": \"CMSContactPlusPlugin\", \"path\": \"000B00020001\", \"language\": \"es\", \"changed_date\": \"2015-09-12T20:08:12.939Z\", \"creation_date\": \"2015-09-12T20:04:15.924Z\"}}]",
    "content_type": 6,
    "revision": 84,
    "object_id_int": 43,
    "object_id": "43",
    "object_repr": "43"
  },
  "model": "reversion.version",
  "pk": 1331
},
{
  "fields": {
    "format": "json",
    "serialized_data": "[{\"model\": \"djangocms_style.style\", \"pk\": 44, \"fields\": {\"padding_bottom\": null, \"margin_top\": null, \"additional_classes\": \"content-title\", \"margin_bottom\": null, \"class_name\": null, \"padding_left\": null, \"padding_top\": null, \"tag_type\": \"div\", \"padding_right\": null, \"margin_right\": null, \"margin_left\": null}}]",
    "content_type": 21,
    "revision": 84,
    "object_id_int": 44,
    "object_id": "44",
    "object_repr": "44"
  },
  "model": "reversion.version",
  "pk": 1332
},
{
  "fields": {
    "format": "json",
    "serialized_data": "[{\"model\": \"cms.cmsplugin\", \"pk\": 45, \"fields\": {\"placeholder\": 11, \"position\": 0, \"parent\": 44, \"depth\": 4, \"numchild\": 1, \"plugin_type\": \"StylePlugin\", \"path\": \"000B000200020001\", \"language\": \"es\", \"changed_date\": \"2015-09-12T20:10:03.601Z\", \"creation_date\": \"2015-09-12T20:08:17.813Z\"}}]",
    "content_type": 6,
    "revision": 84,
    "object_id_int": 45,
    "object_id": "45",
    "object_repr": "45"
  },
  "model": "reversion.version",
  "pk": 1333
},
{
  "fields": {
    "format": "json",
    "serialized_data": "[{\"model\": \"cms.cmsplugin\", \"pk\": 46, \"fields\": {\"placeholder\": 11, \"position\": 0, \"parent\": 45, \"depth\": 5, \"numchild\": 0, \"plugin_type\": \"TextPlugin\", \"path\": \"000B0002000200010001\", \"language\": \"es\", \"changed_date\": \"2015-09-12T20:10:25.354Z\", \"creation_date\": \"2015-09-12T20:08:43.673Z\"}}]",
    "content_type": 6,
    "revision": 84,
    "object_id_int": 46,
    "object_id": "46",
    "object_repr": "46"
  },
  "model": "reversion.version",
  "pk": 1334
},
{
  "fields": {
    "format": "json",
    "serialized_data": "[{\"model\": \"djangocms_text_ckeditor.text\", \"pk\": 47, \"fields\": {\"body\": \"<p><strong><span style=\\\"color: #FFFFFF;\\\"><span style=\\\"background-color: #0000FF;\\\">Estamos en Ciudad de C\\u00f3rdoba.</span></span></strong></p>\\n\\n<hr>\\n<p>Medios de contacto:</p>\\n\\n<ul>\\n\\t<li>Tel: +(549) 351 <strong>12332423</strong></li>\\n\\t<li>Email :<strong> contacto@owncommerce.com</strong></li>\\n\\t<li>Facebook:<b>\\u00a0/owncommerce</b></li>\\n</ul>\\n\"}}]",
    "content_type": 14,
    "revision": 84,
    "object_id_int": 47,
    "object_id": "47",
    "object_repr": "Estamos en Ciudad..."
  },
  "model": "reversion.version",
  "pk": 1335
},
{
  "fields": {
    "format": "json",
    "serialized_data": "[{\"model\": \"djangocms_googlemap.googlemap\", \"pk\": 49, \"fields\": {\"width\": \"100%\", \"lng\": \"-64.154920\", \"zoom\": 13, \"lat\": \"-31.396505\", \"content\": \"\", \"address\": \"San Luis 98\", \"info_window\": true, \"height\": \"400px\", \"route_planer\": false, \"double_click_zoom\": true, \"draggable\": true, \"street_view_control\": true, \"scrollwheel\": true, \"city\": \"Cordoba\", \"zoom_control\": true, \"pan_control\": true, \"zipcode\": \"5000\", \"title\": \"Nuestra ubicacion\", \"keyboard_shortcuts\": true, \"route_planer_title\": \"Calcular la manera m\\u00e1s r\\u00e1pida de ir\"}}]",
    "content_type": 26,
    "revision": 84,
    "object_id_int": 49,
    "object_id": "49",
    "object_repr": "Nuestra ubicacion (San Luis 98, 5000 Cordoba)"
  },
  "model": "reversion.version",
  "pk": 1336
},
{
  "fields": {
    "format": "json",
    "serialized_data": "[{\"model\": \"djangocms_style.style\", \"pk\": 50, \"fields\": {\"padding_bottom\": null, \"margin_top\": null, \"additional_classes\": \"md-margin\", \"margin_bottom\": null, \"class_name\": \"info\", \"padding_left\": null, \"padding_top\": null, \"tag_type\": \"div\", \"padding_right\": null, \"margin_right\": null, \"margin_left\": null}}]",
    "content_type": 21,
    "revision": 84,
    "object_id_int": 50,
    "object_id": "50",
    "object_repr": "50"
  },
  "model": "reversion.version",
  "pk": 1337
},
{
  "fields": {
    "format": "json",
    "serialized_data": "[{\"model\": \"djangocms_style.style\", \"pk\": 52, \"fields\": {\"padding_bottom\": null, \"margin_top\": null, \"additional_classes\": \"lg-margin\", \"margin_bottom\": null, \"class_name\": \"info\", \"padding_left\": null, \"padding_top\": null, \"tag_type\": \"div\", \"padding_right\": null, \"margin_right\": null, \"margin_left\": null}}]",
    "content_type": 21,
    "revision": 84,
    "object_id_int": 52,
    "object_id": "52",
    "object_repr": "52"
  },
  "model": "reversion.version",
  "pk": 1338
},
{
  "fields": {
    "format": "json",
    "serialized_data": "[{\"model\": \"cms.cmsplugin\", \"pk\": 41, \"fields\": {\"placeholder\": 11, \"position\": 1, \"parent\": 39, \"depth\": 2, \"numchild\": 2, \"plugin_type\": \"ColumnPlugin\", \"path\": \"000B0002\", \"language\": \"es\", \"changed_date\": \"2015-09-12T20:17:33.241Z\", \"creation_date\": \"2015-09-12T20:04:02.671Z\"}}]",
    "content_type": 6,
    "revision": 84,
    "object_id_int": 41,
    "object_id": "41",
    "object_repr": "41"
  },
  "model": "reversion.version",
  "pk": 1339
},
{
  "fields": {
    "format": "json",
    "serialized_data": "[{\"model\": \"cms.cmsplugin\", \"pk\": 52, \"fields\": {\"placeholder\": 11, \"position\": 0, \"parent\": 40, \"depth\": 3, \"numchild\": 0, \"plugin_type\": \"StylePlugin\", \"path\": \"000B00010002\", \"language\": \"es\", \"changed_date\": \"2015-09-12T20:20:49.906Z\", \"creation_date\": \"2015-09-12T20:20:07.651Z\"}}]",
    "content_type": 6,
    "revision": 84,
    "object_id_int": 52,
    "object_id": "52",
    "object_repr": "52"
  },
  "model": "reversion.version",
  "pk": 1340
},
{
  "fields": {
    "format": "json",
    "serialized_data": "[{\"model\": \"cmsplugin_contact_plus.contactplus\", \"pk\": 43, \"fields\": {\"thanks\": \"Hemos recibido una consulta, estaremos respondiendo a la brevedad\", \"submit\": \"Enviar consulta\", \"template\": \"cmsplugin_contact_plus/contact.html\", \"email_subject\": \"testnubiquo@gmail.com\", \"title\": \"Formulario de contacto\", \"recipient_email\": \"contextinformatic@gmail.com\", \"collect_records\": true}}]",
    "content_type": 62,
    "revision": 85,
    "object_id_int": 43,
    "object_id": "43",
    "object_repr": "Formulario de contacto"
  },
  "model": "reversion.version",
  "pk": 1341
},
{
  "fields": {
    "format": "json",
    "serialized_data": "[{\"model\": \"cms.cmsplugin\", \"pk\": 49, \"fields\": {\"placeholder\": 11, \"position\": 0, \"parent\": null, \"depth\": 1, \"numchild\": 0, \"plugin_type\": \"GoogleMapPlugin\", \"path\": \"000C\", \"language\": \"es\", \"changed_date\": \"2015-09-12T20:22:25.949Z\", \"creation_date\": \"2015-09-12T20:14:31.358Z\"}}]",
    "content_type": 6,
    "revision": 85,
    "object_id_int": 49,
    "object_id": "49",
    "object_repr": "49"
  },
  "model": "reversion.version",
  "pk": 1342
},
{
  "fields": {
    "format": "json",
    "serialized_data": "[{\"model\": \"cms.page\", \"pk\": 6, \"fields\": {\"depth\": 1, \"is_home\": false, \"soft_root\": false, \"numchild\": 0, \"navigation_extenders\": null, \"path\": \"0005\", \"created_by\": \"contextinformatic@gmail.com\", \"site\": 1, \"in_navigation\": true, \"template\": \"INHERIT\", \"changed_date\": \"2015-09-12T20:22:36.398Z\", \"login_required\": false, \"parent\": null, \"publication_end_date\": null, \"publication_date\": \"2015-09-12T20:21:11.151Z\", \"xframe_options\": 0, \"placeholders\": [11], \"application_urls\": null, \"languages\": \"es\", \"changed_by\": \"contextinformatic@gmail.com\", \"reverse_id\": null, \"revision_id\": 0, \"limit_visibility_in_menu\": null, \"creation_date\": \"2015-09-12T20:03:19.408Z\", \"application_namespace\": null}}]",
    "content_type": 2,
    "revision": 85,
    "object_id_int": 6,
    "object_id": "6",
    "object_repr": "CONTACTANOS"
  },
  "model": "reversion.version",
  "pk": 1343
},
{
  "fields": {
    "format": "json",
    "serialized_data": "[{\"model\": \"cms.cmsplugin\", \"pk\": 44, \"fields\": {\"placeholder\": 11, \"position\": 0, \"parent\": 41, \"depth\": 3, \"numchild\": 1, \"plugin_type\": \"StylePlugin\", \"path\": \"000B00020002\", \"language\": \"es\", \"changed_date\": \"2015-09-12T20:08:12.948Z\", \"creation_date\": \"2015-09-12T20:07:29.593Z\"}}]",
    "content_type": 6,
    "revision": 85,
    "object_id_int": 44,
    "object_id": "44",
    "object_repr": "44"
  },
  "model": "reversion.version",
  "pk": 1344
},
{
  "fields": {
    "format": "json",
    "serialized_data": "[{\"model\": \"cms.placeholder\", \"pk\": 11, \"fields\": {\"slot\": \"content\", \"default_width\": null}}]",
    "content_type": 1,
    "revision": 85,
    "object_id_int": 11,
    "object_id": "11",
    "object_repr": "content"
  },
  "model": "reversion.version",
  "pk": 1345
},
{
  "fields": {
    "format": "json",
    "serialized_data": "[{\"model\": \"djangocms_style.style\", \"pk\": 45, \"fields\": {\"padding_bottom\": null, \"margin_top\": null, \"additional_classes\": \"title\", \"margin_bottom\": null, \"class_name\": \"new\", \"padding_left\": null, \"padding_top\": null, \"tag_type\": \"div\", \"padding_right\": null, \"margin_right\": null, \"margin_left\": null}}]",
    "content_type": 21,
    "revision": 85,
    "object_id_int": 45,
    "object_id": "45",
    "object_repr": "45"
  },
  "model": "reversion.version",
  "pk": 1346
},
{
  "fields": {
    "format": "json",
    "serialized_data": "[{\"model\": \"djangocms_column.column\", \"pk\": 40, \"fields\": {\"width\": \"33.33%\"}}]",
    "content_type": 22,
    "revision": 85,
    "object_id_int": 40,
    "object_id": "40",
    "object_repr": "33%"
  },
  "model": "reversion.version",
  "pk": 1347
},
{
  "fields": {
    "format": "json",
    "serialized_data": "[{\"model\": \"djangocms_text_ckeditor.text\", \"pk\": 46, \"fields\": {\"body\": \"Contactanos\\n\"}}]",
    "content_type": 14,
    "revision": 85,
    "object_id_int": 46,
    "object_id": "46",
    "object_repr": "Contactanos"
  },
  "model": "reversion.version",
  "pk": 1348
},
{
  "fields": {
    "format": "json",
    "serialized_data": "[{\"model\": \"djangocms_column.multicolumns\", \"pk\": 39, \"fields\": {}}]",
    "content_type": 23,
    "revision": 85,
    "object_id_int": 39,
    "object_id": "39",
    "object_repr": "2 columnas"
  },
  "model": "reversion.version",
  "pk": 1349
},
{
  "fields": {
    "format": "json",
    "serialized_data": "[{\"model\": \"cms.cmsplugin\", \"pk\": 47, \"fields\": {\"placeholder\": 11, \"position\": 1, \"parent\": 40, \"depth\": 3, \"numchild\": 0, \"plugin_type\": \"TextPlugin\", \"path\": \"000B00010001\", \"language\": \"es\", \"changed_date\": \"2015-09-12T20:20:34.911Z\", \"creation_date\": \"2015-09-12T20:10:59.701Z\"}}]",
    "content_type": 6,
    "revision": 85,
    "object_id_int": 47,
    "object_id": "47",
    "object_repr": "47"
  },
  "model": "reversion.version",
  "pk": 1350
},
{
  "fields": {
    "format": "json",
    "serialized_data": "[{\"model\": \"cms.cmsplugin\", \"pk\": 50, \"fields\": {\"placeholder\": 11, \"position\": 1, \"parent\": null, \"depth\": 1, \"numchild\": 0, \"plugin_type\": \"StylePlugin\", \"path\": \"000D\", \"language\": \"es\", \"changed_date\": \"2015-09-12T20:19:30.141Z\", \"creation_date\": \"2015-09-12T20:18:40.577Z\"}}]",
    "content_type": 6,
    "revision": 85,
    "object_id_int": 50,
    "object_id": "50",
    "object_repr": "50"
  },
  "model": "reversion.version",
  "pk": 1351
},
{
  "fields": {
    "format": "json",
    "serialized_data": "[{\"model\": \"cms.title\", \"pk\": 6, \"fields\": {\"has_url_overwrite\": false, \"menu_title\": \"CONTACTANOS\", \"language\": \"es\", \"page_title\": \"Contactanos\", \"slug\": \"contactanos\", \"page\": 6, \"redirect\": null, \"published\": true, \"path\": \"contactanos\", \"meta_description\": \"contactanos, llama, consulta\", \"title\": \"Contactanos\", \"creation_date\": \"2015-09-12T20:03:19.749Z\"}}]",
    "content_type": 10,
    "revision": 85,
    "object_id_int": 6,
    "object_id": "6",
    "object_repr": "Contactanos (contactanos, es)"
  },
  "model": "reversion.version",
  "pk": 1352
},
{
  "fields": {
    "format": "json",
    "serialized_data": "[{\"model\": \"cms.cmsplugin\", \"pk\": 39, \"fields\": {\"placeholder\": 11, \"position\": 2, \"parent\": null, \"depth\": 1, \"numchild\": 2, \"plugin_type\": \"MultiColumnPlugin\", \"path\": \"000B\", \"language\": \"es\", \"changed_date\": \"2015-09-12T20:19:30.127Z\", \"creation_date\": \"2015-09-12T20:03:57.003Z\"}}]",
    "content_type": 6,
    "revision": 85,
    "object_id_int": 39,
    "object_id": "39",
    "object_repr": "39"
  },
  "model": "reversion.version",
  "pk": 1353
},
{
  "fields": {
    "format": "json",
    "serialized_data": "[{\"model\": \"cms.cmsplugin\", \"pk\": 40, \"fields\": {\"placeholder\": 11, \"position\": 0, \"parent\": 39, \"depth\": 2, \"numchild\": 2, \"plugin_type\": \"ColumnPlugin\", \"path\": \"000B0001\", \"language\": \"es\", \"changed_date\": \"2015-09-12T20:17:18.284Z\", \"creation_date\": \"2015-09-12T20:04:02.612Z\"}}]",
    "content_type": 6,
    "revision": 85,
    "object_id_int": 40,
    "object_id": "40",
    "object_repr": "40"
  },
  "model": "reversion.version",
  "pk": 1354
},
{
  "fields": {
    "format": "json",
    "serialized_data": "[{\"model\": \"djangocms_column.column\", \"pk\": 41, \"fields\": {\"width\": \"66.66%\"}}]",
    "content_type": 22,
    "revision": 85,
    "object_id_int": 41,
    "object_id": "41",
    "object_repr": "66%"
  },
  "model": "reversion.version",
  "pk": 1355
},
{
  "fields": {
    "format": "json",
    "serialized_data": "[{\"model\": \"cms.cmsplugin\", \"pk\": 43, \"fields\": {\"placeholder\": 11, \"position\": 1, \"parent\": 41, \"depth\": 3, \"numchild\": 0, \"plugin_type\": \"CMSContactPlusPlugin\", \"path\": \"000B00020001\", \"language\": \"es\", \"changed_date\": \"2015-09-12T20:08:12.939Z\", \"creation_date\": \"2015-09-12T20:04:15.924Z\"}}]",
    "content_type": 6,
    "revision": 85,
    "object_id_int": 43,
    "object_id": "43",
    "object_repr": "43"
  },
  "model": "reversion.version",
  "pk": 1356
},
{
  "fields": {
    "format": "json",
    "serialized_data": "[{\"model\": \"djangocms_style.style\", \"pk\": 44, \"fields\": {\"padding_bottom\": null, \"margin_top\": null, \"additional_classes\": \"content-title\", \"margin_bottom\": null, \"class_name\": null, \"padding_left\": null, \"padding_top\": null, \"tag_type\": \"div\", \"padding_right\": null, \"margin_right\": null, \"margin_left\": null}}]",
    "content_type": 21,
    "revision": 85,
    "object_id_int": 44,
    "object_id": "44",
    "object_repr": "44"
  },
  "model": "reversion.version",
  "pk": 1357
},
{
  "fields": {
    "format": "json",
    "serialized_data": "[{\"model\": \"cms.cmsplugin\", \"pk\": 45, \"fields\": {\"placeholder\": 11, \"position\": 0, \"parent\": 44, \"depth\": 4, \"numchild\": 1, \"plugin_type\": \"StylePlugin\", \"path\": \"000B000200020001\", \"language\": \"es\", \"changed_date\": \"2015-09-12T20:10:03.601Z\", \"creation_date\": \"2015-09-12T20:08:17.813Z\"}}]",
    "content_type": 6,
    "revision": 85,
    "object_id_int": 45,
    "object_id": "45",
    "object_repr": "45"
  },
  "model": "reversion.version",
  "pk": 1358
},
{
  "fields": {
    "format": "json",
    "serialized_data": "[{\"model\": \"cms.cmsplugin\", \"pk\": 46, \"fields\": {\"placeholder\": 11, \"position\": 0, \"parent\": 45, \"depth\": 5, \"numchild\": 0, \"plugin_type\": \"TextPlugin\", \"path\": \"000B0002000200010001\", \"language\": \"es\", \"changed_date\": \"2015-09-12T20:10:25.354Z\", \"creation_date\": \"2015-09-12T20:08:43.673Z\"}}]",
    "content_type": 6,
    "revision": 85,
    "object_id_int": 46,
    "object_id": "46",
    "object_repr": "46"
  },
  "model": "reversion.version",
  "pk": 1359
},
{
  "fields": {
    "format": "json",
    "serialized_data": "[{\"model\": \"djangocms_text_ckeditor.text\", \"pk\": 47, \"fields\": {\"body\": \"<p><strong><span style=\\\"color: #FFFFFF;\\\"><span style=\\\"background-color: #0000FF;\\\">Estamos en Ciudad de C\\u00f3rdoba.</span></span></strong></p>\\n\\n<hr>\\n<p>Medios de contacto:</p>\\n\\n<ul>\\n\\t<li>Tel: +(549) 351 <strong>12332423</strong></li>\\n\\t<li>Email :<strong> contacto@owncommerce.com</strong></li>\\n\\t<li>Facebook:<b>\\u00a0/owncommerce</b></li>\\n</ul>\\n\"}}]",
    "content_type": 14,
    "revision": 85,
    "object_id_int": 47,
    "object_id": "47",
    "object_repr": "Estamos en Ciudad..."
  },
  "model": "reversion.version",
  "pk": 1360
},
{
  "fields": {
    "format": "json",
    "serialized_data": "[{\"model\": \"djangocms_googlemap.googlemap\", \"pk\": 49, \"fields\": {\"width\": \"100%\", \"lng\": \"-64.154920\", \"zoom\": 13, \"lat\": \"-31.396505\", \"content\": \"\", \"address\": \"San Luis 98\", \"info_window\": true, \"height\": \"400px\", \"route_planer\": false, \"double_click_zoom\": true, \"draggable\": true, \"street_view_control\": true, \"scrollwheel\": true, \"city\": \"Cordoba\", \"zoom_control\": true, \"pan_control\": true, \"zipcode\": \"5000\", \"title\": \"Nuestra ubicacion\", \"keyboard_shortcuts\": true, \"route_planer_title\": \"Calcular la manera m\\u00e1s r\\u00e1pida de ir\"}}]",
    "content_type": 26,
    "revision": 85,
    "object_id_int": 49,
    "object_id": "49",
    "object_repr": "Nuestra ubicacion (San Luis 98, 5000 Cordoba)"
  },
  "model": "reversion.version",
  "pk": 1361
},
{
  "fields": {
    "format": "json",
    "serialized_data": "[{\"model\": \"djangocms_style.style\", \"pk\": 50, \"fields\": {\"padding_bottom\": null, \"margin_top\": null, \"additional_classes\": \"md-margin\", \"margin_bottom\": null, \"class_name\": \"info\", \"padding_left\": null, \"padding_top\": null, \"tag_type\": \"div\", \"padding_right\": null, \"margin_right\": null, \"margin_left\": null}}]",
    "content_type": 21,
    "revision": 85,
    "object_id_int": 50,
    "object_id": "50",
    "object_repr": "50"
  },
  "model": "reversion.version",
  "pk": 1362
},
{
  "fields": {
    "format": "json",
    "serialized_data": "[{\"model\": \"djangocms_style.style\", \"pk\": 52, \"fields\": {\"padding_bottom\": null, \"margin_top\": null, \"additional_classes\": \"lg-margin\", \"margin_bottom\": null, \"class_name\": \"info\", \"padding_left\": null, \"padding_top\": null, \"tag_type\": \"div\", \"padding_right\": null, \"margin_right\": null, \"margin_left\": null}}]",
    "content_type": 21,
    "revision": 85,
    "object_id_int": 52,
    "object_id": "52",
    "object_repr": "52"
  },
  "model": "reversion.version",
  "pk": 1363
},
{
  "fields": {
    "format": "json",
    "serialized_data": "[{\"model\": \"cms.cmsplugin\", \"pk\": 41, \"fields\": {\"placeholder\": 11, \"position\": 1, \"parent\": 39, \"depth\": 2, \"numchild\": 2, \"plugin_type\": \"ColumnPlugin\", \"path\": \"000B0002\", \"language\": \"es\", \"changed_date\": \"2015-09-12T20:17:33.241Z\", \"creation_date\": \"2015-09-12T20:04:02.671Z\"}}]",
    "content_type": 6,
    "revision": 85,
    "object_id_int": 41,
    "object_id": "41",
    "object_repr": "41"
  },
  "model": "reversion.version",
  "pk": 1364
},
{
  "fields": {
    "format": "json",
    "serialized_data": "[{\"model\": \"cms.cmsplugin\", \"pk\": 52, \"fields\": {\"placeholder\": 11, \"position\": 0, \"parent\": 40, \"depth\": 3, \"numchild\": 0, \"plugin_type\": \"StylePlugin\", \"path\": \"000B00010002\", \"language\": \"es\", \"changed_date\": \"2015-09-12T20:20:49.906Z\", \"creation_date\": \"2015-09-12T20:20:07.651Z\"}}]",
    "content_type": 6,
    "revision": 85,
    "object_id_int": 52,
    "object_id": "52",
    "object_repr": "52"
  },
  "model": "reversion.version",
  "pk": 1365
},
{
  "fields": {
    "format": "json",
    "serialized_data": "[{\"pk\": 8, \"fields\": {\"depth\": 1, \"site\": 1, \"publication_date\": \"2015-09-14T14:29:05.779Z\", \"languages\": \"es\", \"navigation_extenders\": null, \"login_required\": false, \"changed_date\": \"2015-09-14T14:29:06.838Z\", \"changed_by\": \"contextinformatic@gmail.com\", \"application_namespace\": null, \"path\": \"0007\", \"application_urls\": null, \"xframe_options\": 0, \"publication_end_date\": null, \"in_navigation\": true, \"placeholders\": [13], \"parent\": null, \"revision_id\": 0, \"soft_root\": false, \"template\": \"INHERIT\", \"created_by\": \"contextinformatic@gmail.com\", \"reverse_id\": null, \"creation_date\": \"2015-09-14T14:28:55.626Z\", \"limit_visibility_in_menu\": null, \"is_home\": false, \"numchild\": 0}, \"model\": \"cms.page\"}]",
    "content_type": 2,
    "revision": 89,
    "object_id_int": 8,
    "object_id": "8",
    "object_repr": "NOSOTROS"
  },
  "model": "reversion.version",
  "pk": 1427
},
{
  "fields": {
    "format": "json",
    "serialized_data": "[{\"pk\": 8, \"fields\": {\"title\": \"Nosotros\", \"page_title\": \"nosotros\", \"published\": true, \"redirect\": null, \"meta_description\": \"\", \"menu_title\": \"NOSOTROS\", \"has_url_overwrite\": false, \"language\": \"es\", \"slug\": \"nosotros\", \"path\": \"nosotros\", \"page\": 8, \"creation_date\": \"2015-09-14T14:28:55.905Z\"}, \"model\": \"cms.title\"}]",
    "content_type": 10,
    "revision": 89,
    "object_id_int": 8,
    "object_id": "8",
    "object_repr": "Nosotros (nosotros, es)"
  },
  "model": "reversion.version",
  "pk": 1428
},
{
  "fields": {
    "format": "json",
    "serialized_data": "[{\"pk\": 13, \"fields\": {\"default_width\": null, \"slot\": \"content\"}, \"model\": \"cms.placeholder\"}]",
    "content_type": 1,
    "revision": 89,
    "object_id_int": 13,
    "object_id": "13",
    "object_repr": "content"
  },
  "model": "reversion.version",
  "pk": 1429
},
{
  "fields": {
    "format": "json",
    "serialized_data": "[{\"fields\": {\"revision_id\": 0, \"changed_by\": \"contextinformatic@gmail.com\", \"numchild\": 0, \"limit_visibility_in_menu\": null, \"depth\": 1, \"publication_date\": \"2015-09-11T21:05:16.122Z\", \"application_urls\": null, \"reverse_id\": null, \"application_namespace\": null, \"navigation_extenders\": null, \"placeholders\": [2], \"path\": \"0001\", \"creation_date\": \"2015-09-11T21:05:15.638Z\", \"languages\": \"es\", \"template\": \"INHERIT\", \"parent\": null, \"site\": 1, \"changed_date\": \"2015-09-14T18:53:17.463Z\", \"soft_root\": false, \"is_home\": true, \"publication_end_date\": null, \"login_required\": false, \"in_navigation\": true, \"created_by\": \"contextinformatic@gmail.com\", \"xframe_options\": 0}, \"pk\": 1, \"model\": \"cms.page\"}]",
    "content_type": 2,
    "revision": 97,
    "object_id_int": 1,
    "object_id": "1",
    "object_repr": "INICIO"
  },
  "model": "reversion.version",
  "pk": 1586
},
{
  "fields": {
    "format": "json",
    "serialized_data": "[{\"fields\": {\"default_width\": null, \"slot\": \"content\"}, \"pk\": 2, \"model\": \"cms.placeholder\"}]",
    "content_type": 1,
    "revision": 97,
    "object_id_int": 2,
    "object_id": "2",
    "object_repr": "content"
  },
  "model": "reversion.version",
  "pk": 1587
},
{
  "fields": {
    "format": "json",
    "serialized_data": "[{\"fields\": {\"depth\": 1, \"path\": \"0007\", \"creation_date\": \"2015-09-12T15:13:01.078Z\", \"placeholder\": 2, \"language\": \"es\", \"plugin_type\": \"MultiColumnPlugin\", \"parent\": null, \"position\": 0, \"numchild\": 3, \"changed_date\": \"2015-09-14T14:24:14.466Z\"}, \"pk\": 11, \"model\": \"cms.cmsplugin\"}]",
    "content_type": 6,
    "revision": 97,
    "object_id_int": 11,
    "object_id": "11",
    "object_repr": "11"
  },
  "model": "reversion.version",
  "pk": 1588
},
{
  "fields": {
    "format": "json",
    "serialized_data": "[{\"fields\": {\"path\": \"\", \"creation_date\": \"2015-09-11T21:05:15.886Z\", \"page_title\": \"Inicio\", \"language\": \"es\", \"title\": \"Home\", \"meta_description\": \"productos, articulos, compra, venta\", \"menu_title\": \"INICIO\", \"slug\": \"home\", \"page\": 1, \"has_url_overwrite\": false, \"published\": true, \"redirect\": null}, \"pk\": 1, \"model\": \"cms.title\"}]",
    "content_type": 10,
    "revision": 97,
    "object_id_int": 1,
    "object_id": "1",
    "object_repr": "Home (home, es)"
  },
  "model": "reversion.version",
  "pk": 1589
},
{
  "fields": {
    "format": "json",
    "serialized_data": "[{\"fields\": {\"title\": \"Favorite\", \"layout\": \"v\", \"description\": \"Favorite products\", \"query\": \"favorite\"}, \"pk\": 15, \"model\": \"pluggin_featured_product.featuredproductplugin\"}]",
    "content_type": 60,
    "revision": 97,
    "object_id_int": 15,
    "object_id": "15",
    "object_repr": "Favorite"
  },
  "model": "reversion.version",
  "pk": 1590
},
{
  "fields": {
    "format": "json",
    "serialized_data": "[{\"fields\": {\"depth\": 2, \"path\": \"00070001\", \"creation_date\": \"2015-09-12T15:13:11.619Z\", \"placeholder\": 2, \"language\": \"es\", \"plugin_type\": \"ColumnPlugin\", \"parent\": 11, \"position\": 0, \"numchild\": 1, \"changed_date\": \"2015-09-12T15:13:11.674Z\"}, \"pk\": 12, \"model\": \"cms.cmsplugin\"}]",
    "content_type": 6,
    "revision": 97,
    "object_id_int": 12,
    "object_id": "12",
    "object_repr": "12"
  },
  "model": "reversion.version",
  "pk": 1591
},
{
  "fields": {
    "format": "json",
    "serialized_data": "[{\"fields\": {\"depth\": 1, \"path\": \"000J\", \"creation_date\": \"2015-09-14T18:49:19.193Z\", \"placeholder\": 2, \"language\": \"es\", \"plugin_type\": \"OwlCarouselPlugin\", \"parent\": null, \"position\": 8, \"numchild\": 2, \"changed_date\": \"2015-09-14T18:50:58.882Z\"}, \"pk\": 75, \"model\": \"cms.cmsplugin\"}]",
    "content_type": 6,
    "revision": 97,
    "object_id_int": 75,
    "object_id": "75",
    "object_repr": "75"
  },
  "model": "reversion.version",
  "pk": 1592
},
{
  "fields": {
    "format": "json",
    "serialized_data": "[{\"fields\": {\"longdesc\": \"\", \"float\": null, \"url\": \"\", \"alt\": \"\", \"image\": \"cms_page_media/1/pantalon-algodon-bebe1.jpg\", \"page_link\": null}, \"pk\": 76, \"model\": \"djangocms_picture.picture\"}]",
    "content_type": 29,
    "revision": 97,
    "object_id_int": 76,
    "object_id": "76",
    "object_repr": "pantalon-algodon-bebe1.jpg"
  },
  "model": "reversion.version",
  "pk": 1593
},
{
  "fields": {
    "format": "json",
    "serialized_data": "[{\"fields\": {\"depth\": 2, \"path\": \"000J0002\", \"creation_date\": \"2015-09-14T18:51:57.712Z\", \"placeholder\": 2, \"language\": \"es\", \"plugin_type\": \"PicturePlugin\", \"parent\": 75, \"position\": 1, \"numchild\": 0, \"changed_date\": \"2015-09-14T18:52:03.603Z\"}, \"pk\": 77, \"model\": \"cms.cmsplugin\"}]",
    "content_type": 6,
    "revision": 97,
    "object_id_int": 77,
    "object_id": "77",
    "object_repr": "77"
  },
  "model": "reversion.version",
  "pk": 1594
},
{
  "fields": {
    "format": "json",
    "serialized_data": "[{\"fields\": {\"width\": \"33.33%\"}, \"pk\": 14, \"model\": \"djangocms_column.column\"}]",
    "content_type": 22,
    "revision": 97,
    "object_id_int": 14,
    "object_id": "14",
    "object_repr": "33%"
  },
  "model": "reversion.version",
  "pk": 1595
},
{
  "fields": {
    "format": "json",
    "serialized_data": "[{\"fields\": {\"longdesc\": \"\", \"float\": null, \"url\": \"\", \"alt\": \"\", \"image\": \"cms_page_media/1/pantalon-rayado-500x500.jpg\", \"page_link\": null}, \"pk\": 77, \"model\": \"djangocms_picture.picture\"}]",
    "content_type": 29,
    "revision": 97,
    "object_id_int": 77,
    "object_id": "77",
    "object_repr": "pantalon-rayado-500x500.jpg"
  },
  "model": "reversion.version",
  "pk": 1596
},
{
  "fields": {
    "format": "json",
    "serialized_data": "[{\"fields\": {\"title\": \"Featured\", \"layout\": \"v\", \"description\": \"Featured products\", \"query\": \"featured\"}, \"pk\": 16, \"model\": \"pluggin_featured_product.featuredproductplugin\"}]",
    "content_type": 60,
    "revision": 97,
    "object_id_int": 16,
    "object_id": "16",
    "object_repr": "Featured"
  },
  "model": "reversion.version",
  "pk": 1597
},
{
  "fields": {
    "format": "json",
    "serialized_data": "[{\"fields\": {\"title\": \"Seller\", \"layout\": \"v\", \"description\": \"Best seller product\", \"query\": \"seller\"}, \"pk\": 17, \"model\": \"pluggin_featured_product.featuredproductplugin\"}]",
    "content_type": 60,
    "revision": 97,
    "object_id_int": 17,
    "object_id": "17",
    "object_repr": "Seller"
  },
  "model": "reversion.version",
  "pk": 1598
},
{
  "fields": {
    "format": "json",
    "serialized_data": "[{\"fields\": {\"depth\": 2, \"path\": \"00070003\", \"creation_date\": \"2015-09-12T15:13:11.796Z\", \"placeholder\": 2, \"language\": \"es\", \"plugin_type\": \"ColumnPlugin\", \"parent\": 11, \"position\": 2, \"numchild\": 1, \"changed_date\": \"2015-09-12T15:13:11.864Z\"}, \"pk\": 14, \"model\": \"cms.cmsplugin\"}]",
    "content_type": 6,
    "revision": 97,
    "object_id_int": 14,
    "object_id": "14",
    "object_repr": "14"
  },
  "model": "reversion.version",
  "pk": 1600
},
{
  "fields": {
    "format": "json",
    "serialized_data": "[{\"fields\": {}, \"pk\": 11, \"model\": \"djangocms_column.multicolumns\"}]",
    "content_type": 23,
    "revision": 97,
    "object_id_int": 11,
    "object_id": "11",
    "object_repr": "3 columnas"
  },
  "model": "reversion.version",
  "pk": 1601
},
{
  "fields": {
    "format": "json",
    "serialized_data": "[{\"fields\": {\"title\": \"Productos destacados\", \"layout\": \"h\", \"description\": \"Estos son los productos destacados\", \"query\": \"featured\"}, \"pk\": 2, \"model\": \"pluggin_featured_product.featuredproductplugin\"}]",
    "content_type": 60,
    "revision": 97,
    "object_id_int": 2,
    "object_id": "2",
    "object_repr": "Productos destacados"
  },
  "model": "reversion.version",
  "pk": 1602
},
{
  "fields": {
    "format": "json",
    "serialized_data": "[{\"fields\": {\"depth\": 3, \"path\": \"000700010001\", \"creation_date\": \"2015-09-12T15:13:29.314Z\", \"placeholder\": 2, \"language\": \"es\", \"plugin_type\": \"CMSFeaturedProductPlugin\", \"parent\": 12, \"position\": 0, \"numchild\": 0, \"changed_date\": \"2015-09-12T15:13:45.307Z\"}, \"pk\": 15, \"model\": \"cms.cmsplugin\"}]",
    "content_type": 6,
    "revision": 97,
    "object_id_int": 15,
    "object_id": "15",
    "object_repr": "15"
  },
  "model": "reversion.version",
  "pk": 1603
},
{
  "fields": {
    "format": "json",
    "serialized_data": "[{\"fields\": {\"depth\": 3, \"path\": \"000700020001\", \"creation_date\": \"2015-09-12T15:15:07.223Z\", \"placeholder\": 2, \"language\": \"es\", \"plugin_type\": \"CMSFeaturedProductPlugin\", \"parent\": 13, \"position\": 0, \"numchild\": 0, \"changed_date\": \"2015-09-12T15:15:20.510Z\"}, \"pk\": 16, \"model\": \"cms.cmsplugin\"}]",
    "content_type": 6,
    "revision": 97,
    "object_id_int": 16,
    "object_id": "16",
    "object_repr": "16"
  },
  "model": "reversion.version",
  "pk": 1604
},
{
  "fields": {
    "format": "json",
    "serialized_data": "[{\"fields\": {\"depth\": 3, \"path\": \"000700030001\", \"creation_date\": \"2015-09-12T15:15:37.438Z\", \"placeholder\": 2, \"language\": \"es\", \"plugin_type\": \"CMSFeaturedProductPlugin\", \"parent\": 14, \"position\": 0, \"numchild\": 0, \"changed_date\": \"2015-09-12T15:15:53.082Z\"}, \"pk\": 17, \"model\": \"cms.cmsplugin\"}]",
    "content_type": 6,
    "revision": 97,
    "object_id_int": 17,
    "object_id": "17",
    "object_repr": "17"
  },
  "model": "reversion.version",
  "pk": 1605
},
{
  "fields": {
    "format": "json",
    "serialized_data": "[{\"fields\": {\"width\": \"33.33%\"}, \"pk\": 12, \"model\": \"djangocms_column.column\"}]",
    "content_type": 22,
    "revision": 97,
    "object_id_int": 12,
    "object_id": "12",
    "object_repr": "33%"
  },
  "model": "reversion.version",
  "pk": 1606
},
{
  "fields": {
    "format": "json",
    "serialized_data": "[{\"fields\": {\"depth\": 2, \"path\": \"000J0001\", \"creation_date\": \"2015-09-14T18:51:21.437Z\", \"placeholder\": 2, \"language\": \"es\", \"plugin_type\": \"PicturePlugin\", \"parent\": 75, \"position\": 0, \"numchild\": 0, \"changed_date\": \"2015-09-14T18:51:34.234Z\"}, \"pk\": 76, \"model\": \"cms.cmsplugin\"}]",
    "content_type": 6,
    "revision": 97,
    "object_id_int": 76,
    "object_id": "76",
    "object_repr": "76"
  },
  "model": "reversion.version",
  "pk": 1607
},
{
  "fields": {
    "format": "json",
    "serialized_data": "[{\"fields\": {\"depth\": 2, \"path\": \"00070002\", \"creation_date\": \"2015-09-12T15:13:11.711Z\", \"placeholder\": 2, \"language\": \"es\", \"plugin_type\": \"ColumnPlugin\", \"parent\": 11, \"position\": 1, \"numchild\": 1, \"changed_date\": \"2015-09-12T15:13:11.765Z\"}, \"pk\": 13, \"model\": \"cms.cmsplugin\"}]",
    "content_type": 6,
    "revision": 97,
    "object_id_int": 13,
    "object_id": "13",
    "object_repr": "13"
  },
  "model": "reversion.version",
  "pk": 1608
},
{
  "fields": {
    "format": "json",
    "serialized_data": "[{\"fields\": {\"depth\": 1, \"path\": \"000I\", \"creation_date\": \"2015-09-11T21:28:05.004Z\", \"placeholder\": 2, \"language\": \"es\", \"plugin_type\": \"CMSFeaturedProductPlugin\", \"parent\": null, \"position\": 1, \"numchild\": 0, \"changed_date\": \"2015-09-14T14:24:14.527Z\"}, \"pk\": 2, \"model\": \"cms.cmsplugin\"}]",
    "content_type": 6,
    "revision": 97,
    "object_id_int": 2,
    "object_id": "2",
    "object_repr": "2"
  },
  "model": "reversion.version",
  "pk": 1609
},
{
  "fields": {
    "format": "json",
    "serialized_data": "[{\"fields\": {\"width\": \"33.33%\"}, \"pk\": 13, \"model\": \"djangocms_column.column\"}]",
    "content_type": 22,
    "revision": 97,
    "object_id_int": 13,
    "object_id": "13",
    "object_repr": "33%"
  },
  "model": "reversion.version",
  "pk": 1610
},
{
  "fields": {
    "format": "json",
    "serialized_data": "[{\"model\": \"cms.page\", \"fields\": {\"numchild\": 0, \"limit_visibility_in_menu\": null, \"is_home\": false, \"application_namespace\": null, \"soft_root\": false, \"site\": 1, \"path\": \"0007\", \"template\": \"INHERIT\", \"publication_date\": \"2015-09-14T14:29:05.779Z\", \"xframe_options\": 0, \"revision_id\": 0, \"changed_by\": \"contextinformatic@gmail.com\", \"placeholders\": [13], \"publication_end_date\": null, \"in_navigation\": true, \"languages\": \"es\", \"application_urls\": null, \"parent\": null, \"depth\": 1, \"reverse_id\": null, \"changed_date\": \"2015-09-14T14:29:07.214Z\", \"creation_date\": \"2015-09-14T14:28:55.626Z\", \"created_by\": \"contextinformatic@gmail.com\", \"navigation_extenders\": null, \"login_required\": false}, \"pk\": 8}]",
    "content_type": 2,
    "revision": 100,
    "object_id_int": 8,
    "object_id": "8",
    "object_repr": "NOSOTROS"
  },
  "model": "reversion.version",
  "pk": 1655
},
{
  "fields": {
    "format": "json",
    "serialized_data": "[{\"model\": \"cms.cmsplugin\", \"fields\": {\"numchild\": 0, \"parent\": null, \"position\": 0, \"placeholder\": 13, \"language\": \"es\", \"changed_date\": \"2015-09-14T19:03:04.045Z\", \"creation_date\": \"2015-09-14T19:03:04.039Z\", \"path\": \"000N\", \"plugin_type\": \"FormPlugin\", \"depth\": 1}, \"pk\": 89}]",
    "content_type": 6,
    "revision": 100,
    "object_id_int": 89,
    "object_id": "89",
    "object_repr": "89"
  },
  "model": "reversion.version",
  "pk": 1656
},
{
  "fields": {
    "format": "json",
    "serialized_data": "[{\"model\": \"cms.placeholder\", \"fields\": {\"default_width\": null, \"slot\": \"content\"}, \"pk\": 13}]",
    "content_type": 1,
    "revision": 100,
    "object_id_int": 13,
    "object_id": "13",
    "object_repr": "content"
  },
  "model": "reversion.version",
  "pk": 1657
},
{
  "fields": {
    "format": "json",
    "serialized_data": "[{\"model\": \"cms.title\", \"fields\": {\"title\": \"Nosotros\", \"meta_description\": \"\", \"language\": \"es\", \"menu_title\": \"NOSOTROS\", \"redirect\": null, \"page_title\": \"nosotros\", \"path\": \"nosotros\", \"has_url_overwrite\": false, \"slug\": \"nosotros\", \"published\": true, \"page\": 8, \"creation_date\": \"2015-09-14T14:28:55.905Z\"}, \"pk\": 8}]",
    "content_type": 10,
    "revision": 100,
    "object_id_int": 8,
    "object_id": "8",
    "object_repr": "Nosotros (nosotros, es)"
  },
  "model": "reversion.version",
  "pk": 1658
},
{
  "fields": {
    "format": "json",
    "serialized_data": "[{\"model\": \"cms.page\", \"fields\": {\"numchild\": 0, \"limit_visibility_in_menu\": null, \"is_home\": false, \"application_namespace\": null, \"soft_root\": false, \"site\": 1, \"path\": \"0007\", \"template\": \"INHERIT\", \"publication_date\": \"2015-09-14T14:29:05.779Z\", \"xframe_options\": 0, \"revision_id\": 0, \"changed_by\": \"contextinformatic@gmail.com\", \"placeholders\": [13], \"publication_end_date\": null, \"in_navigation\": true, \"languages\": \"es\", \"application_urls\": null, \"parent\": null, \"depth\": 1, \"reverse_id\": null, \"changed_date\": \"2015-09-14T19:03:04.087Z\", \"creation_date\": \"2015-09-14T14:28:55.626Z\", \"created_by\": \"contextinformatic@gmail.com\", \"navigation_extenders\": null, \"login_required\": false}, \"pk\": 8}]",
    "content_type": 2,
    "revision": 101,
    "object_id_int": 8,
    "object_id": "8",
    "object_repr": "NOSOTROS"
  },
  "model": "reversion.version",
  "pk": 1659
},
{
  "fields": {
    "format": "json",
    "serialized_data": "[{\"model\": \"djangocms_forms.formdefinition\", \"fields\": {\"title\": \"Encuesta sobre mejoras del sitio\", \"post_submit_msg\": \"Thank You\", \"email_from\": \"\", \"submit_btn_txt\": \"Enviar\", \"name\": \"Este es mi primer formulario\", \"email_subject\": \"testnubiquo@gmail.com\", \"description\": \"Complete el formulario para darse de alta como cliente\", \"page_redirect\": 1, \"email_to\": \"contextinformatic@gmail.com\", \"plugin_reference\": 1, \"success_redirect\": false, \"email_uploaded_files\": true, \"form_template\": \"djangocms_forms/form_template/default.html\", \"external_redirect\": \"\", \"save_data\": true, \"spam_protection\": 2}, \"pk\": 89}]",
    "content_type": 65,
    "revision": 101,
    "object_id_int": 89,
    "object_id": "89",
    "object_repr": "Este es mi primer formulario"
  },
  "model": "reversion.version",
  "pk": 1660
},
{
  "fields": {
    "format": "json",
    "serialized_data": "[{\"model\": \"cms.placeholder\", \"fields\": {\"default_width\": null, \"slot\": \"content\"}, \"pk\": 13}]",
    "content_type": 1,
    "revision": 101,
    "object_id_int": 13,
    "object_id": "13",
    "object_repr": "content"
  },
  "model": "reversion.version",
  "pk": 1661
},
{
  "fields": {
    "format": "json",
    "serialized_data": "[{\"model\": \"cms.title\", \"fields\": {\"title\": \"Nosotros\", \"meta_description\": \"\", \"language\": \"es\", \"menu_title\": \"NOSOTROS\", \"redirect\": null, \"page_title\": \"nosotros\", \"path\": \"nosotros\", \"has_url_overwrite\": false, \"slug\": \"nosotros\", \"published\": true, \"page\": 8, \"creation_date\": \"2015-09-14T14:28:55.905Z\"}, \"pk\": 8}]",
    "content_type": 10,
    "revision": 101,
    "object_id_int": 8,
    "object_id": "8",
    "object_repr": "Nosotros (nosotros, es)"
  },
  "model": "reversion.version",
  "pk": 1662
},
{
  "fields": {
    "format": "json",
    "serialized_data": "[{\"model\": \"cms.cmsplugin\", \"fields\": {\"numchild\": 0, \"parent\": null, \"position\": 0, \"placeholder\": 13, \"language\": \"es\", \"changed_date\": \"2015-09-14T19:06:27.635Z\", \"creation_date\": \"2015-09-14T19:03:04.039Z\", \"path\": \"000N\", \"plugin_type\": \"FormPlugin\", \"depth\": 1}, \"pk\": 89}]",
    "content_type": 6,
    "revision": 101,
    "object_id_int": 89,
    "object_id": "89",
    "object_repr": "89"
  },
  "model": "reversion.version",
  "pk": 1663
},
{
  "fields": {
    "format": "json",
    "serialized_data": "[{\"model\": \"cms.page\", \"fields\": {\"soft_root\": false, \"path\": \"0001\", \"numchild\": 0, \"application_urls\": null, \"revision_id\": 0, \"publication_date\": \"2015-09-11T21:05:16.122Z\", \"site\": 1, \"template\": \"INHERIT\", \"creation_date\": \"2015-09-11T21:05:15.638Z\", \"login_required\": false, \"changed_date\": \"2015-09-15T00:36:37.859Z\", \"changed_by\": \"contextinformatic@gmail.com\", \"publication_end_date\": null, \"xframe_options\": 0, \"depth\": 1, \"is_home\": true, \"created_by\": \"contextinformatic@gmail.com\", \"in_navigation\": true, \"limit_visibility_in_menu\": null, \"navigation_extenders\": null, \"parent\": null, \"reverse_id\": null, \"languages\": \"es\", \"placeholders\": [2], \"application_namespace\": null}, \"pk\": 1}]",
    "content_type": 2,
    "revision": 111,
    "object_id_int": 1,
    "object_id": "1",
    "object_repr": "INICIO"
  },
  "model": "reversion.version",
  "pk": 1831
},
{
  "fields": {
    "format": "json",
    "serialized_data": "[{\"model\": \"cms.placeholder\", \"fields\": {\"slot\": \"content\", \"default_width\": null}, \"pk\": 2}]",
    "content_type": 1,
    "revision": 111,
    "object_id_int": 2,
    "object_id": "2",
    "object_repr": "content"
  },
  "model": "reversion.version",
  "pk": 1832
},
{
  "fields": {
    "format": "json",
    "serialized_data": "[{\"model\": \"cms.cmsplugin\", \"fields\": {\"changed_date\": \"2015-09-14T14:24:14.466Z\", \"path\": \"0007\", \"position\": 0, \"creation_date\": \"2015-09-12T15:13:01.078Z\", \"parent\": null, \"numchild\": 3, \"depth\": 1, \"placeholder\": 2, \"plugin_type\": \"MultiColumnPlugin\", \"language\": \"es\"}, \"pk\": 11}]",
    "content_type": 6,
    "revision": 111,
    "object_id_int": 11,
    "object_id": "11",
    "object_repr": "11"
  },
  "model": "reversion.version",
  "pk": 1833
},
{
  "fields": {
    "format": "json",
    "serialized_data": "[{\"model\": \"cmsplugin_filer_image.filerimage\", \"fields\": {\"style\": \"\", \"original_link\": false, \"use_original_image\": false, \"width\": null, \"use_autoscale\": false, \"page_link\": null, \"description\": \"\", \"alt_text\": \"\", \"image\": 1, \"upscale\": true, \"alignment\": null, \"free_link\": \"\", \"crop\": true, \"file_link\": null, \"image_url\": \"\", \"height\": null, \"thumbnail_option\": null, \"caption_text\": \"Oferta\", \"target_blank\": false}, \"pk\": 93}]",
    "content_type": 78,
    "revision": 111,
    "object_id_int": 93,
    "object_id": "93",
    "object_repr": "pantalon-algodon-bebe.jpg"
  },
  "model": "reversion.version",
  "pk": 1834
},
{
  "fields": {
    "format": "json",
    "serialized_data": "[{\"model\": \"pluggin_featured_product.featuredproductplugin\", \"fields\": {\"description\": \"Best seller product\", \"layout\": \"v\", \"title\": \"Seller\", \"query\": \"seller\"}, \"pk\": 17}]",
    "content_type": 60,
    "revision": 111,
    "object_id_int": 17,
    "object_id": "17",
    "object_repr": "Seller"
  },
  "model": "reversion.version",
  "pk": 1835
},
{
  "fields": {
    "format": "json",
    "serialized_data": "[{\"model\": \"djangocms_column.column\", \"fields\": {\"width\": \"33.33%\"}, \"pk\": 12}]",
    "content_type": 22,
    "revision": 111,
    "object_id_int": 12,
    "object_id": "12",
    "object_repr": "33%"
  },
  "model": "reversion.version",
  "pk": 1836
},
{
  "fields": {
    "format": "json",
    "serialized_data": "[{\"model\": \"cms.title\", \"fields\": {\"page\": 1, \"path\": \"\", \"published\": true, \"meta_description\": \"productos, articulos, compra, venta\", \"has_url_overwrite\": false, \"language\": \"es\", \"redirect\": null, \"creation_date\": \"2015-09-11T21:05:15.886Z\", \"page_title\": \"Inicio\", \"title\": \"Home\", \"slug\": \"home\", \"menu_title\": \"INICIO\"}, \"pk\": 1}]",
    "content_type": 10,
    "revision": 111,
    "object_id_int": 1,
    "object_id": "1",
    "object_repr": "Home (home, es)"
  },
  "model": "reversion.version",
  "pk": 1837
},
{
  "fields": {
    "format": "json",
    "serialized_data": "[{\"model\": \"djangocms_column.multicolumns\", \"fields\": {}, \"pk\": 11}]",
    "content_type": 23,
    "revision": 111,
    "object_id_int": 11,
    "object_id": "11",
    "object_repr": "3 columnas"
  },
  "model": "reversion.version",
  "pk": 1838
},
{
  "fields": {
    "format": "json",
    "serialized_data": "[{\"model\": \"cms.cmsplugin\", \"fields\": {\"changed_date\": \"2015-09-12T15:13:11.674Z\", \"path\": \"00070001\", \"position\": 0, \"creation_date\": \"2015-09-12T15:13:11.619Z\", \"parent\": 11, \"numchild\": 1, \"depth\": 2, \"placeholder\": 2, \"plugin_type\": \"ColumnPlugin\", \"language\": \"es\"}, \"pk\": 12}]",
    "content_type": 6,
    "revision": 111,
    "object_id_int": 12,
    "object_id": "12",
    "object_repr": "12"
  },
  "model": "reversion.version",
  "pk": 1839
},
{
  "fields": {
    "format": "json",
    "serialized_data": "[{\"model\": \"djangocms_column.column\", \"fields\": {\"width\": \"33.33%\"}, \"pk\": 13}]",
    "content_type": 22,
    "revision": 111,
    "object_id_int": 13,
    "object_id": "13",
    "object_repr": "33%"
  },
  "model": "reversion.version",
  "pk": 1840
},
{
  "fields": {
    "format": "json",
    "serialized_data": "[{\"model\": \"cms.cmsplugin\", \"fields\": {\"changed_date\": \"2015-09-12T15:13:11.864Z\", \"path\": \"00070003\", \"position\": 2, \"creation_date\": \"2015-09-12T15:13:11.796Z\", \"parent\": 11, \"numchild\": 1, \"depth\": 2, \"placeholder\": 2, \"plugin_type\": \"ColumnPlugin\", \"language\": \"es\"}, \"pk\": 14}]",
    "content_type": 6,
    "revision": 111,
    "object_id_int": 14,
    "object_id": "14",
    "object_repr": "14"
  },
  "model": "reversion.version",
  "pk": 1841
},
{
  "fields": {
    "format": "json",
    "serialized_data": "[{\"model\": \"cms.cmsplugin\", \"fields\": {\"changed_date\": \"2015-09-12T15:13:45.307Z\", \"path\": \"000700010001\", \"position\": 0, \"creation_date\": \"2015-09-12T15:13:29.314Z\", \"parent\": 12, \"numchild\": 0, \"depth\": 3, \"placeholder\": 2, \"plugin_type\": \"CMSFeaturedProductPlugin\", \"language\": \"es\"}, \"pk\": 15}]",
    "content_type": 6,
    "revision": 111,
    "object_id_int": 15,
    "object_id": "15",
    "object_repr": "15"
  },
  "model": "reversion.version",
  "pk": 1842
},
{
  "fields": {
    "format": "json",
    "serialized_data": "[{\"model\": \"cms.cmsplugin\", \"fields\": {\"changed_date\": \"2015-09-12T15:15:53.082Z\", \"path\": \"000700030001\", \"position\": 0, \"creation_date\": \"2015-09-12T15:15:37.438Z\", \"parent\": 14, \"numchild\": 0, \"depth\": 3, \"placeholder\": 2, \"plugin_type\": \"CMSFeaturedProductPlugin\", \"language\": \"es\"}, \"pk\": 17}]",
    "content_type": 6,
    "revision": 111,
    "object_id_int": 17,
    "object_id": "17",
    "object_repr": "17"
  },
  "model": "reversion.version",
  "pk": 1843
},
{
  "fields": {
    "format": "json",
    "serialized_data": "[{\"model\": \"cms.cmsplugin\", \"fields\": {\"changed_date\": \"2015-09-15T00:31:00.447Z\", \"path\": \"00070002\", \"position\": 1, \"creation_date\": \"2015-09-12T15:13:11.711Z\", \"parent\": 11, \"numchild\": 1, \"depth\": 2, \"placeholder\": 2, \"plugin_type\": \"ColumnPlugin\", \"language\": \"es\"}, \"pk\": 13}]",
    "content_type": 6,
    "revision": 111,
    "object_id_int": 13,
    "object_id": "13",
    "object_repr": "13"
  },
  "model": "reversion.version",
  "pk": 1844
},
{
  "fields": {
    "format": "json",
    "serialized_data": "[{\"model\": \"djangocms_column.column\", \"fields\": {\"width\": \"33.33%\"}, \"pk\": 14}]",
    "content_type": 22,
    "revision": 111,
    "object_id_int": 14,
    "object_id": "14",
    "object_repr": "33%"
  },
  "model": "reversion.version",
  "pk": 1845
},
{
  "fields": {
    "format": "json",
    "serialized_data": "[{\"model\": \"pluggin_featured_product.featuredproductplugin\", \"fields\": {\"description\": \"Estos son los productos destacados\", \"layout\": \"h\", \"title\": \"Productos destacados\", \"query\": \"featured\"}, \"pk\": 2}]",
    "content_type": 60,
    "revision": 111,
    "object_id_int": 2,
    "object_id": "2",
    "object_repr": "Productos destacados"
  },
  "model": "reversion.version",
  "pk": 1846
},
{
  "fields": {
    "format": "json",
    "serialized_data": "[{\"model\": \"cms.cmsplugin\", \"fields\": {\"changed_date\": \"2015-09-14T14:24:14.527Z\", \"path\": \"000I\", \"position\": 1, \"creation_date\": \"2015-09-11T21:28:05.004Z\", \"parent\": null, \"numchild\": 0, \"depth\": 1, \"placeholder\": 2, \"plugin_type\": \"CMSFeaturedProductPlugin\", \"language\": \"es\"}, \"pk\": 2}]",
    "content_type": 6,
    "revision": 111,
    "object_id_int": 2,
    "object_id": "2",
    "object_repr": "2"
  },
  "model": "reversion.version",
  "pk": 1847
},
{
  "fields": {
    "format": "json",
    "serialized_data": "[{\"model\": \"pluggin_featured_product.featuredproductplugin\", \"fields\": {\"description\": \"Favorite products\", \"layout\": \"v\", \"title\": \"Favorite\", \"query\": \"favorite\"}, \"pk\": 15}]",
    "content_type": 60,
    "revision": 111,
    "object_id_int": 15,
    "object_id": "15",
    "object_repr": "Favorite"
  },
  "model": "reversion.version",
  "pk": 1848
},
{
  "fields": {
    "format": "json",
    "serialized_data": "[{\"model\": \"cms.cmsplugin\", \"fields\": {\"changed_date\": \"2015-09-15T00:36:05.044Z\", \"path\": \"000700020001\", \"position\": 0, \"creation_date\": \"2015-09-15T00:35:14.447Z\", \"parent\": 13, \"numchild\": 0, \"depth\": 3, \"placeholder\": 2, \"plugin_type\": \"FilerImagePlugin\", \"language\": \"es\"}, \"pk\": 93}]",
    "content_type": 6,
    "revision": 111,
    "object_id_int": 93,
    "object_id": "93",
    "object_repr": "93"
  },
  "model": "reversion.version",
  "pk": 1849
},
{
  "fields": {
    "format": "json",
    "serialized_data": "[{\"model\": \"cms.page\", \"fields\": {\"soft_root\": false, \"path\": \"0007\", \"numchild\": 0, \"application_urls\": null, \"revision_id\": 0, \"publication_date\": \"2015-09-14T14:29:05.779Z\", \"site\": 1, \"template\": \"INHERIT\", \"creation_date\": \"2015-09-14T14:28:55.626Z\", \"login_required\": false, \"changed_date\": \"2015-09-15T11:48:57.347Z\", \"changed_by\": \"contextinformatic@gmail.com\", \"publication_end_date\": null, \"xframe_options\": 0, \"depth\": 1, \"is_home\": false, \"created_by\": \"contextinformatic@gmail.com\", \"in_navigation\": true, \"limit_visibility_in_menu\": null, \"navigation_extenders\": null, \"parent\": null, \"reverse_id\": null, \"languages\": \"es\", \"placeholders\": [13], \"application_namespace\": null}, \"pk\": 8}]",
    "content_type": 2,
    "revision": 112,
    "object_id_int": 8,
    "object_id": "8",
    "object_repr": "NOSOTROS"
  },
  "model": "reversion.version",
  "pk": 1850
},
{
  "fields": {
    "format": "json",
    "serialized_data": "[{\"model\": \"djangocms_forms.formdefinition\", \"fields\": {\"plugin_reference\": 1, \"page_redirect\": 1, \"post_submit_msg\": \"Thank You\", \"email_from\": \"\", \"description\": \"Complete el formulario para darse de alta como cliente\", \"external_redirect\": \"\", \"success_redirect\": false, \"email_to\": \"contextinformatic@gmail.com\", \"spam_protection\": 2, \"form_template\": \"djangocms_forms/form_template/default.html\", \"email_subject\": \"testnubiquo@gmail.com\", \"email_uploaded_files\": true, \"title\": \"Encuesta sobre mejoras del sitio\", \"save_data\": true, \"name\": \"Este es mi primer formulario\", \"submit_btn_txt\": \"Enviar\"}, \"pk\": 89}]",
    "content_type": 65,
    "revision": 112,
    "object_id_int": 89,
    "object_id": "89",
    "object_repr": "Este es mi primer formulario"
  },
  "model": "reversion.version",
  "pk": 1851
},
{
  "fields": {
    "format": "json",
    "serialized_data": "[{\"model\": \"cms.placeholder\", \"fields\": {\"slot\": \"content\", \"default_width\": null}, \"pk\": 13}]",
    "content_type": 1,
    "revision": 112,
    "object_id_int": 13,
    "object_id": "13",
    "object_repr": "content"
  },
  "model": "reversion.version",
  "pk": 1852
},
{
  "fields": {
    "format": "json",
    "serialized_data": "[{\"model\": \"cms.title\", \"fields\": {\"page\": 8, \"path\": \"nosotros\", \"published\": true, \"meta_description\": \"\", \"has_url_overwrite\": false, \"language\": \"es\", \"redirect\": null, \"creation_date\": \"2015-09-14T14:28:55.905Z\", \"page_title\": \"nosotros\", \"title\": \"Nosotros\", \"slug\": \"nosotros\", \"menu_title\": \"NOSOTROS\"}, \"pk\": 8}]",
    "content_type": 10,
    "revision": 112,
    "object_id_int": 8,
    "object_id": "8",
    "object_repr": "Nosotros (nosotros, es)"
  },
  "model": "reversion.version",
  "pk": 1853
},
{
  "fields": {
    "format": "json",
    "serialized_data": "[{\"model\": \"cms.cmsplugin\", \"fields\": {\"changed_date\": \"2015-09-14T19:06:27.635Z\", \"path\": \"000N\", \"position\": 0, \"creation_date\": \"2015-09-14T19:03:04.039Z\", \"parent\": null, \"numchild\": 0, \"depth\": 1, \"placeholder\": 13, \"plugin_type\": \"FormPlugin\", \"language\": \"es\"}, \"pk\": 89}]",
    "content_type": 6,
    "revision": 112,
    "object_id_int": 89,
    "object_id": "89",
    "object_repr": "89"
  },
  "model": "reversion.version",
  "pk": 1854
},
{
  "fields": {
    "format": "json",
    "serialized_data": "[{\"model\": \"cms.page\", \"fields\": {\"soft_root\": false, \"path\": \"0007\", \"numchild\": 0, \"application_urls\": null, \"revision_id\": 0, \"publication_date\": \"2015-09-14T14:29:05.779Z\", \"site\": 1, \"template\": \"INHERIT\", \"creation_date\": \"2015-09-14T14:28:55.626Z\", \"login_required\": false, \"changed_date\": \"2015-09-15T11:51:06.098Z\", \"changed_by\": \"contextinformatic@gmail.com\", \"publication_end_date\": null, \"xframe_options\": 0, \"depth\": 1, \"is_home\": false, \"created_by\": \"contextinformatic@gmail.com\", \"in_navigation\": true, \"limit_visibility_in_menu\": null, \"navigation_extenders\": null, \"parent\": null, \"reverse_id\": null, \"languages\": \"es\", \"placeholders\": [13], \"application_namespace\": null}, \"pk\": 8}]",
    "content_type": 2,
    "revision": 113,
    "object_id_int": 8,
    "object_id": "8",
    "object_repr": "NOSOTROS"
  },
  "model": "reversion.version",
  "pk": 1855
},
{
  "fields": {
    "format": "json",
    "serialized_data": "[{\"model\": \"cms.title\", \"fields\": {\"page\": 8, \"path\": \"nosotros\", \"published\": true, \"meta_description\": \"\", \"has_url_overwrite\": false, \"language\": \"es\", \"redirect\": null, \"creation_date\": \"2015-09-14T14:28:55.905Z\", \"page_title\": \"nosotros\", \"title\": \"Nosotros\", \"slug\": \"nosotros\", \"menu_title\": \"NOSOTROS\"}, \"pk\": 8}]",
    "content_type": 10,
    "revision": 113,
    "object_id_int": 8,
    "object_id": "8",
    "object_repr": "Nosotros (nosotros, es)"
  },
  "model": "reversion.version",
  "pk": 1856
},
{
  "fields": {
    "format": "json",
    "serialized_data": "[{\"model\": \"cms.placeholder\", \"fields\": {\"slot\": \"content\", \"default_width\": null}, \"pk\": 13}]",
    "content_type": 1,
    "revision": 113,
    "object_id_int": 13,
    "object_id": "13",
    "object_repr": "content"
  },
  "model": "reversion.version",
  "pk": 1857
},
{
  "fields": {
    "format": "json",
    "serialized_data": "[{\"model\": \"cms.page\", \"fields\": {\"soft_root\": false, \"path\": \"0007\", \"numchild\": 0, \"application_urls\": null, \"revision_id\": 112, \"publication_date\": \"2015-09-14T14:29:05.779Z\", \"site\": 1, \"template\": \"INHERIT\", \"creation_date\": \"2015-09-14T14:28:55.626Z\", \"login_required\": false, \"changed_date\": \"2015-09-15T11:51:35.205Z\", \"changed_by\": \"contextinformatic@gmail.com\", \"publication_end_date\": null, \"xframe_options\": 0, \"depth\": 1, \"is_home\": false, \"created_by\": \"contextinformatic@gmail.com\", \"in_navigation\": true, \"limit_visibility_in_menu\": null, \"navigation_extenders\": null, \"parent\": null, \"reverse_id\": null, \"languages\": \"es\", \"placeholders\": [13], \"application_namespace\": null}, \"pk\": 8}]",
    "content_type": 2,
    "revision": 114,
    "object_id_int": 8,
    "object_id": "8",
    "object_repr": "NOSOTROS"
  },
  "model": "reversion.version",
  "pk": 1858
},
{
  "fields": {
    "format": "json",
    "serialized_data": "[{\"model\": \"djangocms_forms.formdefinition\", \"fields\": {\"plugin_reference\": 1, \"page_redirect\": 1, \"post_submit_msg\": \"Thank You\", \"email_from\": \"\", \"description\": \"Complete el formulario para darse de alta como cliente\", \"external_redirect\": \"\", \"success_redirect\": false, \"email_to\": \"contextinformatic@gmail.com\", \"spam_protection\": 2, \"form_template\": \"djangocms_forms/form_template/default.html\", \"email_subject\": \"testnubiquo@gmail.com\", \"email_uploaded_files\": true, \"title\": \"Encuesta sobre mejoras del sitio\", \"save_data\": true, \"name\": \"Este es mi primer formulario\", \"submit_btn_txt\": \"Enviar\"}, \"pk\": 89}]",
    "content_type": 65,
    "revision": 114,
    "object_id_int": 89,
    "object_id": "89",
    "object_repr": "Este es mi primer formulario"
  },
  "model": "reversion.version",
  "pk": 1859
},
{
  "fields": {
    "format": "json",
    "serialized_data": "[{\"model\": \"cms.placeholder\", \"fields\": {\"slot\": \"content\", \"default_width\": null}, \"pk\": 13}]",
    "content_type": 1,
    "revision": 114,
    "object_id_int": 13,
    "object_id": "13",
    "object_repr": "content"
  },
  "model": "reversion.version",
  "pk": 1860
},
{
  "fields": {
    "format": "json",
    "serialized_data": "[{\"model\": \"cms.title\", \"fields\": {\"page\": 8, \"path\": \"nosotros\", \"published\": true, \"meta_description\": \"\", \"has_url_overwrite\": false, \"language\": \"es\", \"redirect\": null, \"creation_date\": \"2015-09-14T14:28:55.905Z\", \"page_title\": \"nosotros\", \"title\": \"Nosotros\", \"slug\": \"nosotros\", \"menu_title\": \"NOSOTROS\"}, \"pk\": 8}]",
    "content_type": 10,
    "revision": 114,
    "object_id_int": 8,
    "object_id": "8",
    "object_repr": "Nosotros (nosotros, es)"
  },
  "model": "reversion.version",
  "pk": 1861
},
{
  "fields": {
    "format": "json",
    "serialized_data": "[{\"model\": \"cms.cmsplugin\", \"fields\": {\"changed_date\": \"2015-09-15T11:52:28.025Z\", \"path\": \"000N\", \"position\": 0, \"creation_date\": \"2015-09-14T19:03:04.039Z\", \"parent\": null, \"numchild\": 0, \"depth\": 1, \"placeholder\": 13, \"plugin_type\": \"FormPlugin\", \"language\": \"es\"}, \"pk\": 89}]",
    "content_type": 6,
    "revision": 114,
    "object_id_int": 89,
    "object_id": "89",
    "object_repr": "89"
  },
  "model": "reversion.version",
  "pk": 1862
},
{
  "fields": {
    "format": "json",
    "serialized_data": "[{\"model\": \"cms.page\", \"fields\": {\"soft_root\": false, \"path\": \"0007\", \"numchild\": 0, \"application_urls\": null, \"revision_id\": 0, \"publication_date\": \"2015-09-14T14:29:05.779Z\", \"site\": 1, \"template\": \"INHERIT\", \"creation_date\": \"2015-09-14T14:28:55.626Z\", \"login_required\": false, \"changed_date\": \"2015-09-15T11:52:28.270Z\", \"changed_by\": \"contextinformatic@gmail.com\", \"publication_end_date\": null, \"xframe_options\": 0, \"depth\": 1, \"is_home\": false, \"created_by\": \"contextinformatic@gmail.com\", \"in_navigation\": true, \"limit_visibility_in_menu\": null, \"navigation_extenders\": null, \"parent\": null, \"reverse_id\": null, \"languages\": \"es\", \"placeholders\": [13], \"application_namespace\": null}, \"pk\": 8}]",
    "content_type": 2,
    "revision": 115,
    "object_id_int": 8,
    "object_id": "8",
    "object_repr": "NOSOTROS"
  },
  "model": "reversion.version",
  "pk": 1863
},
{
  "fields": {
    "format": "json",
    "serialized_data": "[{\"model\": \"djangocms_forms.formdefinition\", \"fields\": {\"plugin_reference\": 1, \"page_redirect\": 1, \"post_submit_msg\": \"Thank You\", \"email_from\": \"\", \"description\": \"Complete el formulario para darse de alta como cliente\", \"external_redirect\": \"\", \"success_redirect\": false, \"email_to\": \"contextinformatic@gmail.com\", \"spam_protection\": 2, \"form_template\": \"djangocms_forms/form_template/default.html\", \"email_subject\": \"testnubiquo@gmail.com\", \"email_uploaded_files\": true, \"title\": \"Encuesta sobre mejoras del sitio\", \"save_data\": true, \"name\": \"Este es mi primer formulario\", \"submit_btn_txt\": \"Enviar\"}, \"pk\": 89}]",
    "content_type": 65,
    "revision": 115,
    "object_id_int": 89,
    "object_id": "89",
    "object_repr": "Este es mi primer formulario"
  },
  "model": "reversion.version",
  "pk": 1864
},
{
  "fields": {
    "format": "json",
    "serialized_data": "[{\"model\": \"cms.placeholder\", \"fields\": {\"slot\": \"content\", \"default_width\": null}, \"pk\": 13}]",
    "content_type": 1,
    "revision": 115,
    "object_id_int": 13,
    "object_id": "13",
    "object_repr": "content"
  },
  "model": "reversion.version",
  "pk": 1865
},
{
  "fields": {
    "format": "json",
    "serialized_data": "[{\"model\": \"cms.title\", \"fields\": {\"page\": 8, \"path\": \"nosotros\", \"published\": true, \"meta_description\": \"\", \"has_url_overwrite\": false, \"language\": \"es\", \"redirect\": null, \"creation_date\": \"2015-09-14T14:28:55.905Z\", \"page_title\": \"nosotros\", \"title\": \"Nosotros\", \"slug\": \"nosotros\", \"menu_title\": \"NOSOTROS\"}, \"pk\": 8}]",
    "content_type": 10,
    "revision": 115,
    "object_id_int": 8,
    "object_id": "8",
    "object_repr": "Nosotros (nosotros, es)"
  },
  "model": "reversion.version",
  "pk": 1866
},
{
  "fields": {
    "format": "json",
    "serialized_data": "[{\"model\": \"cms.cmsplugin\", \"fields\": {\"changed_date\": \"2015-09-15T11:52:54.954Z\", \"path\": \"000N\", \"position\": 0, \"creation_date\": \"2015-09-14T19:03:04.039Z\", \"parent\": null, \"numchild\": 0, \"depth\": 1, \"placeholder\": 13, \"plugin_type\": \"FormPlugin\", \"language\": \"es\"}, \"pk\": 89}]",
    "content_type": 6,
    "revision": 115,
    "object_id_int": 89,
    "object_id": "89",
    "object_repr": "89"
  },
  "model": "reversion.version",
  "pk": 1867
},
{
  "fields": {
    "format": "json",
    "serialized_data": "[{\"model\": \"cms.page\", \"fields\": {\"soft_root\": false, \"path\": \"0007\", \"numchild\": 0, \"application_urls\": null, \"revision_id\": 0, \"publication_date\": \"2015-09-14T14:29:05.779Z\", \"site\": 1, \"template\": \"INHERIT\", \"creation_date\": \"2015-09-14T14:28:55.626Z\", \"login_required\": false, \"changed_date\": \"2015-09-15T11:53:02.300Z\", \"changed_by\": \"contextinformatic@gmail.com\", \"publication_end_date\": null, \"xframe_options\": 0, \"depth\": 1, \"is_home\": false, \"created_by\": \"contextinformatic@gmail.com\", \"in_navigation\": true, \"limit_visibility_in_menu\": null, \"navigation_extenders\": null, \"parent\": null, \"reverse_id\": null, \"languages\": \"es\", \"placeholders\": [13], \"application_namespace\": null}, \"pk\": 8}]",
    "content_type": 2,
    "revision": 116,
    "object_id_int": 8,
    "object_id": "8",
    "object_repr": "NOSOTROS"
  },
  "model": "reversion.version",
  "pk": 1868
},
{
  "fields": {
    "format": "json",
    "serialized_data": "[{\"model\": \"djangocms_forms.formdefinition\", \"fields\": {\"plugin_reference\": 1, \"page_redirect\": 1, \"post_submit_msg\": \"Thank You\", \"email_from\": \"\", \"description\": \"Complete el formulario para darse de alta como cliente\", \"external_redirect\": \"\", \"success_redirect\": false, \"email_to\": \"contextinformatic@gmail.com\", \"spam_protection\": 2, \"form_template\": \"djangocms_forms/form_template/default.html\", \"email_subject\": \"testnubiquo@gmail.com\", \"email_uploaded_files\": true, \"title\": \"Encuesta sobre mejoras del sitio\", \"save_data\": true, \"name\": \"Este es mi primer formulario\", \"submit_btn_txt\": \"Enviar\"}, \"pk\": 89}]",
    "content_type": 65,
    "revision": 116,
    "object_id_int": 89,
    "object_id": "89",
    "object_repr": "Este es mi primer formulario"
  },
  "model": "reversion.version",
  "pk": 1869
},
{
  "fields": {
    "format": "json",
    "serialized_data": "[{\"model\": \"cms.placeholder\", \"fields\": {\"slot\": \"content\", \"default_width\": null}, \"pk\": 13}]",
    "content_type": 1,
    "revision": 116,
    "object_id_int": 13,
    "object_id": "13",
    "object_repr": "content"
  },
  "model": "reversion.version",
  "pk": 1870
},
{
  "fields": {
    "format": "json",
    "serialized_data": "[{\"model\": \"cms.title\", \"fields\": {\"page\": 8, \"path\": \"nosotros\", \"published\": true, \"meta_description\": \"\", \"has_url_overwrite\": false, \"language\": \"es\", \"redirect\": null, \"creation_date\": \"2015-09-14T14:28:55.905Z\", \"page_title\": \"nosotros\", \"title\": \"Nosotros\", \"slug\": \"nosotros\", \"menu_title\": \"NOSOTROS\"}, \"pk\": 8}]",
    "content_type": 10,
    "revision": 116,
    "object_id_int": 8,
    "object_id": "8",
    "object_repr": "Nosotros (nosotros, es)"
  },
  "model": "reversion.version",
  "pk": 1871
},
{
  "fields": {
    "format": "json",
    "serialized_data": "[{\"model\": \"cms.cmsplugin\", \"fields\": {\"changed_date\": \"2015-09-15T11:52:54.954Z\", \"path\": \"000N\", \"position\": 0, \"creation_date\": \"2015-09-14T19:03:04.039Z\", \"parent\": null, \"numchild\": 0, \"depth\": 1, \"placeholder\": 13, \"plugin_type\": \"FormPlugin\", \"language\": \"es\"}, \"pk\": 89}]",
    "content_type": 6,
    "revision": 116,
    "object_id_int": 89,
    "object_id": "89",
    "object_repr": "89"
  },
  "model": "reversion.version",
  "pk": 1872
},
{
  "fields": {
    "format": "json",
    "serialized_data": "[{\"pk\": 8, \"model\": \"cms.page\", \"fields\": {\"site\": 1, \"languages\": \"es\", \"parent\": null, \"is_home\": false, \"creation_date\": \"2015-09-14T14:28:55.626Z\", \"soft_root\": false, \"xframe_options\": 0, \"template\": \"INHERIT\", \"login_required\": false, \"path\": \"0007\", \"navigation_extenders\": null, \"publication_end_date\": null, \"limit_visibility_in_menu\": null, \"depth\": 1, \"application_namespace\": null, \"created_by\": \"contextinformatic@gmail.com\", \"publication_date\": \"2015-09-14T14:29:05.779Z\", \"changed_date\": \"2015-09-15T18:46:06.147Z\", \"in_navigation\": true, \"revision_id\": 0, \"placeholders\": [13], \"changed_by\": \"contextinformatic@gmail.com\", \"reverse_id\": null, \"application_urls\": null, \"numchild\": 0}}]",
    "content_type": 2,
    "revision": 117,
    "object_id_int": 8,
    "object_id": "8",
    "object_repr": "NOSOTROS"
  },
  "model": "reversion.version",
  "pk": 1873
},
{
  "fields": {
    "format": "json",
    "serialized_data": "[{\"pk\": 8, \"model\": \"cms.title\", \"fields\": {\"meta_description\": \"\", \"creation_date\": \"2015-09-14T14:28:55.905Z\", \"slug\": \"nosotros\", \"menu_title\": \"NOSOTROS\", \"page_title\": \"nosotros\", \"page\": 8, \"path\": \"nosotros\", \"language\": \"es\", \"published\": true, \"title\": \"Nosotros\", \"redirect\": null, \"has_url_overwrite\": false}}]",
    "content_type": 10,
    "revision": 117,
    "object_id_int": 8,
    "object_id": "8",
    "object_repr": "Nosotros (nosotros, es)"
  },
  "model": "reversion.version",
  "pk": 1874
},
{
  "fields": {
    "format": "json",
    "serialized_data": "[{\"pk\": 13, \"model\": \"cms.placeholder\", \"fields\": {\"slot\": \"content\", \"default_width\": null}}]",
    "content_type": 1,
    "revision": 117,
    "object_id_int": 13,
    "object_id": "13",
    "object_repr": "content"
  },
  "model": "reversion.version",
  "pk": 1875
},
{
  "fields": {
    "format": "json",
    "serialized_data": "[{\"pk\": 8, \"model\": \"cms.page\", \"fields\": {\"site\": 1, \"languages\": \"es\", \"parent\": null, \"is_home\": false, \"creation_date\": \"2015-09-14T14:28:55.626Z\", \"soft_root\": false, \"xframe_options\": 0, \"template\": \"INHERIT\", \"login_required\": false, \"path\": \"0007\", \"navigation_extenders\": null, \"publication_end_date\": null, \"limit_visibility_in_menu\": null, \"depth\": 1, \"application_namespace\": null, \"created_by\": \"contextinformatic@gmail.com\", \"publication_date\": \"2015-09-14T14:29:05.779Z\", \"changed_date\": \"2015-09-15T18:46:06.446Z\", \"in_navigation\": true, \"revision_id\": 0, \"placeholders\": [13], \"changed_by\": \"contextinformatic@gmail.com\", \"reverse_id\": null, \"application_urls\": null, \"numchild\": 0}}]",
    "content_type": 2,
    "revision": 118,
    "object_id_int": 8,
    "object_id": "8",
    "object_repr": "NOSOTROS"
  },
  "model": "reversion.version",
  "pk": 1876
},
{
  "fields": {
    "format": "json",
    "serialized_data": "[{\"pk\": 104, \"model\": \"cms.cmsplugin\", \"fields\": {\"changed_date\": \"2015-09-15T18:46:17.848Z\", \"parent\": null, \"plugin_type\": \"TextPlugin\", \"placeholder\": 13, \"depth\": 1, \"position\": 0, \"numchild\": 0, \"creation_date\": \"2015-09-15T18:46:17.840Z\", \"path\": \"000R\", \"language\": \"es\"}}]",
    "content_type": 6,
    "revision": 118,
    "object_id_int": 104,
    "object_id": "104",
    "object_repr": "104"
  },
  "model": "reversion.version",
  "pk": 1877
},
{
  "fields": {
    "format": "json",
    "serialized_data": "[{\"pk\": 13, \"model\": \"cms.placeholder\", \"fields\": {\"slot\": \"content\", \"default_width\": null}}]",
    "content_type": 1,
    "revision": 118,
    "object_id_int": 13,
    "object_id": "13",
    "object_repr": "content"
  },
  "model": "reversion.version",
  "pk": 1878
},
{
  "fields": {
    "format": "json",
    "serialized_data": "[{\"pk\": 8, \"model\": \"cms.title\", \"fields\": {\"meta_description\": \"\", \"creation_date\": \"2015-09-14T14:28:55.905Z\", \"slug\": \"nosotros\", \"menu_title\": \"NOSOTROS\", \"page_title\": \"nosotros\", \"page\": 8, \"path\": \"nosotros\", \"language\": \"es\", \"published\": true, \"title\": \"Nosotros\", \"redirect\": null, \"has_url_overwrite\": false}}]",
    "content_type": 10,
    "revision": 118,
    "object_id_int": 8,
    "object_id": "8",
    "object_repr": "Nosotros (nosotros, es)"
  },
  "model": "reversion.version",
  "pk": 1879
},
{
  "fields": {
    "format": "json",
    "serialized_data": "[{\"pk\": 8, \"model\": \"cms.page\", \"fields\": {\"site\": 1, \"languages\": \"es\", \"parent\": null, \"is_home\": false, \"creation_date\": \"2015-09-14T14:28:55.626Z\", \"soft_root\": false, \"xframe_options\": 0, \"template\": \"INHERIT\", \"login_required\": false, \"path\": \"0007\", \"navigation_extenders\": null, \"publication_end_date\": null, \"limit_visibility_in_menu\": null, \"depth\": 1, \"application_namespace\": null, \"created_by\": \"contextinformatic@gmail.com\", \"publication_date\": \"2015-09-14T14:29:05.779Z\", \"changed_date\": \"2015-09-15T18:46:17.873Z\", \"in_navigation\": true, \"revision_id\": 0, \"placeholders\": [13], \"changed_by\": \"contextinformatic@gmail.com\", \"reverse_id\": null, \"application_urls\": null, \"numchild\": 0}}]",
    "content_type": 2,
    "revision": 119,
    "object_id_int": 8,
    "object_id": "8",
    "object_repr": "NOSOTROS"
  },
  "model": "reversion.version",
  "pk": 1880
},
{
  "fields": {
    "format": "json",
    "serialized_data": "[{\"pk\": 104, \"model\": \"djangocms_text_ckeditor.text\", \"fields\": {\"body\": \"<div class=\\\"content-title\\\">\\n<div class=\\\"title\\\">Quienes somos?</div>\\n</div>\\n\\n<p>Somos un emprendimiento hijo de la d\\u00e9cada ganada, nacidos a partir de las pol\\u00edticas nacionales orientadas al desarrollo de la industria nacional. Nuestro objetivo no es solo crear cosas que se vean bien bonitas y de la mas alta calidades, si no ademas, producir contenidos, demostrando otra vez, que la pol\\u00edtica lo atraviesa todo, librando as\\u00ed la batalla cultural contra las modas importadas. Nos proponemos llevar la m\\u00edstica militante a todos los rincones, logrando que al ponerte la pilcha que mas te gusta sientas no solo la elegancia de quien luce la novedad, sino esa sensaci\\u00f3n de orgullo que nace desde el pecho que solo se siente cuando se milita una idea, cuando se hace patria, sea desde el lugar que sea. Ahora ya nos conoces, asi que... si te late como a nosotros, te invitamos a que te pongas la camiseta que mas te guste y... a la cancha carajo!!!\\u00a0</p>\\n\"}}]",
    "content_type": 14,
    "revision": 119,
    "object_id_int": 104,
    "object_id": "104",
    "object_repr": "Quienes somos? Somos..."
  },
  "model": "reversion.version",
  "pk": 1881
},
{
  "fields": {
    "format": "json",
    "serialized_data": "[{\"pk\": 13, \"model\": \"cms.placeholder\", \"fields\": {\"slot\": \"content\", \"default_width\": null}}]",
    "content_type": 1,
    "revision": 119,
    "object_id_int": 13,
    "object_id": "13",
    "object_repr": "content"
  },
  "model": "reversion.version",
  "pk": 1882
},
{
  "fields": {
    "format": "json",
    "serialized_data": "[{\"pk\": 104, \"model\": \"cms.cmsplugin\", \"fields\": {\"changed_date\": \"2015-09-15T18:48:07.734Z\", \"parent\": null, \"plugin_type\": \"TextPlugin\", \"placeholder\": 13, \"depth\": 1, \"position\": 0, \"numchild\": 0, \"creation_date\": \"2015-09-15T18:46:17.840Z\", \"path\": \"000R\", \"language\": \"es\"}}]",
    "content_type": 6,
    "revision": 119,
    "object_id_int": 104,
    "object_id": "104",
    "object_repr": "104"
  },
  "model": "reversion.version",
  "pk": 1883
},
{
  "fields": {
    "format": "json",
    "serialized_data": "[{\"pk\": 8, \"model\": \"cms.title\", \"fields\": {\"meta_description\": \"\", \"creation_date\": \"2015-09-14T14:28:55.905Z\", \"slug\": \"nosotros\", \"menu_title\": \"NOSOTROS\", \"page_title\": \"nosotros\", \"page\": 8, \"path\": \"nosotros\", \"language\": \"es\", \"published\": true, \"title\": \"Nosotros\", \"redirect\": null, \"has_url_overwrite\": false}}]",
    "content_type": 10,
    "revision": 119,
    "object_id_int": 8,
    "object_id": "8",
    "object_repr": "Nosotros (nosotros, es)"
  },
  "model": "reversion.version",
  "pk": 1884
},
{
  "fields": {
    "format": "json",
    "serialized_data": "[{\"pk\": 8, \"model\": \"cms.page\", \"fields\": {\"site\": 1, \"languages\": \"es\", \"parent\": null, \"is_home\": false, \"creation_date\": \"2015-09-14T14:28:55.626Z\", \"soft_root\": false, \"xframe_options\": 0, \"template\": \"INHERIT\", \"login_required\": false, \"path\": \"0007\", \"navigation_extenders\": null, \"publication_end_date\": null, \"limit_visibility_in_menu\": null, \"depth\": 1, \"application_namespace\": null, \"created_by\": \"contextinformatic@gmail.com\", \"publication_date\": \"2015-09-14T14:29:05.779Z\", \"changed_date\": \"2015-09-15T18:48:07.937Z\", \"in_navigation\": true, \"revision_id\": 0, \"placeholders\": [13], \"changed_by\": \"contextinformatic@gmail.com\", \"reverse_id\": null, \"application_urls\": null, \"numchild\": 0}}]",
    "content_type": 2,
    "revision": 120,
    "object_id_int": 8,
    "object_id": "8",
    "object_repr": "NOSOTROS"
  },
  "model": "reversion.version",
  "pk": 1885
},
{
  "fields": {
    "format": "json",
    "serialized_data": "[{\"pk\": 104, \"model\": \"djangocms_text_ckeditor.text\", \"fields\": {\"body\": \"<div class=\\\"content-title\\\">\\n<div class=\\\"title\\\">Quienes somos?</div>\\n<div class=\\\"lg-margin\\\"></div>\\n</div>\\n\\n<p>Somos un emprendimiento hijo de la d\\u00e9cada ganada, nacidos a partir de las pol\\u00edticas nacionales orientadas al desarrollo de la industria nacional. Nuestro objetivo no es solo crear cosas que se vean bien bonitas y de la mas alta calidades, si no ademas, producir contenidos, demostrando otra vez, que la pol\\u00edtica lo atraviesa todo, librando as\\u00ed la batalla cultural contra las modas importadas. Nos proponemos llevar la m\\u00edstica militante a todos los rincones, logrando que al ponerte la pilcha que mas te gusta sientas no solo la elegancia de quien luce la novedad, sino esa sensaci\\u00f3n de orgullo que nace desde el pecho que solo se siente cuando se milita una idea, cuando se hace patria, sea desde el lugar que sea. Ahora ya nos conoces, asi que... si te late como a nosotros, te invitamos a que te pongas la camiseta que mas te guste y... a la cancha carajo!!!\\u00a0</p>\\n\"}}]",
    "content_type": 14,
    "revision": 120,
    "object_id_int": 104,
    "object_id": "104",
    "object_repr": "Quienes somos? Somos..."
  },
  "model": "reversion.version",
  "pk": 1886
},
{
  "fields": {
    "format": "json",
    "serialized_data": "[{\"pk\": 13, \"model\": \"cms.placeholder\", \"fields\": {\"slot\": \"content\", \"default_width\": null}}]",
    "content_type": 1,
    "revision": 120,
    "object_id_int": 13,
    "object_id": "13",
    "object_repr": "content"
  },
  "model": "reversion.version",
  "pk": 1887
},
{
  "fields": {
    "format": "json",
    "serialized_data": "[{\"pk\": 104, \"model\": \"cms.cmsplugin\", \"fields\": {\"changed_date\": \"2015-09-15T18:54:32.730Z\", \"parent\": null, \"plugin_type\": \"TextPlugin\", \"placeholder\": 13, \"depth\": 1, \"position\": 0, \"numchild\": 0, \"creation_date\": \"2015-09-15T18:46:17.840Z\", \"path\": \"000R\", \"language\": \"es\"}}]",
    "content_type": 6,
    "revision": 120,
    "object_id_int": 104,
    "object_id": "104",
    "object_repr": "104"
  },
  "model": "reversion.version",
  "pk": 1888
},
{
  "fields": {
    "format": "json",
    "serialized_data": "[{\"pk\": 8, \"model\": \"cms.title\", \"fields\": {\"meta_description\": \"\", \"creation_date\": \"2015-09-14T14:28:55.905Z\", \"slug\": \"nosotros\", \"menu_title\": \"NOSOTROS\", \"page_title\": \"nosotros\", \"page\": 8, \"path\": \"nosotros\", \"language\": \"es\", \"published\": true, \"title\": \"Nosotros\", \"redirect\": null, \"has_url_overwrite\": false}}]",
    "content_type": 10,
    "revision": 120,
    "object_id_int": 8,
    "object_id": "8",
    "object_repr": "Nosotros (nosotros, es)"
  },
  "model": "reversion.version",
  "pk": 1889
},
{
  "fields": {
    "format": "json",
    "serialized_data": "[{\"pk\": 8, \"model\": \"cms.page\", \"fields\": {\"site\": 1, \"languages\": \"es\", \"parent\": null, \"is_home\": false, \"creation_date\": \"2015-09-14T14:28:55.626Z\", \"soft_root\": false, \"xframe_options\": 0, \"template\": \"INHERIT\", \"login_required\": false, \"path\": \"0007\", \"navigation_extenders\": null, \"publication_end_date\": null, \"limit_visibility_in_menu\": null, \"depth\": 1, \"application_namespace\": null, \"created_by\": \"contextinformatic@gmail.com\", \"publication_date\": \"2015-09-14T14:29:05.779Z\", \"changed_date\": \"2015-09-15T18:54:33.021Z\", \"in_navigation\": true, \"revision_id\": 0, \"placeholders\": [13], \"changed_by\": \"contextinformatic@gmail.com\", \"reverse_id\": null, \"application_urls\": null, \"numchild\": 0}}]",
    "content_type": 2,
    "revision": 121,
    "object_id_int": 8,
    "object_id": "8",
    "object_repr": "NOSOTROS"
  },
  "model": "reversion.version",
  "pk": 1890
},
{
  "fields": {
    "format": "json",
    "serialized_data": "[{\"pk\": 104, \"model\": \"djangocms_text_ckeditor.text\", \"fields\": {\"body\": \"<div class=\\\"content-title\\\">\\n<h1 class=\\\"title\\\">\\u00bfQuienes somos?</h1>\\n\\n<div class=\\\"md-margin\\\"></div>\\n</div>\\n\\n<p>Somos un emprendimiento hijo de la d\\u00e9cada ganada, nacidos a partir de las pol\\u00edticas nacionales orientadas al desarrollo de la industria nacional. Nuestro objetivo no es solo crear cosas que se vean bien bonitas y de la mas alta calidades, si no ademas, producir contenidos, demostrando otra vez, que la pol\\u00edtica lo atraviesa todo, librando as\\u00ed la batalla cultural contra las modas importadas. Nos proponemos llevar la m\\u00edstica militante a todos los rincones, logrando que al ponerte la pilcha que mas te gusta sientas no solo la elegancia de quien luce la novedad, sino esa sensaci\\u00f3n de orgullo que nace desde el pecho que solo se siente cuando se milita una idea, cuando se hace patria, sea desde el lugar que sea. Ahora ya nos conoces, asi que... si te late como a nosotros, te invitamos a que te pongas la camiseta que mas te guste y... a la cancha carajo!!!\\u00a0</p>\\n\"}}]",
    "content_type": 14,
    "revision": 121,
    "object_id_int": 104,
    "object_id": "104",
    "object_repr": "\u00bfQuienes somos? Somos..."
  },
  "model": "reversion.version",
  "pk": 1891
},
{
  "fields": {
    "format": "json",
    "serialized_data": "[{\"pk\": 13, \"model\": \"cms.placeholder\", \"fields\": {\"slot\": \"content\", \"default_width\": null}}]",
    "content_type": 1,
    "revision": 121,
    "object_id_int": 13,
    "object_id": "13",
    "object_repr": "content"
  },
  "model": "reversion.version",
  "pk": 1892
},
{
  "fields": {
    "format": "json",
    "serialized_data": "[{\"pk\": 104, \"model\": \"cms.cmsplugin\", \"fields\": {\"changed_date\": \"2015-09-15T18:56:32.546Z\", \"parent\": null, \"plugin_type\": \"TextPlugin\", \"placeholder\": 13, \"depth\": 1, \"position\": 0, \"numchild\": 0, \"creation_date\": \"2015-09-15T18:46:17.840Z\", \"path\": \"000R\", \"language\": \"es\"}}]",
    "content_type": 6,
    "revision": 121,
    "object_id_int": 104,
    "object_id": "104",
    "object_repr": "104"
  },
  "model": "reversion.version",
  "pk": 1893
},
{
  "fields": {
    "format": "json",
    "serialized_data": "[{\"pk\": 8, \"model\": \"cms.title\", \"fields\": {\"meta_description\": \"\", \"creation_date\": \"2015-09-14T14:28:55.905Z\", \"slug\": \"nosotros\", \"menu_title\": \"NOSOTROS\", \"page_title\": \"nosotros\", \"page\": 8, \"path\": \"nosotros\", \"language\": \"es\", \"published\": true, \"title\": \"Nosotros\", \"redirect\": null, \"has_url_overwrite\": false}}]",
    "content_type": 10,
    "revision": 121,
    "object_id_int": 8,
    "object_id": "8",
    "object_repr": "Nosotros (nosotros, es)"
  },
  "model": "reversion.version",
  "pk": 1894
},
{
  "fields": {
    "format": "json",
    "serialized_data": "[{\"pk\": 104, \"model\": \"djangocms_text_ckeditor.text\", \"fields\": {\"body\": \"<div class=\\\"content-title\\\">\\n<h1 class=\\\"title\\\">\\u00bfQuienes somos?</h1>\\n\\n<div class=\\\"md-margin\\\"></div>\\n</div>\\n\\n<p>Somos un emprendimiento hijo de la d\\u00e9cada ganada, nacidos a partir de las pol\\u00edticas nacionales orientadas al desarrollo de la industria nacional. Nuestro objetivo no es solo crear cosas que se vean bien bonitas y de la mas alta calidades, si no ademas, producir contenidos, demostrando otra vez, que la pol\\u00edtica lo atraviesa todo, librando as\\u00ed la batalla cultural contra las modas importadas. Nos proponemos llevar la m\\u00edstica militante a todos los rincones, logrando que al ponerte la pilcha que mas te gusta sientas no solo la elegancia de quien luce la novedad, sino esa sensaci\\u00f3n de orgullo que nace desde el pecho que solo se siente cuando se milita una idea, cuando se hace patria, sea desde el lugar que sea. Ahora ya nos conoces, asi que... si te late como a nosotros, te invitamos a que te pongas la camiseta que mas te guste y... a la cancha carajo!!!\\u00a0</p>\\n\"}}]",
    "content_type": 14,
    "revision": 122,
    "object_id_int": 104,
    "object_id": "104",
    "object_repr": "\u00bfQuienes somos? Somos..."
  },
  "model": "reversion.version",
  "pk": 1895
},
{
  "fields": {
    "format": "json",
    "serialized_data": "[{\"pk\": 8, \"model\": \"cms.title\", \"fields\": {\"meta_description\": \"\", \"creation_date\": \"2015-09-14T14:28:55.905Z\", \"slug\": \"nosotros\", \"menu_title\": \"NOSOTROS\", \"page_title\": \"nosotros\", \"page\": 8, \"path\": \"nosotros\", \"language\": \"es\", \"published\": true, \"title\": \"Nosotros\", \"redirect\": null, \"has_url_overwrite\": false}}]",
    "content_type": 10,
    "revision": 122,
    "object_id_int": 8,
    "object_id": "8",
    "object_repr": "Nosotros (nosotros, es)"
  },
  "model": "reversion.version",
  "pk": 1896
},
{
  "fields": {
    "format": "json",
    "serialized_data": "[{\"pk\": 105, \"model\": \"cms.cmsplugin\", \"fields\": {\"changed_date\": \"2015-09-15T18:56:53.833Z\", \"parent\": 104, \"plugin_type\": \"PicturePlugin\", \"placeholder\": 13, \"depth\": 2, \"position\": 0, \"numchild\": 0, \"creation_date\": \"2015-09-15T18:56:53.825Z\", \"path\": \"000R0001\", \"language\": \"es\"}}]",
    "content_type": 6,
    "revision": 122,
    "object_id_int": 105,
    "object_id": "105",
    "object_repr": "105"
  },
  "model": "reversion.version",
  "pk": 1897
},
{
  "fields": {
    "format": "json",
    "serialized_data": "[{\"pk\": 8, \"model\": \"cms.page\", \"fields\": {\"site\": 1, \"languages\": \"es\", \"parent\": null, \"is_home\": false, \"creation_date\": \"2015-09-14T14:28:55.626Z\", \"soft_root\": false, \"xframe_options\": 0, \"template\": \"INHERIT\", \"login_required\": false, \"path\": \"0007\", \"navigation_extenders\": null, \"publication_end_date\": null, \"limit_visibility_in_menu\": null, \"depth\": 1, \"application_namespace\": null, \"created_by\": \"contextinformatic@gmail.com\", \"publication_date\": \"2015-09-14T14:29:05.779Z\", \"changed_date\": \"2015-09-15T18:56:32.758Z\", \"in_navigation\": true, \"revision_id\": 0, \"placeholders\": [13], \"changed_by\": \"contextinformatic@gmail.com\", \"reverse_id\": null, \"application_urls\": null, \"numchild\": 0}}]",
    "content_type": 2,
    "revision": 122,
    "object_id_int": 8,
    "object_id": "8",
    "object_repr": "NOSOTROS"
  },
  "model": "reversion.version",
  "pk": 1898
},
{
  "fields": {
    "format": "json",
    "serialized_data": "[{\"pk\": 104, \"model\": \"cms.cmsplugin\", \"fields\": {\"changed_date\": \"2015-09-15T18:56:32.546Z\", \"parent\": null, \"plugin_type\": \"TextPlugin\", \"placeholder\": 13, \"depth\": 1, \"position\": 0, \"numchild\": 1, \"creation_date\": \"2015-09-15T18:46:17.840Z\", \"path\": \"000R\", \"language\": \"es\"}}]",
    "content_type": 6,
    "revision": 122,
    "object_id_int": 104,
    "object_id": "104",
    "object_repr": "104"
  },
  "model": "reversion.version",
  "pk": 1899
},
{
  "fields": {
    "format": "json",
    "serialized_data": "[{\"pk\": 13, \"model\": \"cms.placeholder\", \"fields\": {\"slot\": \"content\", \"default_width\": null}}]",
    "content_type": 1,
    "revision": 122,
    "object_id_int": 13,
    "object_id": "13",
    "object_repr": "content"
  },
  "model": "reversion.version",
  "pk": 1900
},
{
  "fields": {
    "format": "json",
    "serialized_data": "[{\"pk\": 104, \"model\": \"cms.cmsplugin\", \"fields\": {\"changed_date\": \"2015-09-15T18:56:32.546Z\", \"parent\": null, \"plugin_type\": \"TextPlugin\", \"placeholder\": 13, \"depth\": 1, \"position\": 0, \"numchild\": 1, \"creation_date\": \"2015-09-15T18:46:17.840Z\", \"path\": \"000R\", \"language\": \"es\"}}]",
    "content_type": 6,
    "revision": 123,
    "object_id_int": 104,
    "object_id": "104",
    "object_repr": "104"
  },
  "model": "reversion.version",
  "pk": 1901
},
{
  "fields": {
    "format": "json",
    "serialized_data": "[{\"pk\": 8, \"model\": \"cms.page\", \"fields\": {\"site\": 1, \"languages\": \"es\", \"parent\": null, \"is_home\": false, \"creation_date\": \"2015-09-14T14:28:55.626Z\", \"soft_root\": false, \"xframe_options\": 0, \"template\": \"INHERIT\", \"login_required\": false, \"path\": \"0007\", \"navigation_extenders\": null, \"publication_end_date\": null, \"limit_visibility_in_menu\": null, \"depth\": 1, \"application_namespace\": null, \"created_by\": \"contextinformatic@gmail.com\", \"publication_date\": \"2015-09-14T14:29:05.779Z\", \"changed_date\": \"2015-09-15T18:56:53.869Z\", \"in_navigation\": true, \"revision_id\": 0, \"placeholders\": [13], \"changed_by\": \"contextinformatic@gmail.com\", \"reverse_id\": null, \"application_urls\": null, \"numchild\": 0}}]",
    "content_type": 2,
    "revision": 123,
    "object_id_int": 8,
    "object_id": "8",
    "object_repr": "NOSOTROS"
  },
  "model": "reversion.version",
  "pk": 1902
},
{
  "fields": {
    "format": "json",
    "serialized_data": "[{\"pk\": 105, \"model\": \"djangocms_picture.picture\", \"fields\": {\"longdesc\": \"\", \"float\": \"right\", \"page_link\": null, \"url\": \"\", \"image\": \"cms_page_media/8/pantalon-algodon-bebe1.jpg\", \"alt\": \"\"}}]",
    "content_type": 29,
    "revision": 123,
    "object_id_int": 105,
    "object_id": "105",
    "object_repr": "pantalon-algodon-bebe1.jpg"
  },
  "model": "reversion.version",
  "pk": 1903
},
{
  "fields": {
    "format": "json",
    "serialized_data": "[{\"pk\": 104, \"model\": \"djangocms_text_ckeditor.text\", \"fields\": {\"body\": \"<div class=\\\"content-title\\\">\\n<h1 class=\\\"title\\\">\\u00bfQuienes somos?</h1>\\n\\n<div class=\\\"md-margin\\\"></div>\\n</div>\\n\\n<p>Somos un emprendimiento hijo de la d\\u00e9cada ganada, nacidos a partir de las pol\\u00edticas nacionales orientadas al desarrollo de la industria nacional. Nuestro objetivo no es solo crear cosas que se vean bien bonitas y de la mas alta calidades, si no ademas, producir contenidos, demostrando otra vez, que la pol\\u00edtica lo atraviesa todo, librando as\\u00ed la batalla cultural contra las modas importadas. Nos proponemos llevar la m\\u00edstica militante a todos los rincones, logrando que al ponerte la pilcha que mas te gusta sientas no solo la elegancia de quien luce la novedad, sino esa sensaci\\u00f3n de orgullo que nace desde el pecho que solo se siente cuando se milita una idea, cuando se hace patria, sea desde el lugar que sea. Ahora ya nos conoces, asi que... si te late como a nosotros, te invitamos a que te pongas la camiseta que mas te guste y... a la cancha carajo!!!\\u00a0</p>\\n\"}}]",
    "content_type": 14,
    "revision": 123,
    "object_id_int": 104,
    "object_id": "104",
    "object_repr": "\u00bfQuienes somos? Somos..."
  },
  "model": "reversion.version",
  "pk": 1904
},
{
  "fields": {
    "format": "json",
    "serialized_data": "[{\"pk\": 105, \"model\": \"cms.cmsplugin\", \"fields\": {\"changed_date\": \"2015-09-15T18:57:24.825Z\", \"parent\": 104, \"plugin_type\": \"PicturePlugin\", \"placeholder\": 13, \"depth\": 2, \"position\": 0, \"numchild\": 0, \"creation_date\": \"2015-09-15T18:56:53.825Z\", \"path\": \"000R0001\", \"language\": \"es\"}}]",
    "content_type": 6,
    "revision": 123,
    "object_id_int": 105,
    "object_id": "105",
    "object_repr": "105"
  },
  "model": "reversion.version",
  "pk": 1905
},
{
  "fields": {
    "format": "json",
    "serialized_data": "[{\"pk\": 13, \"model\": \"cms.placeholder\", \"fields\": {\"slot\": \"content\", \"default_width\": null}}]",
    "content_type": 1,
    "revision": 123,
    "object_id_int": 13,
    "object_id": "13",
    "object_repr": "content"
  },
  "model": "reversion.version",
  "pk": 1906
},
{
  "fields": {
    "format": "json",
    "serialized_data": "[{\"pk\": 8, \"model\": \"cms.title\", \"fields\": {\"meta_description\": \"\", \"creation_date\": \"2015-09-14T14:28:55.905Z\", \"slug\": \"nosotros\", \"menu_title\": \"NOSOTROS\", \"page_title\": \"nosotros\", \"page\": 8, \"path\": \"nosotros\", \"language\": \"es\", \"published\": true, \"title\": \"Nosotros\", \"redirect\": null, \"has_url_overwrite\": false}}]",
    "content_type": 10,
    "revision": 123,
    "object_id_int": 8,
    "object_id": "8",
    "object_repr": "Nosotros (nosotros, es)"
  },
  "model": "reversion.version",
  "pk": 1907
},
{
  "fields": {
    "format": "json",
    "serialized_data": "[{\"pk\": 104, \"model\": \"cms.cmsplugin\", \"fields\": {\"changed_date\": \"2015-09-15T18:57:37.342Z\", \"parent\": null, \"plugin_type\": \"TextPlugin\", \"placeholder\": 13, \"depth\": 1, \"position\": 0, \"numchild\": 1, \"creation_date\": \"2015-09-15T18:46:17.840Z\", \"path\": \"000R\", \"language\": \"es\"}}]",
    "content_type": 6,
    "revision": 124,
    "object_id_int": 104,
    "object_id": "104",
    "object_repr": "104"
  },
  "model": "reversion.version",
  "pk": 1908
},
{
  "fields": {
    "format": "json",
    "serialized_data": "[{\"pk\": 8, \"model\": \"cms.page\", \"fields\": {\"site\": 1, \"languages\": \"es\", \"parent\": null, \"is_home\": false, \"creation_date\": \"2015-09-14T14:28:55.626Z\", \"soft_root\": false, \"xframe_options\": 0, \"template\": \"INHERIT\", \"login_required\": false, \"path\": \"0007\", \"navigation_extenders\": null, \"publication_end_date\": null, \"limit_visibility_in_menu\": null, \"depth\": 1, \"application_namespace\": null, \"created_by\": \"contextinformatic@gmail.com\", \"publication_date\": \"2015-09-14T14:29:05.779Z\", \"changed_date\": \"2015-09-15T18:57:25.022Z\", \"in_navigation\": true, \"revision_id\": 0, \"placeholders\": [13], \"changed_by\": \"contextinformatic@gmail.com\", \"reverse_id\": null, \"application_urls\": null, \"numchild\": 0}}]",
    "content_type": 2,
    "revision": 124,
    "object_id_int": 8,
    "object_id": "8",
    "object_repr": "NOSOTROS"
  },
  "model": "reversion.version",
  "pk": 1909
},
{
  "fields": {
    "format": "json",
    "serialized_data": "[{\"pk\": 105, \"model\": \"djangocms_picture.picture\", \"fields\": {\"longdesc\": \"\", \"float\": \"right\", \"page_link\": null, \"url\": \"\", \"image\": \"cms_page_media/8/pantalon-algodon-bebe1.jpg\", \"alt\": \"\"}}]",
    "content_type": 29,
    "revision": 124,
    "object_id_int": 105,
    "object_id": "105",
    "object_repr": "pantalon-algodon-bebe1.jpg"
  },
  "model": "reversion.version",
  "pk": 1910
},
{
  "fields": {
    "format": "json",
    "serialized_data": "[{\"pk\": 104, \"model\": \"djangocms_text_ckeditor.text\", \"fields\": {\"body\": \"<div class=\\\"content-title\\\">\\n<h1 class=\\\"title\\\">\\u00bfQuienes somos?</h1>\\n\\n<div class=\\\"md-margin\\\">\\u00a0</div>\\n</div>\\n\\n<p>Somos un emprendimiento hijo de la d\\u00e9cada ganada, nacidos a partir de las pol\\u00edticas nacionales orientadas al desarrollo de la industria nacional. Nuestro objetivo no es solo crear cosas que se vean bien bonitas y de la mas alta calidades, si no ademas, producir contenidos, demostrando otra vez, que la pol\\u00edtica lo atraviesa todo, librando as\\u00ed la batalla cultural contra las modas importadas. Nos proponemos llevar la m\\u00edstica militante a todos los rincones, logrando que al ponerte la pilcha que mas te gusta sientas no solo la elegancia de quien luce la novedad, sino esa sensaci\\u00f3n de orgullo que nace desde el pecho que solo se siente cuando se milita una idea, cuando se hace patria, sea desde el lugar que sea. Ahora ya nos conoces, asi que... si te late como a nosotros, te invitamos a que te pongas la camiseta que mas te guste y... a la cancha carajo!!!\\u00a0<img alt=\\\"Foto\\\" src=\\\"/static/cms/img/icons/plugins/image.png\\\" title=\\\"Foto - pantalon-algodon-bebe1.jpg\\\" id=\\\"plugin_obj_105\\\"></p>\\n\"}}]",
    "content_type": 14,
    "revision": 124,
    "object_id_int": 104,
    "object_id": "104",
    "object_repr": "\u00bfQuienes somos? Somos..."
  },
  "model": "reversion.version",
  "pk": 1911
},
{
  "fields": {
    "format": "json",
    "serialized_data": "[{\"pk\": 105, \"model\": \"cms.cmsplugin\", \"fields\": {\"changed_date\": \"2015-09-15T18:57:24.825Z\", \"parent\": 104, \"plugin_type\": \"PicturePlugin\", \"placeholder\": 13, \"depth\": 2, \"position\": 0, \"numchild\": 0, \"creation_date\": \"2015-09-15T18:56:53.825Z\", \"path\": \"000R0001\", \"language\": \"es\"}}]",
    "content_type": 6,
    "revision": 124,
    "object_id_int": 105,
    "object_id": "105",
    "object_repr": "105"
  },
  "model": "reversion.version",
  "pk": 1912
},
{
  "fields": {
    "format": "json",
    "serialized_data": "[{\"pk\": 13, \"model\": \"cms.placeholder\", \"fields\": {\"slot\": \"content\", \"default_width\": null}}]",
    "content_type": 1,
    "revision": 124,
    "object_id_int": 13,
    "object_id": "13",
    "object_repr": "content"
  },
  "model": "reversion.version",
  "pk": 1913
},
{
  "fields": {
    "format": "json",
    "serialized_data": "[{\"pk\": 8, \"model\": \"cms.title\", \"fields\": {\"meta_description\": \"\", \"creation_date\": \"2015-09-14T14:28:55.905Z\", \"slug\": \"nosotros\", \"menu_title\": \"NOSOTROS\", \"page_title\": \"nosotros\", \"page\": 8, \"path\": \"nosotros\", \"language\": \"es\", \"published\": true, \"title\": \"Nosotros\", \"redirect\": null, \"has_url_overwrite\": false}}]",
    "content_type": 10,
    "revision": 124,
    "object_id_int": 8,
    "object_id": "8",
    "object_repr": "Nosotros (nosotros, es)"
  },
  "model": "reversion.version",
  "pk": 1914
},
{
  "fields": {
    "format": "json",
    "serialized_data": "[{\"pk\": 8, \"model\": \"cms.page\", \"fields\": {\"site\": 1, \"languages\": \"es\", \"parent\": null, \"is_home\": false, \"creation_date\": \"2015-09-14T14:28:55.626Z\", \"soft_root\": false, \"xframe_options\": 0, \"template\": \"INHERIT\", \"login_required\": false, \"path\": \"0007\", \"navigation_extenders\": null, \"publication_end_date\": null, \"limit_visibility_in_menu\": null, \"depth\": 1, \"application_namespace\": null, \"created_by\": \"contextinformatic@gmail.com\", \"publication_date\": \"2015-09-14T14:29:05.779Z\", \"changed_date\": \"2015-09-15T18:57:37.659Z\", \"in_navigation\": true, \"revision_id\": 0, \"placeholders\": [13], \"changed_by\": \"contextinformatic@gmail.com\", \"reverse_id\": null, \"application_urls\": null, \"numchild\": 0}}]",
    "content_type": 2,
    "revision": 125,
    "object_id_int": 8,
    "object_id": "8",
    "object_repr": "NOSOTROS"
  },
  "model": "reversion.version",
  "pk": 1915
},
{
  "fields": {
    "format": "json",
    "serialized_data": "[{\"pk\": 104, \"model\": \"djangocms_text_ckeditor.text\", \"fields\": {\"body\": \"<div class=\\\"content-title\\\">\\n<h1 class=\\\"title\\\">\\u00bfQuienes somos?</h1>\\n\\n<div class=\\\"md-margin\\\">\\u00a0</div>\\n</div>\\n\\n<p>Somos un emprendimiento hijo de la d\\u00e9cada ganada, nacidos a partir de las pol\\u00edticas nacionales orientadas al desarrollo de la industria nacional. Nuestro objetivo no es solo crear cosas que se vean bien bonitas y de la mas alta calidades, si no ademas, producir contenidos, demostrando otra vez, que la pol\\u00edtica lo atraviesa todo, librando as\\u00ed la batalla cultural contra las modas importadas. Nos proponemos llevar la m\\u00edstica militante a todos los rincones, logrando que al ponerte la pilcha que mas te gusta sientas no solo la elegancia de quien luce la novedad, sino esa sensaci\\u00f3n de orgullo que nace desde el pecho que solo se siente cuando se milita una idea, cuando se hace patria, sea desde el lugar que sea. Ahora ya nos conoces, asi que... si te late como a nosotros, te invitamos a que te pongas la camiseta que mas te guste y... a la cancha carajo!!!\\u00a0</p>\\n\"}}]",
    "content_type": 14,
    "revision": 125,
    "object_id_int": 104,
    "object_id": "104",
    "object_repr": "\u00bfQuienes somos? Somos..."
  },
  "model": "reversion.version",
  "pk": 1916
},
{
  "fields": {
    "format": "json",
    "serialized_data": "[{\"pk\": 13, \"model\": \"cms.placeholder\", \"fields\": {\"slot\": \"content\", \"default_width\": null}}]",
    "content_type": 1,
    "revision": 125,
    "object_id_int": 13,
    "object_id": "13",
    "object_repr": "content"
  },
  "model": "reversion.version",
  "pk": 1917
},
{
  "fields": {
    "format": "json",
    "serialized_data": "[{\"pk\": 104, \"model\": \"cms.cmsplugin\", \"fields\": {\"changed_date\": \"2015-09-15T18:58:38.292Z\", \"parent\": null, \"plugin_type\": \"TextPlugin\", \"placeholder\": 13, \"depth\": 1, \"position\": 0, \"numchild\": 0, \"creation_date\": \"2015-09-15T18:46:17.840Z\", \"path\": \"000R\", \"language\": \"es\"}}]",
    "content_type": 6,
    "revision": 125,
    "object_id_int": 104,
    "object_id": "104",
    "object_repr": "104"
  },
  "model": "reversion.version",
  "pk": 1918
},
{
  "fields": {
    "format": "json",
    "serialized_data": "[{\"pk\": 8, \"model\": \"cms.title\", \"fields\": {\"meta_description\": \"\", \"creation_date\": \"2015-09-14T14:28:55.905Z\", \"slug\": \"nosotros\", \"menu_title\": \"NOSOTROS\", \"page_title\": \"nosotros\", \"page\": 8, \"path\": \"nosotros\", \"language\": \"es\", \"published\": true, \"title\": \"Nosotros\", \"redirect\": null, \"has_url_overwrite\": false}}]",
    "content_type": 10,
    "revision": 125,
    "object_id_int": 8,
    "object_id": "8",
    "object_repr": "Nosotros (nosotros, es)"
  },
  "model": "reversion.version",
  "pk": 1919
},
{
  "fields": {
    "format": "json",
    "serialized_data": "[{\"pk\": 3, \"model\": \"cms.title\", \"fields\": {\"meta_description\": \"productos, articulos, remeras, estampados, \", \"creation_date\": \"2015-09-11T21:21:09.622Z\", \"slug\": \"productos\", \"menu_title\": \"PRODUCTOS\", \"page_title\": \"Productos\", \"page\": 3, \"path\": \"productos\", \"language\": \"es\", \"published\": true, \"title\": \"Productos\", \"redirect\": \"\", \"has_url_overwrite\": true}}]",
    "content_type": 10,
    "revision": 126,
    "object_id_int": 3,
    "object_id": "3",
    "object_repr": "Productos (productos, es)"
  },
  "model": "reversion.version",
  "pk": 1920
},
{
  "fields": {
    "format": "json",
    "serialized_data": "[{\"pk\": 3, \"model\": \"cms.page\", \"fields\": {\"site\": 1, \"languages\": \"es\", \"parent\": null, \"is_home\": false, \"creation_date\": \"2015-09-11T21:21:09.448Z\", \"soft_root\": false, \"xframe_options\": 0, \"template\": \"feature.html\", \"login_required\": false, \"path\": \"0003\", \"navigation_extenders\": \"\", \"publication_end_date\": null, \"limit_visibility_in_menu\": null, \"depth\": 1, \"application_namespace\": \"product\", \"created_by\": \"contextinformatic@gmail.com\", \"publication_date\": \"2015-09-11T21:30:08.393Z\", \"changed_date\": \"2015-09-15T19:05:12.130Z\", \"in_navigation\": true, \"revision_id\": 0, \"placeholders\": [4, 5], \"changed_by\": \"contextinformatic@gmail.com\", \"reverse_id\": \"products\", \"application_urls\": \"ProductsApp\", \"numchild\": 0}}]",
    "content_type": 2,
    "revision": 126,
    "object_id_int": 3,
    "object_id": "3",
    "object_repr": "PRODUCTOS"
  },
  "model": "reversion.version",
  "pk": 1921
},
{
  "fields": {
    "format": "json",
    "serialized_data": "[{\"pk\": 4, \"model\": \"cms.placeholder\", \"fields\": {\"slot\": \"content\", \"default_width\": null}}]",
    "content_type": 1,
    "revision": 126,
    "object_id_int": 4,
    "object_id": "4",
    "object_repr": "content"
  },
  "model": "reversion.version",
  "pk": 1922
},
{
  "fields": {
    "format": "json",
    "serialized_data": "[{\"pk\": 5, \"model\": \"cms.placeholder\", \"fields\": {\"slot\": \"feature\", \"default_width\": null}}]",
    "content_type": 1,
    "revision": 126,
    "object_id_int": 5,
    "object_id": "5",
    "object_repr": "feature"
  },
  "model": "reversion.version",
  "pk": 1923
},
{
  "fields": {
    "format": "json",
    "serialized_data": "[{\"model\": \"cms.page\", \"pk\": 1, \"fields\": {\"reverse_id\": null, \"creation_date\": \"2015-09-11T21:05:15.638Z\", \"navigation_extenders\": null, \"parent\": null, \"xframe_options\": 0, \"languages\": \"es\", \"publication_date\": \"2015-09-11T21:05:16.122Z\", \"changed_date\": \"2015-09-15T20:03:49.683Z\", \"revision_id\": 0, \"numchild\": 0, \"site\": 1, \"limit_visibility_in_menu\": null, \"publication_end_date\": null, \"is_home\": true, \"application_namespace\": null, \"in_navigation\": true, \"path\": \"0001\", \"soft_root\": false, \"placeholders\": [2], \"application_urls\": null, \"changed_by\": \"contextinformatic@gmail.com\", \"created_by\": \"contextinformatic@gmail.com\", \"template\": \"INHERIT\", \"depth\": 1, \"login_required\": false}}]",
    "content_type": 2,
    "revision": 129,
    "object_id_int": 1,
    "object_id": "1",
    "object_repr": "INICIO"
  },
  "model": "reversion.version",
  "pk": 1956
},
{
  "fields": {
    "format": "json",
    "serialized_data": "[{\"model\": \"cms.placeholder\", \"pk\": 2, \"fields\": {\"slot\": \"content\", \"default_width\": null}}]",
    "content_type": 1,
    "revision": 129,
    "object_id_int": 2,
    "object_id": "2",
    "object_repr": "content"
  },
  "model": "reversion.version",
  "pk": 1957
},
{
  "fields": {
    "format": "json",
    "serialized_data": "[{\"model\": \"djangocms_column.multicolumns\", \"pk\": 11, \"fields\": {}}]",
    "content_type": 23,
    "revision": 129,
    "object_id_int": 11,
    "object_id": "11",
    "object_repr": "3 columnas"
  },
  "model": "reversion.version",
  "pk": 1958
},
{
  "fields": {
    "format": "json",
    "serialized_data": "[{\"model\": \"cms.title\", \"pk\": 1, \"fields\": {\"language\": \"es\", \"creation_date\": \"2015-09-11T21:05:15.886Z\", \"redirect\": null, \"path\": \"\", \"menu_title\": \"INICIO\", \"slug\": \"home\", \"has_url_overwrite\": false, \"page_title\": \"Inicio\", \"page\": 1, \"meta_description\": \"productos, articulos, compra, venta\", \"published\": true, \"title\": \"Home\"}}]",
    "content_type": 10,
    "revision": 129,
    "object_id_int": 1,
    "object_id": "1",
    "object_repr": "Home (home, es)"
  },
  "model": "reversion.version",
  "pk": 1959
},
{
  "fields": {
    "format": "json",
    "serialized_data": "[{\"model\": \"djangocms_column.column\", \"pk\": 12, \"fields\": {\"width\": \"33.33%\"}}]",
    "content_type": 22,
    "revision": 129,
    "object_id_int": 12,
    "object_id": "12",
    "object_repr": "33%"
  },
  "model": "reversion.version",
  "pk": 1960
},
{
  "fields": {
    "format": "json",
    "serialized_data": "[{\"model\": \"cms.cmsplugin\", \"pk\": 11, \"fields\": {\"position\": 0, \"changed_date\": \"2015-09-14T14:24:14.466Z\", \"language\": \"es\", \"creation_date\": \"2015-09-12T15:13:01.078Z\", \"plugin_type\": \"MultiColumnPlugin\", \"parent\": null, \"path\": \"0007\", \"depth\": 1, \"numchild\": 3, \"placeholder\": 2}}]",
    "content_type": 6,
    "revision": 129,
    "object_id_int": 11,
    "object_id": "11",
    "object_repr": "11"
  },
  "model": "reversion.version",
  "pk": 1961
},
{
  "fields": {
    "format": "json",
    "serialized_data": "[{\"model\": \"cms.cmsplugin\", \"pk\": 12, \"fields\": {\"position\": 0, \"changed_date\": \"2015-09-15T20:03:04.967Z\", \"language\": \"es\", \"creation_date\": \"2015-09-12T15:13:11.619Z\", \"plugin_type\": \"ColumnPlugin\", \"parent\": 11, \"path\": \"00070001\", \"depth\": 2, \"numchild\": 0, \"placeholder\": 2}}]",
    "content_type": 6,
    "revision": 129,
    "object_id_int": 12,
    "object_id": "12",
    "object_repr": "12"
  },
  "model": "reversion.version",
  "pk": 1962
},
{
  "fields": {
    "format": "json",
    "serialized_data": "[{\"model\": \"cms.cmsplugin\", \"pk\": 2, \"fields\": {\"position\": 1, \"changed_date\": \"2015-09-14T14:24:14.527Z\", \"language\": \"es\", \"creation_date\": \"2015-09-11T21:28:05.004Z\", \"plugin_type\": \"CMSFeaturedProductPlugin\", \"parent\": null, \"path\": \"000I\", \"depth\": 1, \"numchild\": 0, \"placeholder\": 2}}]",
    "content_type": 6,
    "revision": 129,
    "object_id_int": 2,
    "object_id": "2",
    "object_repr": "2"
  },
  "model": "reversion.version",
  "pk": 1963
},
{
  "fields": {
    "format": "json",
    "serialized_data": "[{\"model\": \"djangocms_column.column\", \"pk\": 14, \"fields\": {\"width\": \"33.33%\"}}]",
    "content_type": 22,
    "revision": 129,
    "object_id_int": 14,
    "object_id": "14",
    "object_repr": "33%"
  },
  "model": "reversion.version",
  "pk": 1964
},
{
  "fields": {
    "format": "json",
    "serialized_data": "[{\"model\": \"djangocms_column.column\", \"pk\": 13, \"fields\": {\"width\": \"33.33%\"}}]",
    "content_type": 22,
    "revision": 129,
    "object_id_int": 13,
    "object_id": "13",
    "object_repr": "33%"
  },
  "model": "reversion.version",
  "pk": 1965
},
{
  "fields": {
    "format": "json",
    "serialized_data": "[{\"model\": \"cms.cmsplugin\", \"pk\": 14, \"fields\": {\"position\": 2, \"changed_date\": \"2015-09-15T20:03:48.043Z\", \"language\": \"es\", \"creation_date\": \"2015-09-12T15:13:11.796Z\", \"plugin_type\": \"ColumnPlugin\", \"parent\": 11, \"path\": \"00070003\", \"depth\": 2, \"numchild\": 0, \"placeholder\": 2}}]",
    "content_type": 6,
    "revision": 129,
    "object_id_int": 14,
    "object_id": "14",
    "object_repr": "14"
  },
  "model": "reversion.version",
  "pk": 1966
},
{
  "fields": {
    "format": "json",
    "serialized_data": "[{\"model\": \"pluggin_featured_product.featuredproductplugin\", \"pk\": 2, \"fields\": {\"query\": \"featured\", \"title\": \"Productos destacados\", \"description\": \"Estos son los productos destacados\", \"layout\": \"h\"}}]",
    "content_type": 60,
    "revision": 129,
    "object_id_int": 2,
    "object_id": "2",
    "object_repr": "Productos destacados"
  },
  "model": "reversion.version",
  "pk": 1967
},
{
  "fields": {
    "format": "json",
    "serialized_data": "[{\"model\": \"cms.cmsplugin\", \"pk\": 13, \"fields\": {\"position\": 1, \"changed_date\": \"2015-09-15T20:03:28.610Z\", \"language\": \"es\", \"creation_date\": \"2015-09-12T15:13:11.711Z\", \"plugin_type\": \"ColumnPlugin\", \"parent\": 11, \"path\": \"00070002\", \"depth\": 2, \"numchild\": 0, \"placeholder\": 2}}]",
    "content_type": 6,
    "revision": 129,
    "object_id_int": 13,
    "object_id": "13",
    "object_repr": "13"
  },
  "model": "reversion.version",
  "pk": 1968
},
{
  "fields": {
    "format": "json",
    "serialized_data": "[{\"model\": \"cms.page\", \"pk\": 1, \"fields\": {\"reverse_id\": null, \"creation_date\": \"2015-09-11T21:05:15.638Z\", \"navigation_extenders\": null, \"parent\": null, \"xframe_options\": 0, \"languages\": \"es\", \"publication_date\": \"2015-09-11T21:05:16.122Z\", \"changed_date\": \"2015-09-15T20:04:07.459Z\", \"revision_id\": 0, \"numchild\": 0, \"site\": 1, \"limit_visibility_in_menu\": null, \"publication_end_date\": null, \"is_home\": true, \"application_namespace\": null, \"in_navigation\": true, \"path\": \"0001\", \"soft_root\": false, \"placeholders\": [2], \"application_urls\": null, \"changed_by\": \"contextinformatic@gmail.com\", \"created_by\": \"contextinformatic@gmail.com\", \"template\": \"INHERIT\", \"depth\": 1, \"login_required\": false}}]",
    "content_type": 2,
    "revision": 130,
    "object_id_int": 1,
    "object_id": "1",
    "object_repr": "INICIO"
  },
  "model": "reversion.version",
  "pk": 1969
},
{
  "fields": {
    "format": "json",
    "serialized_data": "[{\"model\": \"cms.placeholder\", \"pk\": 2, \"fields\": {\"slot\": \"content\", \"default_width\": null}}]",
    "content_type": 1,
    "revision": 130,
    "object_id_int": 2,
    "object_id": "2",
    "object_repr": "content"
  },
  "model": "reversion.version",
  "pk": 1970
},
{
  "fields": {
    "format": "json",
    "serialized_data": "[{\"model\": \"pluggin_featured_product.featuredproductplugin\", \"pk\": 2, \"fields\": {\"query\": \"featured\", \"title\": \"Productos destacados\", \"description\": \"Estos son los productos destacados\", \"layout\": \"h\"}}]",
    "content_type": 60,
    "revision": 130,
    "object_id_int": 2,
    "object_id": "2",
    "object_repr": "Productos destacados"
  },
  "model": "reversion.version",
  "pk": 1971
},
{
  "fields": {
    "format": "json",
    "serialized_data": "[{\"model\": \"cms.cmsplugin\", \"pk\": 2, \"fields\": {\"position\": 0, \"changed_date\": \"2015-09-15T20:04:07.241Z\", \"language\": \"es\", \"creation_date\": \"2015-09-11T21:28:05.004Z\", \"plugin_type\": \"CMSFeaturedProductPlugin\", \"parent\": null, \"path\": \"000I\", \"depth\": 1, \"numchild\": 0, \"placeholder\": 2}}]",
    "content_type": 6,
    "revision": 130,
    "object_id_int": 2,
    "object_id": "2",
    "object_repr": "2"
  },
  "model": "reversion.version",
  "pk": 1972
},
{
  "fields": {
    "format": "json",
    "serialized_data": "[{\"model\": \"cms.title\", \"pk\": 1, \"fields\": {\"language\": \"es\", \"creation_date\": \"2015-09-11T21:05:15.886Z\", \"redirect\": null, \"path\": \"\", \"menu_title\": \"INICIO\", \"slug\": \"home\", \"has_url_overwrite\": false, \"page_title\": \"Inicio\", \"page\": 1, \"meta_description\": \"productos, articulos, compra, venta\", \"published\": true, \"title\": \"Home\"}}]",
    "content_type": 10,
    "revision": 130,
    "object_id_int": 1,
    "object_id": "1",
    "object_repr": "Home (home, es)"
  },
  "model": "reversion.version",
  "pk": 1973
},
{
  "fields": {
    "format": "json",
    "serialized_data": "[{\"model\": \"cms.page\", \"pk\": 1, \"fields\": {\"reverse_id\": null, \"creation_date\": \"2015-09-11T21:05:15.638Z\", \"navigation_extenders\": null, \"parent\": null, \"xframe_options\": 0, \"languages\": \"es\", \"publication_date\": \"2015-09-11T21:05:16.122Z\", \"changed_date\": \"2015-09-15T20:04:19.013Z\", \"revision_id\": 0, \"numchild\": 0, \"site\": 1, \"limit_visibility_in_menu\": null, \"publication_end_date\": null, \"is_home\": true, \"application_namespace\": null, \"in_navigation\": true, \"path\": \"0001\", \"soft_root\": false, \"placeholders\": [2], \"application_urls\": null, \"changed_by\": \"contextinformatic@gmail.com\", \"created_by\": \"contextinformatic@gmail.com\", \"template\": \"INHERIT\", \"depth\": 1, \"login_required\": false}}]",
    "content_type": 2,
    "revision": 131,
    "object_id_int": 1,
    "object_id": "1",
    "object_repr": "INICIO"
  },
  "model": "reversion.version",
  "pk": 1974
},
{
  "fields": {
    "format": "json",
    "serialized_data": "[{\"model\": \"cms.placeholder\", \"pk\": 2, \"fields\": {\"slot\": \"content\", \"default_width\": null}}]",
    "content_type": 1,
    "revision": 131,
    "object_id_int": 2,
    "object_id": "2",
    "object_repr": "content"
  },
  "model": "reversion.version",
  "pk": 1975
},
{
  "fields": {
    "format": "json",
    "serialized_data": "[{\"model\": \"pluggin_featured_product.featuredproductplugin\", \"pk\": 2, \"fields\": {\"query\": \"featured\", \"title\": \"Productos destacados\", \"description\": \"Estos son los productos destacados\", \"layout\": \"h\"}}]",
    "content_type": 60,
    "revision": 131,
    "object_id_int": 2,
    "object_id": "2",
    "object_repr": "Productos destacados"
  },
  "model": "reversion.version",
  "pk": 1976
},
{
  "fields": {
    "format": "json",
    "serialized_data": "[{\"model\": \"cms.cmsplugin\", \"pk\": 2, \"fields\": {\"position\": 0, \"changed_date\": \"2015-09-15T20:04:07.241Z\", \"language\": \"es\", \"creation_date\": \"2015-09-11T21:28:05.004Z\", \"plugin_type\": \"CMSFeaturedProductPlugin\", \"parent\": null, \"path\": \"000I\", \"depth\": 1, \"numchild\": 0, \"placeholder\": 2}}]",
    "content_type": 6,
    "revision": 131,
    "object_id_int": 2,
    "object_id": "2",
    "object_repr": "2"
  },
  "model": "reversion.version",
  "pk": 1977
},
{
  "fields": {
    "format": "json",
    "serialized_data": "[{\"model\": \"cms.title\", \"pk\": 1, \"fields\": {\"language\": \"es\", \"creation_date\": \"2015-09-11T21:05:15.886Z\", \"redirect\": null, \"path\": \"\", \"menu_title\": \"INICIO\", \"slug\": \"home\", \"has_url_overwrite\": false, \"page_title\": \"Inicio\", \"page\": 1, \"meta_description\": \"productos, articulos, compra, venta\", \"published\": true, \"title\": \"Home\"}}]",
    "content_type": 10,
    "revision": 131,
    "object_id_int": 1,
    "object_id": "1",
    "object_repr": "Home (home, es)"
  },
  "model": "reversion.version",
  "pk": 1978
},
{
  "fields": {
    "format": "json",
    "serialized_data": "[{\"model\": \"cms.page\", \"fields\": {\"soft_root\": false, \"template\": \"INHERIT\", \"placeholders\": [2], \"in_navigation\": true, \"publication_end_date\": null, \"application_urls\": null, \"login_required\": false, \"changed_date\": \"2015-09-15T20:04:19.173Z\", \"depth\": 1, \"created_by\": \"contextinformatic@gmail.com\", \"path\": \"0001\", \"creation_date\": \"2015-09-11T21:05:15.638Z\", \"application_namespace\": null, \"parent\": null, \"site\": 1, \"is_home\": true, \"xframe_options\": 0, \"languages\": \"es\", \"publication_date\": \"2015-09-11T21:05:16.122Z\", \"numchild\": 0, \"limit_visibility_in_menu\": null, \"changed_by\": \"contextinformatic@gmail.com\", \"navigation_extenders\": null, \"revision_id\": 0, \"reverse_id\": null}, \"pk\": 1}]",
    "content_type": 2,
    "revision": 132,
    "object_id_int": 1,
    "object_id": "1",
    "object_repr": "INICIO"
  },
  "model": "reversion.version",
  "pk": 1979
},
{
  "fields": {
    "format": "json",
    "serialized_data": "[{\"model\": \"pluggin_featured_product.featuredproductplugin\", \"fields\": {\"layout\": \"h\", \"description\": \"Estos son los productos destacados\", \"query\": \"featured\", \"title\": \"Productos destacados\"}, \"pk\": 2}]",
    "content_type": 60,
    "revision": 132,
    "object_id_int": 2,
    "object_id": "2",
    "object_repr": "Productos destacados"
  },
  "model": "reversion.version",
  "pk": 1980
},
{
  "fields": {
    "format": "json",
    "serialized_data": "[{\"model\": \"cms.title\", \"fields\": {\"published\": true, \"menu_title\": \"INICIO\", \"slug\": \"home\", \"has_url_overwrite\": false, \"language\": \"es\", \"meta_description\": \"productos, articulos, compra, venta\", \"title\": \"Home\", \"redirect\": null, \"path\": \"\", \"creation_date\": \"2015-09-11T21:05:15.886Z\", \"page_title\": \"Inicio\", \"page\": 1}, \"pk\": 1}]",
    "content_type": 10,
    "revision": 132,
    "object_id_int": 1,
    "object_id": "1",
    "object_repr": "Home (home, es)"
  },
  "model": "reversion.version",
  "pk": 1981
},
{
  "fields": {
    "format": "json",
    "serialized_data": "[{\"model\": \"cms.cmsplugin\", \"fields\": {\"plugin_type\": \"CMSFeaturedProductPlugin\", \"parent\": null, \"language\": \"es\", \"changed_date\": \"2015-09-15T20:04:07.241Z\", \"depth\": 1, \"numchild\": 0, \"position\": 0, \"path\": \"000I\", \"creation_date\": \"2015-09-11T21:28:05.004Z\", \"placeholder\": 2}, \"pk\": 2}]",
    "content_type": 6,
    "revision": 132,
    "object_id_int": 2,
    "object_id": "2",
    "object_repr": "2"
  },
  "model": "reversion.version",
  "pk": 1982
},
{
  "fields": {
    "format": "json",
    "serialized_data": "[{\"model\": \"cms.cmsplugin\", \"fields\": {\"plugin_type\": \"MultiColumnPlugin\", \"parent\": null, \"language\": \"es\", \"changed_date\": \"2015-09-15T21:14:17.093Z\", \"depth\": 1, \"numchild\": 0, \"position\": 1, \"path\": \"000T\", \"creation_date\": \"2015-09-15T21:14:17.088Z\", \"placeholder\": 2}, \"pk\": 107}]",
    "content_type": 6,
    "revision": 132,
    "object_id_int": 107,
    "object_id": "107",
    "object_repr": "107"
  },
  "model": "reversion.version",
  "pk": 1983
},
{
  "fields": {
    "format": "json",
    "serialized_data": "[{\"model\": \"cms.placeholder\", \"fields\": {\"slot\": \"content\", \"default_width\": null}, \"pk\": 2}]",
    "content_type": 1,
    "revision": 132,
    "object_id_int": 2,
    "object_id": "2",
    "object_repr": "content"
  },
  "model": "reversion.version",
  "pk": 1984
},
{
  "fields": {
    "format": "json",
    "serialized_data": "[{\"model\": \"cms.page\", \"fields\": {\"soft_root\": false, \"template\": \"INHERIT\", \"placeholders\": [2], \"in_navigation\": true, \"publication_end_date\": null, \"application_urls\": null, \"login_required\": false, \"changed_date\": \"2015-09-15T21:14:17.174Z\", \"depth\": 1, \"created_by\": \"contextinformatic@gmail.com\", \"path\": \"0001\", \"creation_date\": \"2015-09-11T21:05:15.638Z\", \"application_namespace\": null, \"parent\": null, \"site\": 1, \"is_home\": true, \"xframe_options\": 0, \"languages\": \"es\", \"publication_date\": \"2015-09-11T21:05:16.122Z\", \"numchild\": 0, \"limit_visibility_in_menu\": null, \"changed_by\": \"contextinformatic@gmail.com\", \"navigation_extenders\": null, \"revision_id\": 0, \"reverse_id\": null}, \"pk\": 1}]",
    "content_type": 2,
    "revision": 133,
    "object_id_int": 1,
    "object_id": "1",
    "object_repr": "INICIO"
  },
  "model": "reversion.version",
  "pk": 1985
},
{
  "fields": {
    "format": "json",
    "serialized_data": "[{\"model\": \"cms.placeholder\", \"fields\": {\"slot\": \"content\", \"default_width\": null}, \"pk\": 2}]",
    "content_type": 1,
    "revision": 133,
    "object_id_int": 2,
    "object_id": "2",
    "object_repr": "content"
  },
  "model": "reversion.version",
  "pk": 1986
},
{
  "fields": {
    "format": "json",
    "serialized_data": "[{\"model\": \"djangocms_column.multicolumns\", \"fields\": {}, \"pk\": 107}]",
    "content_type": 23,
    "revision": 133,
    "object_id_int": 107,
    "object_id": "107",
    "object_repr": "1 columnas"
  },
  "model": "reversion.version",
  "pk": 1987
},
{
  "fields": {
    "format": "json",
    "serialized_data": "[{\"model\": \"cms.title\", \"fields\": {\"published\": true, \"menu_title\": \"INICIO\", \"slug\": \"home\", \"has_url_overwrite\": false, \"language\": \"es\", \"meta_description\": \"productos, articulos, compra, venta\", \"title\": \"Home\", \"redirect\": null, \"path\": \"\", \"creation_date\": \"2015-09-11T21:05:15.886Z\", \"page_title\": \"Inicio\", \"page\": 1}, \"pk\": 1}]",
    "content_type": 10,
    "revision": 133,
    "object_id_int": 1,
    "object_id": "1",
    "object_repr": "Home (home, es)"
  },
  "model": "reversion.version",
  "pk": 1988
},
{
  "fields": {
    "format": "json",
    "serialized_data": "[{\"model\": \"cms.cmsplugin\", \"fields\": {\"plugin_type\": \"CMSFeaturedProductPlugin\", \"parent\": null, \"language\": \"es\", \"changed_date\": \"2015-09-15T20:04:07.241Z\", \"depth\": 1, \"numchild\": 0, \"position\": 0, \"path\": \"000I\", \"creation_date\": \"2015-09-11T21:28:05.004Z\", \"placeholder\": 2}, \"pk\": 2}]",
    "content_type": 6,
    "revision": 133,
    "object_id_int": 2,
    "object_id": "2",
    "object_repr": "2"
  },
  "model": "reversion.version",
  "pk": 1989
},
{
  "fields": {
    "format": "json",
    "serialized_data": "[{\"model\": \"djangocms_column.column\", \"fields\": {\"width\": \"50%\"}, \"pk\": 108}]",
    "content_type": 22,
    "revision": 133,
    "object_id_int": 108,
    "object_id": "108",
    "object_repr": "50%"
  },
  "model": "reversion.version",
  "pk": 1990
},
{
  "fields": {
    "format": "json",
    "serialized_data": "[{\"model\": \"cms.cmsplugin\", \"fields\": {\"plugin_type\": \"MultiColumnPlugin\", \"parent\": null, \"language\": \"es\", \"changed_date\": \"2015-09-15T21:14:26.197Z\", \"depth\": 1, \"numchild\": 1, \"position\": 1, \"path\": \"000T\", \"creation_date\": \"2015-09-15T21:14:17.088Z\", \"placeholder\": 2}, \"pk\": 107}]",
    "content_type": 6,
    "revision": 133,
    "object_id_int": 107,
    "object_id": "107",
    "object_repr": "107"
  },
  "model": "reversion.version",
  "pk": 1991
},
{
  "fields": {
    "format": "json",
    "serialized_data": "[{\"model\": \"cms.cmsplugin\", \"fields\": {\"plugin_type\": \"ColumnPlugin\", \"parent\": 107, \"language\": \"es\", \"changed_date\": \"2015-09-15T21:14:26.248Z\", \"depth\": 2, \"numchild\": 0, \"position\": 0, \"path\": \"000T0001\", \"creation_date\": \"2015-09-15T21:14:26.216Z\", \"placeholder\": 2}, \"pk\": 108}]",
    "content_type": 6,
    "revision": 133,
    "object_id_int": 108,
    "object_id": "108",
    "object_repr": "108"
  },
  "model": "reversion.version",
  "pk": 1992
},
{
  "fields": {
    "format": "json",
    "serialized_data": "[{\"model\": \"pluggin_featured_product.featuredproductplugin\", \"fields\": {\"layout\": \"h\", \"description\": \"Estos son los productos destacados\", \"query\": \"featured\", \"title\": \"Productos destacados\"}, \"pk\": 2}]",
    "content_type": 60,
    "revision": 133,
    "object_id_int": 2,
    "object_id": "2",
    "object_repr": "Productos destacados"
  },
  "model": "reversion.version",
  "pk": 1993
},
{
  "fields": {
    "format": "json",
    "serialized_data": "[{\"model\": \"cms.page\", \"fields\": {\"soft_root\": false, \"template\": \"INHERIT\", \"placeholders\": [2], \"in_navigation\": true, \"publication_end_date\": null, \"application_urls\": null, \"login_required\": false, \"changed_date\": \"2015-09-15T21:14:26.678Z\", \"depth\": 1, \"created_by\": \"contextinformatic@gmail.com\", \"path\": \"0001\", \"creation_date\": \"2015-09-11T21:05:15.638Z\", \"application_namespace\": null, \"parent\": null, \"site\": 1, \"is_home\": true, \"xframe_options\": 0, \"languages\": \"es\", \"publication_date\": \"2015-09-11T21:05:16.122Z\", \"numchild\": 0, \"limit_visibility_in_menu\": null, \"changed_by\": \"contextinformatic@gmail.com\", \"navigation_extenders\": null, \"revision_id\": 0, \"reverse_id\": null}, \"pk\": 1}]",
    "content_type": 2,
    "revision": 134,
    "object_id_int": 1,
    "object_id": "1",
    "object_repr": "INICIO"
  },
  "model": "reversion.version",
  "pk": 1994
},
{
  "fields": {
    "format": "json",
    "serialized_data": "[{\"model\": \"cms.placeholder\", \"fields\": {\"slot\": \"content\", \"default_width\": null}, \"pk\": 2}]",
    "content_type": 1,
    "revision": 134,
    "object_id_int": 2,
    "object_id": "2",
    "object_repr": "content"
  },
  "model": "reversion.version",
  "pk": 1995
},
{
  "fields": {
    "format": "json",
    "serialized_data": "[{\"model\": \"djangocms_column.multicolumns\", \"fields\": {}, \"pk\": 107}]",
    "content_type": 23,
    "revision": 134,
    "object_id_int": 107,
    "object_id": "107",
    "object_repr": "1 columnas"
  },
  "model": "reversion.version",
  "pk": 1996
},
{
  "fields": {
    "format": "json",
    "serialized_data": "[{\"model\": \"cms.title\", \"fields\": {\"published\": true, \"menu_title\": \"INICIO\", \"slug\": \"home\", \"has_url_overwrite\": false, \"language\": \"es\", \"meta_description\": \"productos, articulos, compra, venta\", \"title\": \"Home\", \"redirect\": null, \"path\": \"\", \"creation_date\": \"2015-09-11T21:05:15.886Z\", \"page_title\": \"Inicio\", \"page\": 1}, \"pk\": 1}]",
    "content_type": 10,
    "revision": 134,
    "object_id_int": 1,
    "object_id": "1",
    "object_repr": "Home (home, es)"
  },
  "model": "reversion.version",
  "pk": 1997
},
{
  "fields": {
    "format": "json",
    "serialized_data": "[{\"model\": \"cms.cmsplugin\", \"fields\": {\"plugin_type\": \"CMSFeaturedProductPlugin\", \"parent\": null, \"language\": \"es\", \"changed_date\": \"2015-09-15T21:14:39.906Z\", \"depth\": 1, \"numchild\": 0, \"position\": 1, \"path\": \"000I\", \"creation_date\": \"2015-09-11T21:28:05.004Z\", \"placeholder\": 2}, \"pk\": 2}]",
    "content_type": 6,
    "revision": 134,
    "object_id_int": 2,
    "object_id": "2",
    "object_repr": "2"
  },
  "model": "reversion.version",
  "pk": 1998
},
{
  "fields": {
    "format": "json",
    "serialized_data": "[{\"model\": \"djangocms_column.column\", \"fields\": {\"width\": \"50%\"}, \"pk\": 108}]",
    "content_type": 22,
    "revision": 134,
    "object_id_int": 108,
    "object_id": "108",
    "object_repr": "50%"
  },
  "model": "reversion.version",
  "pk": 1999
},
{
  "fields": {
    "format": "json",
    "serialized_data": "[{\"model\": \"cms.cmsplugin\", \"fields\": {\"plugin_type\": \"MultiColumnPlugin\", \"parent\": null, \"language\": \"es\", \"changed_date\": \"2015-09-15T21:14:39.914Z\", \"depth\": 1, \"numchild\": 1, \"position\": 0, \"path\": \"000T\", \"creation_date\": \"2015-09-15T21:14:17.088Z\", \"placeholder\": 2}, \"pk\": 107}]",
    "content_type": 6,
    "revision": 134,
    "object_id_int": 107,
    "object_id": "107",
    "object_repr": "107"
  },
  "model": "reversion.version",
  "pk": 2000
},
{
  "fields": {
    "format": "json",
    "serialized_data": "[{\"model\": \"cms.cmsplugin\", \"fields\": {\"plugin_type\": \"ColumnPlugin\", \"parent\": 107, \"language\": \"es\", \"changed_date\": \"2015-09-15T21:14:39.895Z\", \"depth\": 2, \"numchild\": 0, \"position\": 0, \"path\": \"000T0001\", \"creation_date\": \"2015-09-15T21:14:26.216Z\", \"placeholder\": 2}, \"pk\": 108}]",
    "content_type": 6,
    "revision": 134,
    "object_id_int": 108,
    "object_id": "108",
    "object_repr": "108"
  },
  "model": "reversion.version",
  "pk": 2001
},
{
  "fields": {
    "format": "json",
    "serialized_data": "[{\"model\": \"pluggin_featured_product.featuredproductplugin\", \"fields\": {\"layout\": \"h\", \"description\": \"Estos son los productos destacados\", \"query\": \"featured\", \"title\": \"Productos destacados\"}, \"pk\": 2}]",
    "content_type": 60,
    "revision": 134,
    "object_id_int": 2,
    "object_id": "2",
    "object_repr": "Productos destacados"
  },
  "model": "reversion.version",
  "pk": 2002
},
{
  "fields": {
    "format": "json",
    "serialized_data": "[{\"model\": \"cms.page\", \"fields\": {\"soft_root\": false, \"template\": \"INHERIT\", \"placeholders\": [2], \"in_navigation\": true, \"publication_end_date\": null, \"application_urls\": null, \"login_required\": false, \"changed_date\": \"2015-09-15T21:14:39.993Z\", \"depth\": 1, \"created_by\": \"contextinformatic@gmail.com\", \"path\": \"0001\", \"creation_date\": \"2015-09-11T21:05:15.638Z\", \"application_namespace\": null, \"parent\": null, \"site\": 1, \"is_home\": true, \"xframe_options\": 0, \"languages\": \"es\", \"publication_date\": \"2015-09-11T21:05:16.122Z\", \"numchild\": 0, \"limit_visibility_in_menu\": null, \"changed_by\": \"contextinformatic@gmail.com\", \"navigation_extenders\": null, \"revision_id\": 0, \"reverse_id\": null}, \"pk\": 1}]",
    "content_type": 2,
    "revision": 135,
    "object_id_int": 1,
    "object_id": "1",
    "object_repr": "INICIO"
  },
  "model": "reversion.version",
  "pk": 2003
},
{
  "fields": {
    "format": "json",
    "serialized_data": "[{\"model\": \"cms.placeholder\", \"fields\": {\"slot\": \"content\", \"default_width\": null}, \"pk\": 2}]",
    "content_type": 1,
    "revision": 135,
    "object_id_int": 2,
    "object_id": "2",
    "object_repr": "content"
  },
  "model": "reversion.version",
  "pk": 2004
},
{
  "fields": {
    "format": "json",
    "serialized_data": "[{\"model\": \"djangocms_column.multicolumns\", \"fields\": {}, \"pk\": 107}]",
    "content_type": 23,
    "revision": 135,
    "object_id_int": 107,
    "object_id": "107",
    "object_repr": "1 columnas"
  },
  "model": "reversion.version",
  "pk": 2005
},
{
  "fields": {
    "format": "json",
    "serialized_data": "[{\"model\": \"cms.title\", \"fields\": {\"published\": true, \"menu_title\": \"INICIO\", \"slug\": \"home\", \"has_url_overwrite\": false, \"language\": \"es\", \"meta_description\": \"productos, articulos, compra, venta\", \"title\": \"Home\", \"redirect\": null, \"path\": \"\", \"creation_date\": \"2015-09-11T21:05:15.886Z\", \"page_title\": \"Inicio\", \"page\": 1}, \"pk\": 1}]",
    "content_type": 10,
    "revision": 135,
    "object_id_int": 1,
    "object_id": "1",
    "object_repr": "Home (home, es)"
  },
  "model": "reversion.version",
  "pk": 2006
},
{
  "fields": {
    "format": "json",
    "serialized_data": "[{\"model\": \"cms.cmsplugin\", \"fields\": {\"plugin_type\": \"CMSFeaturedProductPlugin\", \"parent\": null, \"language\": \"es\", \"changed_date\": \"2015-09-15T21:14:42.169Z\", \"depth\": 1, \"numchild\": 0, \"position\": 0, \"path\": \"000I\", \"creation_date\": \"2015-09-11T21:28:05.004Z\", \"placeholder\": 2}, \"pk\": 2}]",
    "content_type": 6,
    "revision": 135,
    "object_id_int": 2,
    "object_id": "2",
    "object_repr": "2"
  },
  "model": "reversion.version",
  "pk": 2007
},
{
  "fields": {
    "format": "json",
    "serialized_data": "[{\"model\": \"djangocms_column.column\", \"fields\": {\"width\": \"50%\"}, \"pk\": 108}]",
    "content_type": 22,
    "revision": 135,
    "object_id_int": 108,
    "object_id": "108",
    "object_repr": "50%"
  },
  "model": "reversion.version",
  "pk": 2008
},
{
  "fields": {
    "format": "json",
    "serialized_data": "[{\"model\": \"cms.cmsplugin\", \"fields\": {\"plugin_type\": \"MultiColumnPlugin\", \"parent\": null, \"language\": \"es\", \"changed_date\": \"2015-09-15T21:14:42.178Z\", \"depth\": 1, \"numchild\": 1, \"position\": 1, \"path\": \"000T\", \"creation_date\": \"2015-09-15T21:14:17.088Z\", \"placeholder\": 2}, \"pk\": 107}]",
    "content_type": 6,
    "revision": 135,
    "object_id_int": 107,
    "object_id": "107",
    "object_repr": "107"
  },
  "model": "reversion.version",
  "pk": 2009
},
{
  "fields": {
    "format": "json",
    "serialized_data": "[{\"model\": \"cms.cmsplugin\", \"fields\": {\"plugin_type\": \"ColumnPlugin\", \"parent\": 107, \"language\": \"es\", \"changed_date\": \"2015-09-15T21:14:42.151Z\", \"depth\": 2, \"numchild\": 0, \"position\": 0, \"path\": \"000T0001\", \"creation_date\": \"2015-09-15T21:14:26.216Z\", \"placeholder\": 2}, \"pk\": 108}]",
    "content_type": 6,
    "revision": 135,
    "object_id_int": 108,
    "object_id": "108",
    "object_repr": "108"
  },
  "model": "reversion.version",
  "pk": 2010
},
{
  "fields": {
    "format": "json",
    "serialized_data": "[{\"model\": \"pluggin_featured_product.featuredproductplugin\", \"fields\": {\"layout\": \"h\", \"description\": \"Estos son los productos destacados\", \"query\": \"featured\", \"title\": \"Productos destacados\"}, \"pk\": 2}]",
    "content_type": 60,
    "revision": 135,
    "object_id_int": 2,
    "object_id": "2",
    "object_repr": "Productos destacados"
  },
  "model": "reversion.version",
  "pk": 2011
},
{
  "fields": {
    "format": "json",
    "serialized_data": "[{\"model\": \"cms.page\", \"fields\": {\"soft_root\": false, \"template\": \"INHERIT\", \"placeholders\": [2], \"in_navigation\": true, \"publication_end_date\": null, \"application_urls\": null, \"login_required\": false, \"changed_date\": \"2015-09-15T21:14:42.249Z\", \"depth\": 1, \"created_by\": \"contextinformatic@gmail.com\", \"path\": \"0001\", \"creation_date\": \"2015-09-11T21:05:15.638Z\", \"application_namespace\": null, \"parent\": null, \"site\": 1, \"is_home\": true, \"xframe_options\": 0, \"languages\": \"es\", \"publication_date\": \"2015-09-11T21:05:16.122Z\", \"numchild\": 0, \"limit_visibility_in_menu\": null, \"changed_by\": \"contextinformatic@gmail.com\", \"navigation_extenders\": null, \"revision_id\": 0, \"reverse_id\": null}, \"pk\": 1}]",
    "content_type": 2,
    "revision": 136,
    "object_id_int": 1,
    "object_id": "1",
    "object_repr": "INICIO"
  },
  "model": "reversion.version",
  "pk": 2012
},
{
  "fields": {
    "format": "json",
    "serialized_data": "[{\"model\": \"cms.placeholder\", \"fields\": {\"slot\": \"content\", \"default_width\": null}, \"pk\": 2}]",
    "content_type": 1,
    "revision": 136,
    "object_id_int": 2,
    "object_id": "2",
    "object_repr": "content"
  },
  "model": "reversion.version",
  "pk": 2013
},
{
  "fields": {
    "format": "json",
    "serialized_data": "[{\"model\": \"cms.cmsplugin\", \"fields\": {\"plugin_type\": \"MultiColumnPlugin\", \"parent\": null, \"language\": \"es\", \"changed_date\": \"2015-09-15T21:15:03.836Z\", \"depth\": 1, \"numchild\": 3, \"position\": 1, \"path\": \"000T\", \"creation_date\": \"2015-09-15T21:14:17.088Z\", \"placeholder\": 2}, \"pk\": 107}]",
    "content_type": 6,
    "revision": 136,
    "object_id_int": 107,
    "object_id": "107",
    "object_repr": "107"
  },
  "model": "reversion.version",
  "pk": 2014
},
{
  "fields": {
    "format": "json",
    "serialized_data": "[{\"model\": \"cms.title\", \"fields\": {\"published\": true, \"menu_title\": \"INICIO\", \"slug\": \"home\", \"has_url_overwrite\": false, \"language\": \"es\", \"meta_description\": \"productos, articulos, compra, venta\", \"title\": \"Home\", \"redirect\": null, \"path\": \"\", \"creation_date\": \"2015-09-11T21:05:15.886Z\", \"page_title\": \"Inicio\", \"page\": 1}, \"pk\": 1}]",
    "content_type": 10,
    "revision": 136,
    "object_id_int": 1,
    "object_id": "1",
    "object_repr": "Home (home, es)"
  },
  "model": "reversion.version",
  "pk": 2015
},
{
  "fields": {
    "format": "json",
    "serialized_data": "[{\"model\": \"djangocms_column.column\", \"fields\": {\"width\": \"50%\"}, \"pk\": 108}]",
    "content_type": 22,
    "revision": 136,
    "object_id_int": 108,
    "object_id": "108",
    "object_repr": "50%"
  },
  "model": "reversion.version",
  "pk": 2016
},
{
  "fields": {
    "format": "json",
    "serialized_data": "[{\"model\": \"djangocms_column.multicolumns\", \"fields\": {}, \"pk\": 107}]",
    "content_type": 23,
    "revision": 136,
    "object_id_int": 107,
    "object_id": "107",
    "object_repr": "3 columnas"
  },
  "model": "reversion.version",
  "pk": 2017
},
{
  "fields": {
    "format": "json",
    "serialized_data": "[{\"model\": \"cms.cmsplugin\", \"fields\": {\"plugin_type\": \"ColumnPlugin\", \"parent\": 107, \"language\": \"es\", \"changed_date\": \"2015-09-15T21:14:42.151Z\", \"depth\": 2, \"numchild\": 0, \"position\": 0, \"path\": \"000T0001\", \"creation_date\": \"2015-09-15T21:14:26.216Z\", \"placeholder\": 2}, \"pk\": 108}]",
    "content_type": 6,
    "revision": 136,
    "object_id_int": 108,
    "object_id": "108",
    "object_repr": "108"
  },
  "model": "reversion.version",
  "pk": 2018
},
{
  "fields": {
    "format": "json",
    "serialized_data": "[{\"model\": \"cms.cmsplugin\", \"fields\": {\"plugin_type\": \"CMSFeaturedProductPlugin\", \"parent\": null, \"language\": \"es\", \"changed_date\": \"2015-09-15T21:14:42.169Z\", \"depth\": 1, \"numchild\": 0, \"position\": 0, \"path\": \"000I\", \"creation_date\": \"2015-09-11T21:28:05.004Z\", \"placeholder\": 2}, \"pk\": 2}]",
    "content_type": 6,
    "revision": 136,
    "object_id_int": 2,
    "object_id": "2",
    "object_repr": "2"
  },
  "model": "reversion.version",
  "pk": 2019
},
{
  "fields": {
    "format": "json",
    "serialized_data": "[{\"model\": \"cms.cmsplugin\", \"fields\": {\"plugin_type\": \"ColumnPlugin\", \"parent\": 107, \"language\": \"es\", \"changed_date\": \"2015-09-15T21:15:04.088Z\", \"depth\": 2, \"numchild\": 0, \"position\": 2, \"path\": \"000T0003\", \"creation_date\": \"2015-09-15T21:15:04.012Z\", \"placeholder\": 2}, \"pk\": 110}]",
    "content_type": 6,
    "revision": 136,
    "object_id_int": 110,
    "object_id": "110",
    "object_repr": "110"
  },
  "model": "reversion.version",
  "pk": 2020
},
{
  "fields": {
    "format": "json",
    "serialized_data": "[{\"model\": \"cms.cmsplugin\", \"fields\": {\"plugin_type\": \"ColumnPlugin\", \"parent\": 107, \"language\": \"es\", \"changed_date\": \"2015-09-15T21:15:03.950Z\", \"depth\": 2, \"numchild\": 0, \"position\": 1, \"path\": \"000T0002\", \"creation_date\": \"2015-09-15T21:15:03.884Z\", \"placeholder\": 2}, \"pk\": 109}]",
    "content_type": 6,
    "revision": 136,
    "object_id_int": 109,
    "object_id": "109",
    "object_repr": "109"
  },
  "model": "reversion.version",
  "pk": 2021
},
{
  "fields": {
    "format": "json",
    "serialized_data": "[{\"model\": \"djangocms_column.column\", \"fields\": {\"width\": \"50%\"}, \"pk\": 110}]",
    "content_type": 22,
    "revision": 136,
    "object_id_int": 110,
    "object_id": "110",
    "object_repr": "50%"
  },
  "model": "reversion.version",
  "pk": 2022
},
{
  "fields": {
    "format": "json",
    "serialized_data": "[{\"model\": \"pluggin_featured_product.featuredproductplugin\", \"fields\": {\"layout\": \"h\", \"description\": \"Estos son los productos destacados\", \"query\": \"featured\", \"title\": \"Productos destacados\"}, \"pk\": 2}]",
    "content_type": 60,
    "revision": 136,
    "object_id_int": 2,
    "object_id": "2",
    "object_repr": "Productos destacados"
  },
  "model": "reversion.version",
  "pk": 2023
},
{
  "fields": {
    "format": "json",
    "serialized_data": "[{\"model\": \"djangocms_column.column\", \"fields\": {\"width\": \"50%\"}, \"pk\": 109}]",
    "content_type": 22,
    "revision": 136,
    "object_id_int": 109,
    "object_id": "109",
    "object_repr": "50%"
  },
  "model": "reversion.version",
  "pk": 2024
},
{
  "fields": {
    "format": "json",
    "serialized_data": "[{\"model\": \"cms.page\", \"fields\": {\"soft_root\": false, \"template\": \"INHERIT\", \"placeholders\": [2], \"in_navigation\": true, \"publication_end_date\": null, \"application_urls\": null, \"login_required\": false, \"changed_date\": \"2015-09-15T21:15:20.105Z\", \"depth\": 1, \"created_by\": \"contextinformatic@gmail.com\", \"path\": \"0001\", \"creation_date\": \"2015-09-11T21:05:15.638Z\", \"application_namespace\": null, \"parent\": null, \"site\": 1, \"is_home\": true, \"xframe_options\": 0, \"languages\": \"es\", \"publication_date\": \"2015-09-11T21:05:16.122Z\", \"numchild\": 0, \"limit_visibility_in_menu\": null, \"changed_by\": \"contextinformatic@gmail.com\", \"navigation_extenders\": null, \"revision_id\": 0, \"reverse_id\": null}, \"pk\": 1}]",
    "content_type": 2,
    "revision": 137,
    "object_id_int": 1,
    "object_id": "1",
    "object_repr": "INICIO"
  },
  "model": "reversion.version",
  "pk": 2025
},
{
  "fields": {
    "format": "json",
    "serialized_data": "[{\"model\": \"cms.placeholder\", \"fields\": {\"slot\": \"content\", \"default_width\": null}, \"pk\": 2}]",
    "content_type": 1,
    "revision": 137,
    "object_id_int": 2,
    "object_id": "2",
    "object_repr": "content"
  },
  "model": "reversion.version",
  "pk": 2026
},
{
  "fields": {
    "format": "json",
    "serialized_data": "[{\"model\": \"djangocms_column.multicolumns\", \"fields\": {}, \"pk\": 107}]",
    "content_type": 23,
    "revision": 137,
    "object_id_int": 107,
    "object_id": "107",
    "object_repr": "2 columnas"
  },
  "model": "reversion.version",
  "pk": 2027
},
{
  "fields": {
    "format": "json",
    "serialized_data": "[{\"model\": \"djangocms_column.column\", \"fields\": {\"width\": \"50%\"}, \"pk\": 110}]",
    "content_type": 22,
    "revision": 137,
    "object_id_int": 110,
    "object_id": "110",
    "object_repr": "50%"
  },
  "model": "reversion.version",
  "pk": 2028
},
{
  "fields": {
    "format": "json",
    "serialized_data": "[{\"model\": \"cms.title\", \"fields\": {\"published\": true, \"menu_title\": \"INICIO\", \"slug\": \"home\", \"has_url_overwrite\": false, \"language\": \"es\", \"meta_description\": \"productos, articulos, compra, venta\", \"title\": \"Home\", \"redirect\": null, \"path\": \"\", \"creation_date\": \"2015-09-11T21:05:15.886Z\", \"page_title\": \"Inicio\", \"page\": 1}, \"pk\": 1}]",
    "content_type": 10,
    "revision": 137,
    "object_id_int": 1,
    "object_id": "1",
    "object_repr": "Home (home, es)"
  },
  "model": "reversion.version",
  "pk": 2029
},
{
  "fields": {
    "format": "json",
    "serialized_data": "[{\"model\": \"cms.cmsplugin\", \"fields\": {\"plugin_type\": \"CMSFeaturedProductPlugin\", \"parent\": null, \"language\": \"es\", \"changed_date\": \"2015-09-15T21:14:42.169Z\", \"depth\": 1, \"numchild\": 0, \"position\": 0, \"path\": \"000I\", \"creation_date\": \"2015-09-11T21:28:05.004Z\", \"placeholder\": 2}, \"pk\": 2}]",
    "content_type": 6,
    "revision": 137,
    "object_id_int": 2,
    "object_id": "2",
    "object_repr": "2"
  },
  "model": "reversion.version",
  "pk": 2030
},
{
  "fields": {
    "format": "json",
    "serialized_data": "[{\"model\": \"cms.cmsplugin\", \"fields\": {\"plugin_type\": \"MultiColumnPlugin\", \"parent\": null, \"language\": \"es\", \"changed_date\": \"2015-09-15T21:15:19.010Z\", \"depth\": 1, \"numchild\": 2, \"position\": 1, \"path\": \"000T\", \"creation_date\": \"2015-09-15T21:14:17.088Z\", \"placeholder\": 2}, \"pk\": 107}]",
    "content_type": 6,
    "revision": 137,
    "object_id_int": 107,
    "object_id": "107",
    "object_repr": "107"
  },
  "model": "reversion.version",
  "pk": 2031
},
{
  "fields": {
    "format": "json",
    "serialized_data": "[{\"model\": \"djangocms_column.column\", \"fields\": {\"width\": \"50%\"}, \"pk\": 109}]",
    "content_type": 22,
    "revision": 137,
    "object_id_int": 109,
    "object_id": "109",
    "object_repr": "50%"
  },
  "model": "reversion.version",
  "pk": 2032
},
{
  "fields": {
    "format": "json",
    "serialized_data": "[{\"model\": \"pluggin_featured_product.featuredproductplugin\", \"fields\": {\"layout\": \"h\", \"description\": \"Estos son los productos destacados\", \"query\": \"featured\", \"title\": \"Productos destacados\"}, \"pk\": 2}]",
    "content_type": 60,
    "revision": 137,
    "object_id_int": 2,
    "object_id": "2",
    "object_repr": "Productos destacados"
  },
  "model": "reversion.version",
  "pk": 2033
},
{
  "fields": {
    "format": "json",
    "serialized_data": "[{\"model\": \"cms.cmsplugin\", \"fields\": {\"plugin_type\": \"ColumnPlugin\", \"parent\": 107, \"language\": \"es\", \"changed_date\": \"2015-09-15T21:15:19.915Z\", \"depth\": 2, \"numchild\": 0, \"position\": 1, \"path\": \"000T0003\", \"creation_date\": \"2015-09-15T21:15:04.012Z\", \"placeholder\": 2}, \"pk\": 110}]",
    "content_type": 6,
    "revision": 137,
    "object_id_int": 110,
    "object_id": "110",
    "object_repr": "110"
  },
  "model": "reversion.version",
  "pk": 2034
},
{
  "fields": {
    "format": "json",
    "serialized_data": "[{\"model\": \"cms.cmsplugin\", \"fields\": {\"plugin_type\": \"ColumnPlugin\", \"parent\": 107, \"language\": \"es\", \"changed_date\": \"2015-09-15T21:15:19.864Z\", \"depth\": 2, \"numchild\": 0, \"position\": 0, \"path\": \"000T0002\", \"creation_date\": \"2015-09-15T21:15:03.884Z\", \"placeholder\": 2}, \"pk\": 109}]",
    "content_type": 6,
    "revision": 137,
    "object_id_int": 109,
    "object_id": "109",
    "object_repr": "109"
  },
  "model": "reversion.version",
  "pk": 2035
},
{
  "fields": {
    "format": "json",
    "serialized_data": "[{\"model\": \"cms.page\", \"fields\": {\"soft_root\": false, \"template\": \"INHERIT\", \"placeholders\": [2], \"in_navigation\": true, \"publication_end_date\": null, \"application_urls\": null, \"login_required\": false, \"changed_date\": \"2015-09-15T21:15:20.600Z\", \"depth\": 1, \"created_by\": \"contextinformatic@gmail.com\", \"path\": \"0001\", \"creation_date\": \"2015-09-11T21:05:15.638Z\", \"application_namespace\": null, \"parent\": null, \"site\": 1, \"is_home\": true, \"xframe_options\": 0, \"languages\": \"es\", \"publication_date\": \"2015-09-11T21:05:16.122Z\", \"numchild\": 0, \"limit_visibility_in_menu\": null, \"changed_by\": \"contextinformatic@gmail.com\", \"navigation_extenders\": null, \"revision_id\": 0, \"reverse_id\": null}, \"pk\": 1}]",
    "content_type": 2,
    "revision": 138,
    "object_id_int": 1,
    "object_id": "1",
    "object_repr": "INICIO"
  },
  "model": "reversion.version",
  "pk": 2036
},
{
  "fields": {
    "format": "json",
    "serialized_data": "[{\"model\": \"cms.placeholder\", \"fields\": {\"slot\": \"content\", \"default_width\": null}, \"pk\": 2}]",
    "content_type": 1,
    "revision": 138,
    "object_id_int": 2,
    "object_id": "2",
    "object_repr": "content"
  },
  "model": "reversion.version",
  "pk": 2037
},
{
  "fields": {
    "format": "json",
    "serialized_data": "[{\"model\": \"cms.cmsplugin\", \"fields\": {\"plugin_type\": \"MultiColumnPlugin\", \"parent\": null, \"language\": \"es\", \"changed_date\": \"2015-09-15T21:15:19.010Z\", \"depth\": 1, \"numchild\": 2, \"position\": 1, \"path\": \"000T\", \"creation_date\": \"2015-09-15T21:14:17.088Z\", \"placeholder\": 2}, \"pk\": 107}]",
    "content_type": 6,
    "revision": 138,
    "object_id_int": 107,
    "object_id": "107",
    "object_repr": "107"
  },
  "model": "reversion.version",
  "pk": 2038
},
{
  "fields": {
    "format": "json",
    "serialized_data": "[{\"model\": \"cms.title\", \"fields\": {\"published\": true, \"menu_title\": \"INICIO\", \"slug\": \"home\", \"has_url_overwrite\": false, \"language\": \"es\", \"meta_description\": \"productos, articulos, compra, venta\", \"title\": \"Home\", \"redirect\": null, \"path\": \"\", \"creation_date\": \"2015-09-11T21:05:15.886Z\", \"page_title\": \"Inicio\", \"page\": 1}, \"pk\": 1}]",
    "content_type": 10,
    "revision": 138,
    "object_id_int": 1,
    "object_id": "1",
    "object_repr": "Home (home, es)"
  },
  "model": "reversion.version",
  "pk": 2039
},
{
  "fields": {
    "format": "json",
    "serialized_data": "[{\"model\": \"djangocms_column.multicolumns\", \"fields\": {}, \"pk\": 107}]",
    "content_type": 23,
    "revision": 138,
    "object_id_int": 107,
    "object_id": "107",
    "object_repr": "2 columnas"
  },
  "model": "reversion.version",
  "pk": 2040
},
{
  "fields": {
    "format": "json",
    "serialized_data": "[{\"model\": \"cms.cmsplugin\", \"fields\": {\"plugin_type\": \"ColumnPlugin\", \"parent\": 107, \"language\": \"es\", \"changed_date\": \"2015-09-15T21:15:19.864Z\", \"depth\": 2, \"numchild\": 1, \"position\": 0, \"path\": \"000T0002\", \"creation_date\": \"2015-09-15T21:15:03.884Z\", \"placeholder\": 2}, \"pk\": 109}]",
    "content_type": 6,
    "revision": 138,
    "object_id_int": 109,
    "object_id": "109",
    "object_repr": "109"
  },
  "model": "reversion.version",
  "pk": 2041
},
{
  "fields": {
    "format": "json",
    "serialized_data": "[{\"model\": \"cms.cmsplugin\", \"fields\": {\"plugin_type\": \"CMSFeaturedProductPlugin\", \"parent\": null, \"language\": \"es\", \"changed_date\": \"2015-09-15T21:14:42.169Z\", \"depth\": 1, \"numchild\": 0, \"position\": 0, \"path\": \"000I\", \"creation_date\": \"2015-09-11T21:28:05.004Z\", \"placeholder\": 2}, \"pk\": 2}]",
    "content_type": 6,
    "revision": 138,
    "object_id_int": 2,
    "object_id": "2",
    "object_repr": "2"
  },
  "model": "reversion.version",
  "pk": 2042
},
{
  "fields": {
    "format": "json",
    "serialized_data": "[{\"model\": \"djangocms_column.column\", \"fields\": {\"width\": \"50%\"}, \"pk\": 110}]",
    "content_type": 22,
    "revision": 138,
    "object_id_int": 110,
    "object_id": "110",
    "object_repr": "50%"
  },
  "model": "reversion.version",
  "pk": 2043
},
{
  "fields": {
    "format": "json",
    "serialized_data": "[{\"model\": \"djangocms_column.column\", \"fields\": {\"width\": \"50%\"}, \"pk\": 109}]",
    "content_type": 22,
    "revision": 138,
    "object_id_int": 109,
    "object_id": "109",
    "object_repr": "50%"
  },
  "model": "reversion.version",
  "pk": 2044
},
{
  "fields": {
    "format": "json",
    "serialized_data": "[{\"model\": \"cms.cmsplugin\", \"fields\": {\"plugin_type\": \"ColumnPlugin\", \"parent\": 107, \"language\": \"es\", \"changed_date\": \"2015-09-15T21:15:19.915Z\", \"depth\": 2, \"numchild\": 0, \"position\": 1, \"path\": \"000T0003\", \"creation_date\": \"2015-09-15T21:15:04.012Z\", \"placeholder\": 2}, \"pk\": 110}]",
    "content_type": 6,
    "revision": 138,
    "object_id_int": 110,
    "object_id": "110",
    "object_repr": "110"
  },
  "model": "reversion.version",
  "pk": 2045
},
{
  "fields": {
    "format": "json",
    "serialized_data": "[{\"model\": \"pluggin_featured_product.featuredproductplugin\", \"fields\": {\"layout\": \"h\", \"description\": \"Estos son los productos destacados\", \"query\": \"featured\", \"title\": \"Productos destacados\"}, \"pk\": 2}]",
    "content_type": 60,
    "revision": 138,
    "object_id_int": 2,
    "object_id": "2",
    "object_repr": "Productos destacados"
  },
  "model": "reversion.version",
  "pk": 2046
},
{
  "fields": {
    "format": "json",
    "serialized_data": "[{\"model\": \"cms.cmsplugin\", \"fields\": {\"plugin_type\": \"TextPlugin\", \"parent\": 109, \"language\": \"es\", \"changed_date\": \"2015-09-15T21:15:35.739Z\", \"depth\": 3, \"numchild\": 0, \"position\": 0, \"path\": \"000T00020001\", \"creation_date\": \"2015-09-15T21:15:35.730Z\", \"placeholder\": 2}, \"pk\": 111}]",
    "content_type": 6,
    "revision": 138,
    "object_id_int": 111,
    "object_id": "111",
    "object_repr": "111"
  },
  "model": "reversion.version",
  "pk": 2047
},
{
  "fields": {
    "format": "json",
    "serialized_data": "[{\"model\": \"cms.page\", \"fields\": {\"soft_root\": false, \"template\": \"INHERIT\", \"placeholders\": [2], \"in_navigation\": true, \"publication_end_date\": null, \"application_urls\": null, \"login_required\": false, \"changed_date\": \"2015-09-15T21:15:35.830Z\", \"depth\": 1, \"created_by\": \"contextinformatic@gmail.com\", \"path\": \"0001\", \"creation_date\": \"2015-09-11T21:05:15.638Z\", \"application_namespace\": null, \"parent\": null, \"site\": 1, \"is_home\": true, \"xframe_options\": 0, \"languages\": \"es\", \"publication_date\": \"2015-09-11T21:05:16.122Z\", \"numchild\": 0, \"limit_visibility_in_menu\": null, \"changed_by\": \"contextinformatic@gmail.com\", \"navigation_extenders\": null, \"revision_id\": 0, \"reverse_id\": null}, \"pk\": 1}]",
    "content_type": 2,
    "revision": 139,
    "object_id_int": 1,
    "object_id": "1",
    "object_repr": "INICIO"
  },
  "model": "reversion.version",
  "pk": 2048
},
{
  "fields": {
    "format": "json",
    "serialized_data": "[{\"model\": \"cms.placeholder\", \"fields\": {\"slot\": \"content\", \"default_width\": null}, \"pk\": 2}]",
    "content_type": 1,
    "revision": 139,
    "object_id_int": 2,
    "object_id": "2",
    "object_repr": "content"
  },
  "model": "reversion.version",
  "pk": 2049
},
{
  "fields": {
    "format": "json",
    "serialized_data": "[{\"model\": \"cms.cmsplugin\", \"fields\": {\"plugin_type\": \"MultiColumnPlugin\", \"parent\": null, \"language\": \"es\", \"changed_date\": \"2015-09-15T21:15:19.010Z\", \"depth\": 1, \"numchild\": 2, \"position\": 1, \"path\": \"000T\", \"creation_date\": \"2015-09-15T21:14:17.088Z\", \"placeholder\": 2}, \"pk\": 107}]",
    "content_type": 6,
    "revision": 139,
    "object_id_int": 107,
    "object_id": "107",
    "object_repr": "107"
  },
  "model": "reversion.version",
  "pk": 2050
},
{
  "fields": {
    "format": "json",
    "serialized_data": "[{\"model\": \"cms.title\", \"fields\": {\"published\": true, \"menu_title\": \"INICIO\", \"slug\": \"home\", \"has_url_overwrite\": false, \"language\": \"es\", \"meta_description\": \"productos, articulos, compra, venta\", \"title\": \"Home\", \"redirect\": null, \"path\": \"\", \"creation_date\": \"2015-09-11T21:05:15.886Z\", \"page_title\": \"Inicio\", \"page\": 1}, \"pk\": 1}]",
    "content_type": 10,
    "revision": 139,
    "object_id_int": 1,
    "object_id": "1",
    "object_repr": "Home (home, es)"
  },
  "model": "reversion.version",
  "pk": 2051
},
{
  "fields": {
    "format": "json",
    "serialized_data": "[{\"model\": \"djangocms_column.multicolumns\", \"fields\": {}, \"pk\": 107}]",
    "content_type": 23,
    "revision": 139,
    "object_id_int": 107,
    "object_id": "107",
    "object_repr": "2 columnas"
  },
  "model": "reversion.version",
  "pk": 2052
},
{
  "fields": {
    "format": "json",
    "serialized_data": "[{\"model\": \"cms.cmsplugin\", \"fields\": {\"plugin_type\": \"ColumnPlugin\", \"parent\": 107, \"language\": \"es\", \"changed_date\": \"2015-09-15T21:15:19.864Z\", \"depth\": 2, \"numchild\": 1, \"position\": 0, \"path\": \"000T0002\", \"creation_date\": \"2015-09-15T21:15:03.884Z\", \"placeholder\": 2}, \"pk\": 109}]",
    "content_type": 6,
    "revision": 139,
    "object_id_int": 109,
    "object_id": "109",
    "object_repr": "109"
  },
  "model": "reversion.version",
  "pk": 2053
},
{
  "fields": {
    "format": "json",
    "serialized_data": "[{\"model\": \"pluggin_featured_product.featuredproductplugin\", \"fields\": {\"layout\": \"h\", \"description\": \"Estos son los productos destacados\", \"query\": \"featured\", \"title\": \"Productos destacados\"}, \"pk\": 2}]",
    "content_type": 60,
    "revision": 139,
    "object_id_int": 2,
    "object_id": "2",
    "object_repr": "Productos destacados"
  },
  "model": "reversion.version",
  "pk": 2054
},
{
  "fields": {
    "format": "json",
    "serialized_data": "[{\"model\": \"cms.cmsplugin\", \"fields\": {\"plugin_type\": \"ColumnPlugin\", \"parent\": 107, \"language\": \"es\", \"changed_date\": \"2015-09-15T21:15:19.915Z\", \"depth\": 2, \"numchild\": 0, \"position\": 1, \"path\": \"000T0003\", \"creation_date\": \"2015-09-15T21:15:04.012Z\", \"placeholder\": 2}, \"pk\": 110}]",
    "content_type": 6,
    "revision": 139,
    "object_id_int": 110,
    "object_id": "110",
    "object_repr": "110"
  },
  "model": "reversion.version",
  "pk": 2055
},
{
  "fields": {
    "format": "json",
    "serialized_data": "[{\"model\": \"cms.cmsplugin\", \"fields\": {\"plugin_type\": \"TextPlugin\", \"parent\": 109, \"language\": \"es\", \"changed_date\": \"2015-09-15T21:16:45.237Z\", \"depth\": 3, \"numchild\": 0, \"position\": 0, \"path\": \"000T00020001\", \"creation_date\": \"2015-09-15T21:15:35.730Z\", \"placeholder\": 2}, \"pk\": 111}]",
    "content_type": 6,
    "revision": 139,
    "object_id_int": 111,
    "object_id": "111",
    "object_repr": "111"
  },
  "model": "reversion.version",
  "pk": 2056
},
{
  "fields": {
    "format": "json",
    "serialized_data": "[{\"model\": \"djangocms_column.column\", \"fields\": {\"width\": \"50%\"}, \"pk\": 110}]",
    "content_type": 22,
    "revision": 139,
    "object_id_int": 110,
    "object_id": "110",
    "object_repr": "50%"
  },
  "model": "reversion.version",
  "pk": 2057
},
{
  "fields": {
    "format": "json",
    "serialized_data": "[{\"model\": \"cms.cmsplugin\", \"fields\": {\"plugin_type\": \"CMSFeaturedProductPlugin\", \"parent\": null, \"language\": \"es\", \"changed_date\": \"2015-09-15T21:14:42.169Z\", \"depth\": 1, \"numchild\": 0, \"position\": 0, \"path\": \"000I\", \"creation_date\": \"2015-09-11T21:28:05.004Z\", \"placeholder\": 2}, \"pk\": 2}]",
    "content_type": 6,
    "revision": 139,
    "object_id_int": 2,
    "object_id": "2",
    "object_repr": "2"
  },
  "model": "reversion.version",
  "pk": 2058
},
{
  "fields": {
    "format": "json",
    "serialized_data": "[{\"model\": \"djangocms_text_ckeditor.text\", \"fields\": {\"body\": \"<p>Somos un emprendimiento hijo de la d\\u00e9cada ganada, nacidos a partir de las pol\\u00edticas nacionales orientadas al desarrollo de la industria nacional. Nuestro objetivo no es solo crear cosas que se vean bien bonitas y de la mas alta calidades, si no ademas, producir contenidos, demostrando otra vez, que la pol\\u00edtica lo atraviesa todo, librando as\\u00ed la batalla cultural contra las modas importadas. Nos proponemos llevar la m\\u00edstica militante a todos los rincones, logrando que al ponerte la pilcha que mas te gusta sientas no solo la elegancia de quien luce la novedad, sino esa sensaci\\u00f3n de orgullo que nace desde el pecho que solo se siente cuando se milita una idea, cuando se hace patria, sea desde el lugar que sea. Ahora ya nos conoces, asi que... si te late como a nosotros, te invitamos a que te pongas la camiseta que mas te guste y... a la cancha carajo!!!</p>\\n\"}, \"pk\": 111}]",
    "content_type": 14,
    "revision": 139,
    "object_id_int": 111,
    "object_id": "111",
    "object_repr": "Somos un emprendimiento..."
  },
  "model": "reversion.version",
  "pk": 2059
},
{
  "fields": {
    "format": "json",
    "serialized_data": "[{\"model\": \"djangocms_column.column\", \"fields\": {\"width\": \"50%\"}, \"pk\": 109}]",
    "content_type": 22,
    "revision": 139,
    "object_id_int": 109,
    "object_id": "109",
    "object_repr": "50%"
  },
  "model": "reversion.version",
  "pk": 2060
},
{
  "fields": {
    "format": "json",
    "serialized_data": "[{\"model\": \"cms.page\", \"fields\": {\"soft_root\": false, \"template\": \"INHERIT\", \"placeholders\": [2], \"in_navigation\": true, \"publication_end_date\": null, \"application_urls\": null, \"login_required\": false, \"changed_date\": \"2015-09-15T21:16:45.640Z\", \"depth\": 1, \"created_by\": \"contextinformatic@gmail.com\", \"path\": \"0001\", \"creation_date\": \"2015-09-11T21:05:15.638Z\", \"application_namespace\": null, \"parent\": null, \"site\": 1, \"is_home\": true, \"xframe_options\": 0, \"languages\": \"es\", \"publication_date\": \"2015-09-11T21:05:16.122Z\", \"numchild\": 0, \"limit_visibility_in_menu\": null, \"changed_by\": \"contextinformatic@gmail.com\", \"navigation_extenders\": null, \"revision_id\": 0, \"reverse_id\": null}, \"pk\": 1}]",
    "content_type": 2,
    "revision": 140,
    "object_id_int": 1,
    "object_id": "1",
    "object_repr": "INICIO"
  },
  "model": "reversion.version",
  "pk": 2061
},
{
  "fields": {
    "format": "json",
    "serialized_data": "[{\"model\": \"cms.placeholder\", \"fields\": {\"slot\": \"content\", \"default_width\": null}, \"pk\": 2}]",
    "content_type": 1,
    "revision": 140,
    "object_id_int": 2,
    "object_id": "2",
    "object_repr": "content"
  },
  "model": "reversion.version",
  "pk": 2062
},
{
  "fields": {
    "format": "json",
    "serialized_data": "[{\"model\": \"cms.cmsplugin\", \"fields\": {\"plugin_type\": \"MultiColumnPlugin\", \"parent\": null, \"language\": \"es\", \"changed_date\": \"2015-09-15T21:15:19.010Z\", \"depth\": 1, \"numchild\": 2, \"position\": 1, \"path\": \"000T\", \"creation_date\": \"2015-09-15T21:14:17.088Z\", \"placeholder\": 2}, \"pk\": 107}]",
    "content_type": 6,
    "revision": 140,
    "object_id_int": 107,
    "object_id": "107",
    "object_repr": "107"
  },
  "model": "reversion.version",
  "pk": 2063
},
{
  "fields": {
    "format": "json",
    "serialized_data": "[{\"model\": \"cms.title\", \"fields\": {\"published\": true, \"menu_title\": \"INICIO\", \"slug\": \"home\", \"has_url_overwrite\": false, \"language\": \"es\", \"meta_description\": \"productos, articulos, compra, venta\", \"title\": \"Home\", \"redirect\": null, \"path\": \"\", \"creation_date\": \"2015-09-11T21:05:15.886Z\", \"page_title\": \"Inicio\", \"page\": 1}, \"pk\": 1}]",
    "content_type": 10,
    "revision": 140,
    "object_id_int": 1,
    "object_id": "1",
    "object_repr": "Home (home, es)"
  },
  "model": "reversion.version",
  "pk": 2064
},
{
  "fields": {
    "format": "json",
    "serialized_data": "[{\"model\": \"djangocms_column.multicolumns\", \"fields\": {}, \"pk\": 107}]",
    "content_type": 23,
    "revision": 140,
    "object_id_int": 107,
    "object_id": "107",
    "object_repr": "2 columnas"
  },
  "model": "reversion.version",
  "pk": 2065
},
{
  "fields": {
    "format": "json",
    "serialized_data": "[{\"model\": \"djangocms_column.column\", \"fields\": {\"width\": \"50%\"}, \"pk\": 109}]",
    "content_type": 22,
    "revision": 140,
    "object_id_int": 109,
    "object_id": "109",
    "object_repr": "50%"
  },
  "model": "reversion.version",
  "pk": 2066
},
{
  "fields": {
    "format": "json",
    "serialized_data": "[{\"model\": \"pluggin_featured_product.featuredproductplugin\", \"fields\": {\"layout\": \"h\", \"description\": \"Estos son los productos destacados\", \"query\": \"featured\", \"title\": \"Productos destacados\"}, \"pk\": 2}]",
    "content_type": 60,
    "revision": 140,
    "object_id_int": 2,
    "object_id": "2",
    "object_repr": "Productos destacados"
  },
  "model": "reversion.version",
  "pk": 2067
},
{
  "fields": {
    "format": "json",
    "serialized_data": "[{\"model\": \"cms.cmsplugin\", \"fields\": {\"plugin_type\": \"ColumnPlugin\", \"parent\": 107, \"language\": \"es\", \"changed_date\": \"2015-09-15T21:15:19.915Z\", \"depth\": 2, \"numchild\": 1, \"position\": 1, \"path\": \"000T0003\", \"creation_date\": \"2015-09-15T21:15:04.012Z\", \"placeholder\": 2}, \"pk\": 110}]",
    "content_type": 6,
    "revision": 140,
    "object_id_int": 110,
    "object_id": "110",
    "object_repr": "110"
  },
  "model": "reversion.version",
  "pk": 2068
},
{
  "fields": {
    "format": "json",
    "serialized_data": "[{\"model\": \"cms.cmsplugin\", \"fields\": {\"plugin_type\": \"ColumnPlugin\", \"parent\": 107, \"language\": \"es\", \"changed_date\": \"2015-09-15T21:15:19.864Z\", \"depth\": 2, \"numchild\": 1, \"position\": 0, \"path\": \"000T0002\", \"creation_date\": \"2015-09-15T21:15:03.884Z\", \"placeholder\": 2}, \"pk\": 109}]",
    "content_type": 6,
    "revision": 140,
    "object_id_int": 109,
    "object_id": "109",
    "object_repr": "109"
  },
  "model": "reversion.version",
  "pk": 2069
},
{
  "fields": {
    "format": "json",
    "serialized_data": "[{\"model\": \"cms.cmsplugin\", \"fields\": {\"plugin_type\": \"FilerImagePlugin\", \"parent\": 110, \"language\": \"es\", \"changed_date\": \"2015-09-15T21:16:59.534Z\", \"depth\": 3, \"numchild\": 0, \"position\": 0, \"path\": \"000T00030001\", \"creation_date\": \"2015-09-15T21:16:59.523Z\", \"placeholder\": 2}, \"pk\": 112}]",
    "content_type": 6,
    "revision": 140,
    "object_id_int": 112,
    "object_id": "112",
    "object_repr": "112"
  },
  "model": "reversion.version",
  "pk": 2070
},
{
  "fields": {
    "format": "json",
    "serialized_data": "[{\"model\": \"djangocms_column.column\", \"fields\": {\"width\": \"50%\"}, \"pk\": 110}]",
    "content_type": 22,
    "revision": 140,
    "object_id_int": 110,
    "object_id": "110",
    "object_repr": "50%"
  },
  "model": "reversion.version",
  "pk": 2071
},
{
  "fields": {
    "format": "json",
    "serialized_data": "[{\"model\": \"cms.cmsplugin\", \"fields\": {\"plugin_type\": \"CMSFeaturedProductPlugin\", \"parent\": null, \"language\": \"es\", \"changed_date\": \"2015-09-15T21:14:42.169Z\", \"depth\": 1, \"numchild\": 0, \"position\": 0, \"path\": \"000I\", \"creation_date\": \"2015-09-11T21:28:05.004Z\", \"placeholder\": 2}, \"pk\": 2}]",
    "content_type": 6,
    "revision": 140,
    "object_id_int": 2,
    "object_id": "2",
    "object_repr": "2"
  },
  "model": "reversion.version",
  "pk": 2072
},
{
  "fields": {
    "format": "json",
    "serialized_data": "[{\"model\": \"cms.cmsplugin\", \"fields\": {\"plugin_type\": \"TextPlugin\", \"parent\": 109, \"language\": \"es\", \"changed_date\": \"2015-09-15T21:16:45.237Z\", \"depth\": 3, \"numchild\": 0, \"position\": 0, \"path\": \"000T00020001\", \"creation_date\": \"2015-09-15T21:15:35.730Z\", \"placeholder\": 2}, \"pk\": 111}]",
    "content_type": 6,
    "revision": 140,
    "object_id_int": 111,
    "object_id": "111",
    "object_repr": "111"
  },
  "model": "reversion.version",
  "pk": 2073
},
{
  "fields": {
    "format": "json",
    "serialized_data": "[{\"model\": \"djangocms_text_ckeditor.text\", \"fields\": {\"body\": \"<p>Somos un emprendimiento hijo de la d\\u00e9cada ganada, nacidos a partir de las pol\\u00edticas nacionales orientadas al desarrollo de la industria nacional. Nuestro objetivo no es solo crear cosas que se vean bien bonitas y de la mas alta calidades, si no ademas, producir contenidos, demostrando otra vez, que la pol\\u00edtica lo atraviesa todo, librando as\\u00ed la batalla cultural contra las modas importadas. Nos proponemos llevar la m\\u00edstica militante a todos los rincones, logrando que al ponerte la pilcha que mas te gusta sientas no solo la elegancia de quien luce la novedad, sino esa sensaci\\u00f3n de orgullo que nace desde el pecho que solo se siente cuando se milita una idea, cuando se hace patria, sea desde el lugar que sea. Ahora ya nos conoces, asi que... si te late como a nosotros, te invitamos a que te pongas la camiseta que mas te guste y... a la cancha carajo!!!</p>\\n\"}, \"pk\": 111}]",
    "content_type": 14,
    "revision": 140,
    "object_id_int": 111,
    "object_id": "111",
    "object_repr": "Somos un emprendimiento..."
  },
  "model": "reversion.version",
  "pk": 2074
},
{
  "fields": {
    "format": "json",
    "serialized_data": "[{\"model\": \"cms.page\", \"fields\": {\"soft_root\": false, \"template\": \"INHERIT\", \"placeholders\": [2], \"in_navigation\": true, \"publication_end_date\": null, \"application_urls\": null, \"login_required\": false, \"changed_date\": \"2015-09-15T21:16:59.627Z\", \"depth\": 1, \"created_by\": \"contextinformatic@gmail.com\", \"path\": \"0001\", \"creation_date\": \"2015-09-11T21:05:15.638Z\", \"application_namespace\": null, \"parent\": null, \"site\": 1, \"is_home\": true, \"xframe_options\": 0, \"languages\": \"es\", \"publication_date\": \"2015-09-11T21:05:16.122Z\", \"numchild\": 0, \"limit_visibility_in_menu\": null, \"changed_by\": \"contextinformatic@gmail.com\", \"navigation_extenders\": null, \"revision_id\": 0, \"reverse_id\": null}, \"pk\": 1}]",
    "content_type": 2,
    "revision": 141,
    "object_id_int": 1,
    "object_id": "1",
    "object_repr": "INICIO"
  },
  "model": "reversion.version",
  "pk": 2075
},
{
  "fields": {
    "format": "json",
    "serialized_data": "[{\"model\": \"cms.placeholder\", \"fields\": {\"slot\": \"content\", \"default_width\": null}, \"pk\": 2}]",
    "content_type": 1,
    "revision": 141,
    "object_id_int": 2,
    "object_id": "2",
    "object_repr": "content"
  },
  "model": "reversion.version",
  "pk": 2076
},
{
  "fields": {
    "format": "json",
    "serialized_data": "[{\"model\": \"djangocms_column.multicolumns\", \"fields\": {}, \"pk\": 107}]",
    "content_type": 23,
    "revision": 141,
    "object_id_int": 107,
    "object_id": "107",
    "object_repr": "2 columnas"
  },
  "model": "reversion.version",
  "pk": 2077
},
{
  "fields": {
    "format": "json",
    "serialized_data": "[{\"model\": \"cms.title\", \"fields\": {\"published\": true, \"menu_title\": \"INICIO\", \"slug\": \"home\", \"has_url_overwrite\": false, \"language\": \"es\", \"meta_description\": \"productos, articulos, compra, venta\", \"title\": \"Home\", \"redirect\": null, \"path\": \"\", \"creation_date\": \"2015-09-11T21:05:15.886Z\", \"page_title\": \"Inicio\", \"page\": 1}, \"pk\": 1}]",
    "content_type": 10,
    "revision": 141,
    "object_id_int": 1,
    "object_id": "1",
    "object_repr": "Home (home, es)"
  },
  "model": "reversion.version",
  "pk": 2078
},
{
  "fields": {
    "format": "json",
    "serialized_data": "[{\"model\": \"cmsplugin_filer_image.filerimage\", \"fields\": {\"upscale\": true, \"image_url\": \"\", \"original_link\": false, \"alignment\": null, \"style\": \"\", \"page_link\": null, \"crop\": true, \"alt_text\": \"\", \"free_link\": \"\", \"image\": 4, \"file_link\": null, \"width\": null, \"thumbnail_option\": null, \"height\": null, \"use_original_image\": false, \"description\": \"\", \"use_autoscale\": false, \"target_blank\": false, \"caption_text\": \"\"}, \"pk\": 112}]",
    "content_type": 78,
    "revision": 141,
    "object_id_int": 112,
    "object_id": "112",
    "object_repr": "images.jpeg"
  },
  "model": "reversion.version",
  "pk": 2079
},
{
  "fields": {
    "format": "json",
    "serialized_data": "[{\"model\": \"cms.cmsplugin\", \"fields\": {\"plugin_type\": \"MultiColumnPlugin\", \"parent\": null, \"language\": \"es\", \"changed_date\": \"2015-09-15T21:15:19.010Z\", \"depth\": 1, \"numchild\": 2, \"position\": 1, \"path\": \"000T\", \"creation_date\": \"2015-09-15T21:14:17.088Z\", \"placeholder\": 2}, \"pk\": 107}]",
    "content_type": 6,
    "revision": 141,
    "object_id_int": 107,
    "object_id": "107",
    "object_repr": "107"
  },
  "model": "reversion.version",
  "pk": 2080
},
{
  "fields": {
    "format": "json",
    "serialized_data": "[{\"model\": \"djangocms_column.column\", \"fields\": {\"width\": \"50%\"}, \"pk\": 109}]",
    "content_type": 22,
    "revision": 141,
    "object_id_int": 109,
    "object_id": "109",
    "object_repr": "50%"
  },
  "model": "reversion.version",
  "pk": 2081
},
{
  "fields": {
    "format": "json",
    "serialized_data": "[{\"model\": \"pluggin_featured_product.featuredproductplugin\", \"fields\": {\"layout\": \"h\", \"description\": \"Estos son los productos destacados\", \"query\": \"featured\", \"title\": \"Productos destacados\"}, \"pk\": 2}]",
    "content_type": 60,
    "revision": 141,
    "object_id_int": 2,
    "object_id": "2",
    "object_repr": "Productos destacados"
  },
  "model": "reversion.version",
  "pk": 2082
},
{
  "fields": {
    "format": "json",
    "serialized_data": "[{\"model\": \"cms.cmsplugin\", \"fields\": {\"plugin_type\": \"ColumnPlugin\", \"parent\": 107, \"language\": \"es\", \"changed_date\": \"2015-09-15T21:15:19.915Z\", \"depth\": 2, \"numchild\": 1, \"position\": 1, \"path\": \"000T0003\", \"creation_date\": \"2015-09-15T21:15:04.012Z\", \"placeholder\": 2}, \"pk\": 110}]",
    "content_type": 6,
    "revision": 141,
    "object_id_int": 110,
    "object_id": "110",
    "object_repr": "110"
  },
  "model": "reversion.version",
  "pk": 2083
},
{
  "fields": {
    "format": "json",
    "serialized_data": "[{\"model\": \"cms.cmsplugin\", \"fields\": {\"plugin_type\": \"ColumnPlugin\", \"parent\": 107, \"language\": \"es\", \"changed_date\": \"2015-09-15T21:15:19.864Z\", \"depth\": 2, \"numchild\": 1, \"position\": 0, \"path\": \"000T0002\", \"creation_date\": \"2015-09-15T21:15:03.884Z\", \"placeholder\": 2}, \"pk\": 109}]",
    "content_type": 6,
    "revision": 141,
    "object_id_int": 109,
    "object_id": "109",
    "object_repr": "109"
  },
  "model": "reversion.version",
  "pk": 2084
},
{
  "fields": {
    "format": "json",
    "serialized_data": "[{\"model\": \"cms.cmsplugin\", \"fields\": {\"plugin_type\": \"FilerImagePlugin\", \"parent\": 110, \"language\": \"es\", \"changed_date\": \"2015-09-15T21:20:06.836Z\", \"depth\": 3, \"numchild\": 0, \"position\": 0, \"path\": \"000T00030001\", \"creation_date\": \"2015-09-15T21:16:59.523Z\", \"placeholder\": 2}, \"pk\": 112}]",
    "content_type": 6,
    "revision": 141,
    "object_id_int": 112,
    "object_id": "112",
    "object_repr": "112"
  },
  "model": "reversion.version",
  "pk": 2085
},
{
  "fields": {
    "format": "json",
    "serialized_data": "[{\"model\": \"djangocms_column.column\", \"fields\": {\"width\": \"50%\"}, \"pk\": 110}]",
    "content_type": 22,
    "revision": 141,
    "object_id_int": 110,
    "object_id": "110",
    "object_repr": "50%"
  },
  "model": "reversion.version",
  "pk": 2086
},
{
  "fields": {
    "format": "json",
    "serialized_data": "[{\"model\": \"cms.cmsplugin\", \"fields\": {\"plugin_type\": \"CMSFeaturedProductPlugin\", \"parent\": null, \"language\": \"es\", \"changed_date\": \"2015-09-15T21:14:42.169Z\", \"depth\": 1, \"numchild\": 0, \"position\": 0, \"path\": \"000I\", \"creation_date\": \"2015-09-11T21:28:05.004Z\", \"placeholder\": 2}, \"pk\": 2}]",
    "content_type": 6,
    "revision": 141,
    "object_id_int": 2,
    "object_id": "2",
    "object_repr": "2"
  },
  "model": "reversion.version",
  "pk": 2087
},
{
  "fields": {
    "format": "json",
    "serialized_data": "[{\"model\": \"cms.cmsplugin\", \"fields\": {\"plugin_type\": \"TextPlugin\", \"parent\": 109, \"language\": \"es\", \"changed_date\": \"2015-09-15T21:16:45.237Z\", \"depth\": 3, \"numchild\": 0, \"position\": 0, \"path\": \"000T00020001\", \"creation_date\": \"2015-09-15T21:15:35.730Z\", \"placeholder\": 2}, \"pk\": 111}]",
    "content_type": 6,
    "revision": 141,
    "object_id_int": 111,
    "object_id": "111",
    "object_repr": "111"
  },
  "model": "reversion.version",
  "pk": 2088
},
{
  "fields": {
    "format": "json",
    "serialized_data": "[{\"model\": \"djangocms_text_ckeditor.text\", \"fields\": {\"body\": \"<p>Somos un emprendimiento hijo de la d\\u00e9cada ganada, nacidos a partir de las pol\\u00edticas nacionales orientadas al desarrollo de la industria nacional. Nuestro objetivo no es solo crear cosas que se vean bien bonitas y de la mas alta calidades, si no ademas, producir contenidos, demostrando otra vez, que la pol\\u00edtica lo atraviesa todo, librando as\\u00ed la batalla cultural contra las modas importadas. Nos proponemos llevar la m\\u00edstica militante a todos los rincones, logrando que al ponerte la pilcha que mas te gusta sientas no solo la elegancia de quien luce la novedad, sino esa sensaci\\u00f3n de orgullo que nace desde el pecho que solo se siente cuando se milita una idea, cuando se hace patria, sea desde el lugar que sea. Ahora ya nos conoces, asi que... si te late como a nosotros, te invitamos a que te pongas la camiseta que mas te guste y... a la cancha carajo!!!</p>\\n\"}, \"pk\": 111}]",
    "content_type": 14,
    "revision": 141,
    "object_id_int": 111,
    "object_id": "111",
    "object_repr": "Somos un emprendimiento..."
  },
  "model": "reversion.version",
  "pk": 2089
},
{
  "fields": {
    "format": "json",
    "serialized_data": "[{\"model\": \"cms.page\", \"fields\": {\"soft_root\": false, \"template\": \"INHERIT\", \"placeholders\": [2], \"in_navigation\": true, \"publication_end_date\": null, \"application_urls\": null, \"login_required\": false, \"changed_date\": \"2015-09-15T21:20:07.383Z\", \"depth\": 1, \"created_by\": \"contextinformatic@gmail.com\", \"path\": \"0001\", \"creation_date\": \"2015-09-11T21:05:15.638Z\", \"application_namespace\": null, \"parent\": null, \"site\": 1, \"is_home\": true, \"xframe_options\": 0, \"languages\": \"es\", \"publication_date\": \"2015-09-11T21:05:16.122Z\", \"numchild\": 0, \"limit_visibility_in_menu\": null, \"changed_by\": \"contextinformatic@gmail.com\", \"navigation_extenders\": null, \"revision_id\": 0, \"reverse_id\": null}, \"pk\": 1}]",
    "content_type": 2,
    "revision": 142,
    "object_id_int": 1,
    "object_id": "1",
    "object_repr": "INICIO"
  },
  "model": "reversion.version",
  "pk": 2090
},
{
  "fields": {
    "format": "json",
    "serialized_data": "[{\"model\": \"cms.placeholder\", \"fields\": {\"slot\": \"content\", \"default_width\": null}, \"pk\": 2}]",
    "content_type": 1,
    "revision": 142,
    "object_id_int": 2,
    "object_id": "2",
    "object_repr": "content"
  },
  "model": "reversion.version",
  "pk": 2091
},
{
  "fields": {
    "format": "json",
    "serialized_data": "[{\"model\": \"djangocms_column.multicolumns\", \"fields\": {}, \"pk\": 107}]",
    "content_type": 23,
    "revision": 142,
    "object_id_int": 107,
    "object_id": "107",
    "object_repr": "2 columnas"
  },
  "model": "reversion.version",
  "pk": 2092
},
{
  "fields": {
    "format": "json",
    "serialized_data": "[{\"model\": \"cms.title\", \"fields\": {\"published\": true, \"menu_title\": \"INICIO\", \"slug\": \"home\", \"has_url_overwrite\": false, \"language\": \"es\", \"meta_description\": \"productos, articulos, compra, venta\", \"title\": \"Home\", \"redirect\": null, \"path\": \"\", \"creation_date\": \"2015-09-11T21:05:15.886Z\", \"page_title\": \"Inicio\", \"page\": 1}, \"pk\": 1}]",
    "content_type": 10,
    "revision": 142,
    "object_id_int": 1,
    "object_id": "1",
    "object_repr": "Home (home, es)"
  },
  "model": "reversion.version",
  "pk": 2093
},
{
  "fields": {
    "format": "json",
    "serialized_data": "[{\"model\": \"cmsplugin_filer_image.filerimage\", \"fields\": {\"upscale\": true, \"image_url\": \"\", \"original_link\": false, \"alignment\": null, \"style\": \"\", \"page_link\": null, \"crop\": true, \"alt_text\": \"\", \"free_link\": \"\", \"image\": 4, \"file_link\": null, \"width\": null, \"thumbnail_option\": null, \"height\": null, \"use_original_image\": false, \"description\": \"\", \"use_autoscale\": false, \"target_blank\": false, \"caption_text\": \"\"}, \"pk\": 112}]",
    "content_type": 78,
    "revision": 142,
    "object_id_int": 112,
    "object_id": "112",
    "object_repr": "images.jpeg"
  },
  "model": "reversion.version",
  "pk": 2094
},
{
  "fields": {
    "format": "json",
    "serialized_data": "[{\"model\": \"cms.cmsplugin\", \"fields\": {\"plugin_type\": \"MultiColumnPlugin\", \"parent\": null, \"language\": \"es\", \"changed_date\": \"2015-09-15T21:15:19.010Z\", \"depth\": 1, \"numchild\": 2, \"position\": 1, \"path\": \"000T\", \"creation_date\": \"2015-09-15T21:14:17.088Z\", \"placeholder\": 2}, \"pk\": 107}]",
    "content_type": 6,
    "revision": 142,
    "object_id_int": 107,
    "object_id": "107",
    "object_repr": "107"
  },
  "model": "reversion.version",
  "pk": 2095
},
{
  "fields": {
    "format": "json",
    "serialized_data": "[{\"model\": \"djangocms_column.column\", \"fields\": {\"width\": \"50%\"}, \"pk\": 109}]",
    "content_type": 22,
    "revision": 142,
    "object_id_int": 109,
    "object_id": "109",
    "object_repr": "50%"
  },
  "model": "reversion.version",
  "pk": 2096
},
{
  "fields": {
    "format": "json",
    "serialized_data": "[{\"model\": \"pluggin_featured_product.featuredproductplugin\", \"fields\": {\"layout\": \"h\", \"description\": \"Estos son los productos destacados\", \"query\": \"featured\", \"title\": \"Productos destacados\"}, \"pk\": 2}]",
    "content_type": 60,
    "revision": 142,
    "object_id_int": 2,
    "object_id": "2",
    "object_repr": "Productos destacados"
  },
  "model": "reversion.version",
  "pk": 2097
},
{
  "fields": {
    "format": "json",
    "serialized_data": "[{\"model\": \"djangocms_column.column\", \"fields\": {\"width\": \"50%\"}, \"pk\": 110}]",
    "content_type": 22,
    "revision": 142,
    "object_id_int": 110,
    "object_id": "110",
    "object_repr": "50%"
  },
  "model": "reversion.version",
  "pk": 2098
},
{
  "fields": {
    "format": "json",
    "serialized_data": "[{\"model\": \"cms.cmsplugin\", \"fields\": {\"plugin_type\": \"ColumnPlugin\", \"parent\": 107, \"language\": \"es\", \"changed_date\": \"2015-09-15T21:15:19.864Z\", \"depth\": 2, \"numchild\": 1, \"position\": 0, \"path\": \"000T0002\", \"creation_date\": \"2015-09-15T21:15:03.884Z\", \"placeholder\": 2}, \"pk\": 109}]",
    "content_type": 6,
    "revision": 142,
    "object_id_int": 109,
    "object_id": "109",
    "object_repr": "109"
  },
  "model": "reversion.version",
  "pk": 2099
},
{
  "fields": {
    "format": "json",
    "serialized_data": "[{\"model\": \"cms.cmsplugin\", \"fields\": {\"plugin_type\": \"FilerImagePlugin\", \"parent\": 110, \"language\": \"es\", \"changed_date\": \"2015-09-15T21:20:06.836Z\", \"depth\": 3, \"numchild\": 0, \"position\": 0, \"path\": \"000T00030001\", \"creation_date\": \"2015-09-15T21:16:59.523Z\", \"placeholder\": 2}, \"pk\": 112}]",
    "content_type": 6,
    "revision": 142,
    "object_id_int": 112,
    "object_id": "112",
    "object_repr": "112"
  },
  "model": "reversion.version",
  "pk": 2100
},
{
  "fields": {
    "format": "json",
    "serialized_data": "[{\"model\": \"cms.cmsplugin\", \"fields\": {\"plugin_type\": \"CMSFeaturedProductPlugin\", \"parent\": null, \"language\": \"es\", \"changed_date\": \"2015-09-15T21:20:23.627Z\", \"depth\": 1, \"numchild\": 0, \"position\": 6, \"path\": \"000U\", \"creation_date\": \"2015-09-15T21:20:23.620Z\", \"placeholder\": 2}, \"pk\": 113}]",
    "content_type": 6,
    "revision": 142,
    "object_id_int": 113,
    "object_id": "113",
    "object_repr": "113"
  },
  "model": "reversion.version",
  "pk": 2101
},
{
  "fields": {
    "format": "json",
    "serialized_data": "[{\"model\": \"cms.cmsplugin\", \"fields\": {\"plugin_type\": \"ColumnPlugin\", \"parent\": 107, \"language\": \"es\", \"changed_date\": \"2015-09-15T21:15:19.915Z\", \"depth\": 2, \"numchild\": 1, \"position\": 1, \"path\": \"000T0003\", \"creation_date\": \"2015-09-15T21:15:04.012Z\", \"placeholder\": 2}, \"pk\": 110}]",
    "content_type": 6,
    "revision": 142,
    "object_id_int": 110,
    "object_id": "110",
    "object_repr": "110"
  },
  "model": "reversion.version",
  "pk": 2102
},
{
  "fields": {
    "format": "json",
    "serialized_data": "[{\"model\": \"cms.cmsplugin\", \"fields\": {\"plugin_type\": \"CMSFeaturedProductPlugin\", \"parent\": null, \"language\": \"es\", \"changed_date\": \"2015-09-15T21:14:42.169Z\", \"depth\": 1, \"numchild\": 0, \"position\": 0, \"path\": \"000I\", \"creation_date\": \"2015-09-11T21:28:05.004Z\", \"placeholder\": 2}, \"pk\": 2}]",
    "content_type": 6,
    "revision": 142,
    "object_id_int": 2,
    "object_id": "2",
    "object_repr": "2"
  },
  "model": "reversion.version",
  "pk": 2103
},
{
  "fields": {
    "format": "json",
    "serialized_data": "[{\"model\": \"cms.cmsplugin\", \"fields\": {\"plugin_type\": \"TextPlugin\", \"parent\": 109, \"language\": \"es\", \"changed_date\": \"2015-09-15T21:16:45.237Z\", \"depth\": 3, \"numchild\": 0, \"position\": 0, \"path\": \"000T00020001\", \"creation_date\": \"2015-09-15T21:15:35.730Z\", \"placeholder\": 2}, \"pk\": 111}]",
    "content_type": 6,
    "revision": 142,
    "object_id_int": 111,
    "object_id": "111",
    "object_repr": "111"
  },
  "model": "reversion.version",
  "pk": 2104
},
{
  "fields": {
    "format": "json",
    "serialized_data": "[{\"model\": \"djangocms_text_ckeditor.text\", \"fields\": {\"body\": \"<p>Somos un emprendimiento hijo de la d\\u00e9cada ganada, nacidos a partir de las pol\\u00edticas nacionales orientadas al desarrollo de la industria nacional. Nuestro objetivo no es solo crear cosas que se vean bien bonitas y de la mas alta calidades, si no ademas, producir contenidos, demostrando otra vez, que la pol\\u00edtica lo atraviesa todo, librando as\\u00ed la batalla cultural contra las modas importadas. Nos proponemos llevar la m\\u00edstica militante a todos los rincones, logrando que al ponerte la pilcha que mas te gusta sientas no solo la elegancia de quien luce la novedad, sino esa sensaci\\u00f3n de orgullo que nace desde el pecho que solo se siente cuando se milita una idea, cuando se hace patria, sea desde el lugar que sea. Ahora ya nos conoces, asi que... si te late como a nosotros, te invitamos a que te pongas la camiseta que mas te guste y... a la cancha carajo!!!</p>\\n\"}, \"pk\": 111}]",
    "content_type": 14,
    "revision": 142,
    "object_id_int": 111,
    "object_id": "111",
    "object_repr": "Somos un emprendimiento..."
  },
  "model": "reversion.version",
  "pk": 2105
},
{
  "fields": {
    "format": "json",
    "serialized_data": "[{\"model\": \"cms.page\", \"fields\": {\"soft_root\": false, \"template\": \"INHERIT\", \"placeholders\": [2], \"in_navigation\": true, \"publication_end_date\": null, \"application_urls\": null, \"login_required\": false, \"changed_date\": \"2015-09-15T21:20:23.725Z\", \"depth\": 1, \"created_by\": \"contextinformatic@gmail.com\", \"path\": \"0001\", \"creation_date\": \"2015-09-11T21:05:15.638Z\", \"application_namespace\": null, \"parent\": null, \"site\": 1, \"is_home\": true, \"xframe_options\": 0, \"languages\": \"es\", \"publication_date\": \"2015-09-11T21:05:16.122Z\", \"numchild\": 0, \"limit_visibility_in_menu\": null, \"changed_by\": \"contextinformatic@gmail.com\", \"navigation_extenders\": null, \"revision_id\": 0, \"reverse_id\": null}, \"pk\": 1}]",
    "content_type": 2,
    "revision": 143,
    "object_id_int": 1,
    "object_id": "1",
    "object_repr": "INICIO"
  },
  "model": "reversion.version",
  "pk": 2106
},
{
  "fields": {
    "format": "json",
    "serialized_data": "[{\"model\": \"cms.placeholder\", \"fields\": {\"slot\": \"content\", \"default_width\": null}, \"pk\": 2}]",
    "content_type": 1,
    "revision": 143,
    "object_id_int": 2,
    "object_id": "2",
    "object_repr": "content"
  },
  "model": "reversion.version",
  "pk": 2107
},
{
  "fields": {
    "format": "json",
    "serialized_data": "[{\"model\": \"djangocms_column.multicolumns\", \"fields\": {}, \"pk\": 107}]",
    "content_type": 23,
    "revision": 143,
    "object_id_int": 107,
    "object_id": "107",
    "object_repr": "2 columnas"
  },
  "model": "reversion.version",
  "pk": 2108
},
{
  "fields": {
    "format": "json",
    "serialized_data": "[{\"model\": \"cms.title\", \"fields\": {\"published\": true, \"menu_title\": \"INICIO\", \"slug\": \"home\", \"has_url_overwrite\": false, \"language\": \"es\", \"meta_description\": \"productos, articulos, compra, venta\", \"title\": \"Home\", \"redirect\": null, \"path\": \"\", \"creation_date\": \"2015-09-11T21:05:15.886Z\", \"page_title\": \"Inicio\", \"page\": 1}, \"pk\": 1}]",
    "content_type": 10,
    "revision": 143,
    "object_id_int": 1,
    "object_id": "1",
    "object_repr": "Home (home, es)"
  },
  "model": "reversion.version",
  "pk": 2109
},
{
  "fields": {
    "format": "json",
    "serialized_data": "[{\"model\": \"pluggin_featured_product.featuredproductplugin\", \"fields\": {\"layout\": \"h\", \"description\": \"Los productos favoritos elegidos por los usuarios.\", \"query\": \"favorite\", \"title\": \"Favoritos\"}, \"pk\": 113}]",
    "content_type": 60,
    "revision": 143,
    "object_id_int": 113,
    "object_id": "113",
    "object_repr": "Favoritos"
  },
  "model": "reversion.version",
  "pk": 2110
},
{
  "fields": {
    "format": "json",
    "serialized_data": "[{\"model\": \"cmsplugin_filer_image.filerimage\", \"fields\": {\"upscale\": true, \"image_url\": \"\", \"original_link\": false, \"alignment\": null, \"style\": \"\", \"page_link\": null, \"crop\": true, \"alt_text\": \"\", \"free_link\": \"\", \"image\": 4, \"file_link\": null, \"width\": null, \"thumbnail_option\": null, \"height\": null, \"use_original_image\": false, \"description\": \"\", \"use_autoscale\": false, \"target_blank\": false, \"caption_text\": \"\"}, \"pk\": 112}]",
    "content_type": 78,
    "revision": 143,
    "object_id_int": 112,
    "object_id": "112",
    "object_repr": "images.jpeg"
  },
  "model": "reversion.version",
  "pk": 2111
},
{
  "fields": {
    "format": "json",
    "serialized_data": "[{\"model\": \"cms.cmsplugin\", \"fields\": {\"plugin_type\": \"MultiColumnPlugin\", \"parent\": null, \"language\": \"es\", \"changed_date\": \"2015-09-15T21:15:19.010Z\", \"depth\": 1, \"numchild\": 2, \"position\": 1, \"path\": \"000T\", \"creation_date\": \"2015-09-15T21:14:17.088Z\", \"placeholder\": 2}, \"pk\": 107}]",
    "content_type": 6,
    "revision": 143,
    "object_id_int": 107,
    "object_id": "107",
    "object_repr": "107"
  },
  "model": "reversion.version",
  "pk": 2112
},
{
  "fields": {
    "format": "json",
    "serialized_data": "[{\"model\": \"djangocms_column.column\", \"fields\": {\"width\": \"50%\"}, \"pk\": 109}]",
    "content_type": 22,
    "revision": 143,
    "object_id_int": 109,
    "object_id": "109",
    "object_repr": "50%"
  },
  "model": "reversion.version",
  "pk": 2113
},
{
  "fields": {
    "format": "json",
    "serialized_data": "[{\"model\": \"pluggin_featured_product.featuredproductplugin\", \"fields\": {\"layout\": \"h\", \"description\": \"Estos son los productos destacados\", \"query\": \"featured\", \"title\": \"Productos destacados\"}, \"pk\": 2}]",
    "content_type": 60,
    "revision": 143,
    "object_id_int": 2,
    "object_id": "2",
    "object_repr": "Productos destacados"
  },
  "model": "reversion.version",
  "pk": 2114
},
{
  "fields": {
    "format": "json",
    "serialized_data": "[{\"model\": \"djangocms_column.column\", \"fields\": {\"width\": \"50%\"}, \"pk\": 110}]",
    "content_type": 22,
    "revision": 143,
    "object_id_int": 110,
    "object_id": "110",
    "object_repr": "50%"
  },
  "model": "reversion.version",
  "pk": 2115
},
{
  "fields": {
    "format": "json",
    "serialized_data": "[{\"model\": \"cms.cmsplugin\", \"fields\": {\"plugin_type\": \"ColumnPlugin\", \"parent\": 107, \"language\": \"es\", \"changed_date\": \"2015-09-15T21:15:19.864Z\", \"depth\": 2, \"numchild\": 1, \"position\": 0, \"path\": \"000T0002\", \"creation_date\": \"2015-09-15T21:15:03.884Z\", \"placeholder\": 2}, \"pk\": 109}]",
    "content_type": 6,
    "revision": 143,
    "object_id_int": 109,
    "object_id": "109",
    "object_repr": "109"
  },
  "model": "reversion.version",
  "pk": 2116
},
{
  "fields": {
    "format": "json",
    "serialized_data": "[{\"model\": \"cms.cmsplugin\", \"fields\": {\"plugin_type\": \"FilerImagePlugin\", \"parent\": 110, \"language\": \"es\", \"changed_date\": \"2015-09-15T21:20:06.836Z\", \"depth\": 3, \"numchild\": 0, \"position\": 0, \"path\": \"000T00030001\", \"creation_date\": \"2015-09-15T21:16:59.523Z\", \"placeholder\": 2}, \"pk\": 112}]",
    "content_type": 6,
    "revision": 143,
    "object_id_int": 112,
    "object_id": "112",
    "object_repr": "112"
  },
  "model": "reversion.version",
  "pk": 2117
},
{
  "fields": {
    "format": "json",
    "serialized_data": "[{\"model\": \"cms.cmsplugin\", \"fields\": {\"plugin_type\": \"CMSFeaturedProductPlugin\", \"parent\": null, \"language\": \"es\", \"changed_date\": \"2015-09-15T21:20:52.124Z\", \"depth\": 1, \"numchild\": 0, \"position\": 6, \"path\": \"000U\", \"creation_date\": \"2015-09-15T21:20:23.620Z\", \"placeholder\": 2}, \"pk\": 113}]",
    "content_type": 6,
    "revision": 143,
    "object_id_int": 113,
    "object_id": "113",
    "object_repr": "113"
  },
  "model": "reversion.version",
  "pk": 2118
},
{
  "fields": {
    "format": "json",
    "serialized_data": "[{\"model\": \"cms.cmsplugin\", \"fields\": {\"plugin_type\": \"ColumnPlugin\", \"parent\": 107, \"language\": \"es\", \"changed_date\": \"2015-09-15T21:15:19.915Z\", \"depth\": 2, \"numchild\": 1, \"position\": 1, \"path\": \"000T0003\", \"creation_date\": \"2015-09-15T21:15:04.012Z\", \"placeholder\": 2}, \"pk\": 110}]",
    "content_type": 6,
    "revision": 143,
    "object_id_int": 110,
    "object_id": "110",
    "object_repr": "110"
  },
  "model": "reversion.version",
  "pk": 2119
},
{
  "fields": {
    "format": "json",
    "serialized_data": "[{\"model\": \"cms.cmsplugin\", \"fields\": {\"plugin_type\": \"CMSFeaturedProductPlugin\", \"parent\": null, \"language\": \"es\", \"changed_date\": \"2015-09-15T21:14:42.169Z\", \"depth\": 1, \"numchild\": 0, \"position\": 0, \"path\": \"000I\", \"creation_date\": \"2015-09-11T21:28:05.004Z\", \"placeholder\": 2}, \"pk\": 2}]",
    "content_type": 6,
    "revision": 143,
    "object_id_int": 2,
    "object_id": "2",
    "object_repr": "2"
  },
  "model": "reversion.version",
  "pk": 2120
},
{
  "fields": {
    "format": "json",
    "serialized_data": "[{\"model\": \"cms.cmsplugin\", \"fields\": {\"plugin_type\": \"TextPlugin\", \"parent\": 109, \"language\": \"es\", \"changed_date\": \"2015-09-15T21:16:45.237Z\", \"depth\": 3, \"numchild\": 0, \"position\": 0, \"path\": \"000T00020001\", \"creation_date\": \"2015-09-15T21:15:35.730Z\", \"placeholder\": 2}, \"pk\": 111}]",
    "content_type": 6,
    "revision": 143,
    "object_id_int": 111,
    "object_id": "111",
    "object_repr": "111"
  },
  "model": "reversion.version",
  "pk": 2121
},
{
  "fields": {
    "format": "json",
    "serialized_data": "[{\"model\": \"djangocms_text_ckeditor.text\", \"fields\": {\"body\": \"<p>Somos un emprendimiento hijo de la d\\u00e9cada ganada, nacidos a partir de las pol\\u00edticas nacionales orientadas al desarrollo de la industria nacional. Nuestro objetivo no es solo crear cosas que se vean bien bonitas y de la mas alta calidades, si no ademas, producir contenidos, demostrando otra vez, que la pol\\u00edtica lo atraviesa todo, librando as\\u00ed la batalla cultural contra las modas importadas. Nos proponemos llevar la m\\u00edstica militante a todos los rincones, logrando que al ponerte la pilcha que mas te gusta sientas no solo la elegancia de quien luce la novedad, sino esa sensaci\\u00f3n de orgullo que nace desde el pecho que solo se siente cuando se milita una idea, cuando se hace patria, sea desde el lugar que sea. Ahora ya nos conoces, asi que... si te late como a nosotros, te invitamos a que te pongas la camiseta que mas te guste y... a la cancha carajo!!!</p>\\n\"}, \"pk\": 111}]",
    "content_type": 14,
    "revision": 143,
    "object_id_int": 111,
    "object_id": "111",
    "object_repr": "Somos un emprendimiento..."
  },
  "model": "reversion.version",
  "pk": 2122
},
{
  "fields": {
    "format": "json",
    "serialized_data": "[{\"model\": \"cms.page\", \"fields\": {\"soft_root\": false, \"template\": \"INHERIT\", \"placeholders\": [2], \"in_navigation\": true, \"publication_end_date\": null, \"application_urls\": null, \"login_required\": false, \"changed_date\": \"2015-09-15T21:21:11.420Z\", \"depth\": 1, \"created_by\": \"contextinformatic@gmail.com\", \"path\": \"0001\", \"creation_date\": \"2015-09-11T21:05:15.638Z\", \"application_namespace\": null, \"parent\": null, \"site\": 1, \"is_home\": true, \"xframe_options\": 0, \"languages\": \"es\", \"publication_date\": \"2015-09-11T21:05:16.122Z\", \"numchild\": 0, \"limit_visibility_in_menu\": null, \"changed_by\": \"contextinformatic@gmail.com\", \"navigation_extenders\": null, \"revision_id\": 0, \"reverse_id\": null}, \"pk\": 1}]",
    "content_type": 2,
    "revision": 144,
    "object_id_int": 1,
    "object_id": "1",
    "object_repr": "INICIO"
  },
  "model": "reversion.version",
  "pk": 2123
},
{
  "fields": {
    "format": "json",
    "serialized_data": "[{\"model\": \"cms.placeholder\", \"fields\": {\"slot\": \"content\", \"default_width\": null}, \"pk\": 2}]",
    "content_type": 1,
    "revision": 144,
    "object_id_int": 2,
    "object_id": "2",
    "object_repr": "content"
  },
  "model": "reversion.version",
  "pk": 2124
},
{
  "fields": {
    "format": "json",
    "serialized_data": "[{\"model\": \"djangocms_column.multicolumns\", \"fields\": {}, \"pk\": 107}]",
    "content_type": 23,
    "revision": 144,
    "object_id_int": 107,
    "object_id": "107",
    "object_repr": "2 columnas"
  },
  "model": "reversion.version",
  "pk": 2125
},
{
  "fields": {
    "format": "json",
    "serialized_data": "[{\"model\": \"cms.title\", \"fields\": {\"published\": true, \"menu_title\": \"INICIO\", \"slug\": \"home\", \"has_url_overwrite\": false, \"language\": \"es\", \"meta_description\": \"productos, articulos, compra, venta\", \"title\": \"Home\", \"redirect\": null, \"path\": \"\", \"creation_date\": \"2015-09-11T21:05:15.886Z\", \"page_title\": \"Inicio\", \"page\": 1}, \"pk\": 1}]",
    "content_type": 10,
    "revision": 144,
    "object_id_int": 1,
    "object_id": "1",
    "object_repr": "Home (home, es)"
  },
  "model": "reversion.version",
  "pk": 2126
},
{
  "fields": {
    "format": "json",
    "serialized_data": "[{\"model\": \"pluggin_featured_product.featuredproductplugin\", \"fields\": {\"layout\": \"h\", \"description\": \"Los productos favoritos elegidos por los usuarios.\", \"query\": \"favorite\", \"title\": \"Favoritos\"}, \"pk\": 113}]",
    "content_type": 60,
    "revision": 144,
    "object_id_int": 113,
    "object_id": "113",
    "object_repr": "Favoritos"
  },
  "model": "reversion.version",
  "pk": 2127
},
{
  "fields": {
    "format": "json",
    "serialized_data": "[{\"model\": \"cmsplugin_filer_image.filerimage\", \"fields\": {\"upscale\": true, \"image_url\": \"\", \"original_link\": false, \"alignment\": null, \"style\": \"\", \"page_link\": null, \"crop\": true, \"alt_text\": \"\", \"free_link\": \"\", \"image\": 4, \"file_link\": null, \"width\": null, \"thumbnail_option\": null, \"height\": null, \"use_original_image\": false, \"description\": \"\", \"use_autoscale\": false, \"target_blank\": false, \"caption_text\": \"\"}, \"pk\": 112}]",
    "content_type": 78,
    "revision": 144,
    "object_id_int": 112,
    "object_id": "112",
    "object_repr": "images.jpeg"
  },
  "model": "reversion.version",
  "pk": 2128
},
{
  "fields": {
    "format": "json",
    "serialized_data": "[{\"model\": \"cms.cmsplugin\", \"fields\": {\"plugin_type\": \"MultiColumnPlugin\", \"parent\": null, \"language\": \"es\", \"changed_date\": \"2015-09-15T21:15:19.010Z\", \"depth\": 1, \"numchild\": 2, \"position\": 1, \"path\": \"000T\", \"creation_date\": \"2015-09-15T21:14:17.088Z\", \"placeholder\": 2}, \"pk\": 107}]",
    "content_type": 6,
    "revision": 144,
    "object_id_int": 107,
    "object_id": "107",
    "object_repr": "107"
  },
  "model": "reversion.version",
  "pk": 2129
},
{
  "fields": {
    "format": "json",
    "serialized_data": "[{\"model\": \"djangocms_column.column\", \"fields\": {\"width\": \"50%\"}, \"pk\": 109}]",
    "content_type": 22,
    "revision": 144,
    "object_id_int": 109,
    "object_id": "109",
    "object_repr": "50%"
  },
  "model": "reversion.version",
  "pk": 2130
},
{
  "fields": {
    "format": "json",
    "serialized_data": "[{\"model\": \"pluggin_featured_product.featuredproductplugin\", \"fields\": {\"layout\": \"h\", \"description\": \"Estos son los productos destacados\", \"query\": \"featured\", \"title\": \"Productos destacados\"}, \"pk\": 2}]",
    "content_type": 60,
    "revision": 144,
    "object_id_int": 2,
    "object_id": "2",
    "object_repr": "Productos destacados"
  },
  "model": "reversion.version",
  "pk": 2131
},
{
  "fields": {
    "format": "json",
    "serialized_data": "[{\"model\": \"djangocms_column.column\", \"fields\": {\"width\": \"50%\"}, \"pk\": 110}]",
    "content_type": 22,
    "revision": 144,
    "object_id_int": 110,
    "object_id": "110",
    "object_repr": "50%"
  },
  "model": "reversion.version",
  "pk": 2132
},
{
  "fields": {
    "format": "json",
    "serialized_data": "[{\"model\": \"cms.cmsplugin\", \"fields\": {\"plugin_type\": \"ColumnPlugin\", \"parent\": 107, \"language\": \"es\", \"changed_date\": \"2015-09-15T21:15:19.864Z\", \"depth\": 2, \"numchild\": 1, \"position\": 0, \"path\": \"000T0002\", \"creation_date\": \"2015-09-15T21:15:03.884Z\", \"placeholder\": 2}, \"pk\": 109}]",
    "content_type": 6,
    "revision": 144,
    "object_id_int": 109,
    "object_id": "109",
    "object_repr": "109"
  },
  "model": "reversion.version",
  "pk": 2133
},
{
  "fields": {
    "format": "json",
    "serialized_data": "[{\"model\": \"cms.cmsplugin\", \"fields\": {\"plugin_type\": \"FilerImagePlugin\", \"parent\": 110, \"language\": \"es\", \"changed_date\": \"2015-09-15T21:20:06.836Z\", \"depth\": 3, \"numchild\": 0, \"position\": 0, \"path\": \"000T00030001\", \"creation_date\": \"2015-09-15T21:16:59.523Z\", \"placeholder\": 2}, \"pk\": 112}]",
    "content_type": 6,
    "revision": 144,
    "object_id_int": 112,
    "object_id": "112",
    "object_repr": "112"
  },
  "model": "reversion.version",
  "pk": 2134
},
{
  "fields": {
    "format": "json",
    "serialized_data": "[{\"model\": \"cms.cmsplugin\", \"fields\": {\"plugin_type\": \"CMSFeaturedProductPlugin\", \"parent\": null, \"language\": \"es\", \"changed_date\": \"2015-09-15T21:20:52.124Z\", \"depth\": 1, \"numchild\": 0, \"position\": 6, \"path\": \"000U\", \"creation_date\": \"2015-09-15T21:20:23.620Z\", \"placeholder\": 2}, \"pk\": 113}]",
    "content_type": 6,
    "revision": 144,
    "object_id_int": 113,
    "object_id": "113",
    "object_repr": "113"
  },
  "model": "reversion.version",
  "pk": 2135
},
{
  "fields": {
    "format": "json",
    "serialized_data": "[{\"model\": \"cms.cmsplugin\", \"fields\": {\"plugin_type\": \"ColumnPlugin\", \"parent\": 107, \"language\": \"es\", \"changed_date\": \"2015-09-15T21:15:19.915Z\", \"depth\": 2, \"numchild\": 1, \"position\": 1, \"path\": \"000T0003\", \"creation_date\": \"2015-09-15T21:15:04.012Z\", \"placeholder\": 2}, \"pk\": 110}]",
    "content_type": 6,
    "revision": 144,
    "object_id_int": 110,
    "object_id": "110",
    "object_repr": "110"
  },
  "model": "reversion.version",
  "pk": 2136
},
{
  "fields": {
    "format": "json",
    "serialized_data": "[{\"model\": \"cms.cmsplugin\", \"fields\": {\"plugin_type\": \"CMSFeaturedProductPlugin\", \"parent\": null, \"language\": \"es\", \"changed_date\": \"2015-09-15T21:14:42.169Z\", \"depth\": 1, \"numchild\": 0, \"position\": 0, \"path\": \"000I\", \"creation_date\": \"2015-09-11T21:28:05.004Z\", \"placeholder\": 2}, \"pk\": 2}]",
    "content_type": 6,
    "revision": 144,
    "object_id_int": 2,
    "object_id": "2",
    "object_repr": "2"
  },
  "model": "reversion.version",
  "pk": 2137
},
{
  "fields": {
    "format": "json",
    "serialized_data": "[{\"model\": \"cms.cmsplugin\", \"fields\": {\"plugin_type\": \"TextPlugin\", \"parent\": 109, \"language\": \"es\", \"changed_date\": \"2015-09-15T21:16:45.237Z\", \"depth\": 3, \"numchild\": 0, \"position\": 0, \"path\": \"000T00020001\", \"creation_date\": \"2015-09-15T21:15:35.730Z\", \"placeholder\": 2}, \"pk\": 111}]",
    "content_type": 6,
    "revision": 144,
    "object_id_int": 111,
    "object_id": "111",
    "object_repr": "111"
  },
  "model": "reversion.version",
  "pk": 2138
},
{
  "fields": {
    "format": "json",
    "serialized_data": "[{\"model\": \"djangocms_text_ckeditor.text\", \"fields\": {\"body\": \"<p>Somos un emprendimiento hijo de la d\\u00e9cada ganada, nacidos a partir de las pol\\u00edticas nacionales orientadas al desarrollo de la industria nacional. Nuestro objetivo no es solo crear cosas que se vean bien bonitas y de la mas alta calidades, si no ademas, producir contenidos, demostrando otra vez, que la pol\\u00edtica lo atraviesa todo, librando as\\u00ed la batalla cultural contra las modas importadas. Nos proponemos llevar la m\\u00edstica militante a todos los rincones, logrando que al ponerte la pilcha que mas te gusta sientas no solo la elegancia de quien luce la novedad, sino esa sensaci\\u00f3n de orgullo que nace desde el pecho que solo se siente cuando se milita una idea, cuando se hace patria, sea desde el lugar que sea. Ahora ya nos conoces, asi que... si te late como a nosotros, te invitamos a que te pongas la camiseta que mas te guste y... a la cancha carajo!!!</p>\\n\"}, \"pk\": 111}]",
    "content_type": 14,
    "revision": 144,
    "object_id_int": 111,
    "object_id": "111",
    "object_repr": "Somos un emprendimiento..."
  },
  "model": "reversion.version",
  "pk": 2139
},
{
  "fields": {
    "format": "json",
    "serialized_data": "[{\"pk\": 8, \"fields\": {\"limit_visibility_in_menu\": null, \"template\": \"INHERIT\", \"depth\": 1, \"in_navigation\": true, \"changed_by\": \"contextinformatic@gmail.com\", \"placeholders\": [13], \"changed_date\": \"2015-09-15T21:38:36.308Z\", \"publication_end_date\": null, \"login_required\": false, \"publication_date\": \"2015-09-14T14:29:05.779Z\", \"application_urls\": null, \"reverse_id\": null, \"navigation_extenders\": null, \"created_by\": \"contextinformatic@gmail.com\", \"path\": \"0007\", \"creation_date\": \"2015-09-14T14:28:55.626Z\", \"revision_id\": 0, \"languages\": \"es\", \"parent\": null, \"is_home\": false, \"numchild\": 0, \"xframe_options\": 0, \"application_namespace\": null, \"site\": 1, \"soft_root\": false}, \"model\": \"cms.page\"}]",
    "content_type": 2,
    "revision": 145,
    "object_id_int": 8,
    "object_id": "8",
    "object_repr": "NOSOTROS"
  },
  "model": "reversion.version",
  "pk": 2140
},
{
  "fields": {
    "format": "json",
    "serialized_data": "[{\"pk\": 104, \"fields\": {\"body\": \"<div class=\\\"content-title\\\">\\n<h1 class=\\\"title\\\">\\u00bfQuienes somos?</h1>\\n\\n<div class=\\\"md-margin\\\">\\u00a0</div>\\n</div>\\n\\n<p>Somos un emprendimiento hijo de la d\\u00e9cada ganada, nacidos a partir de las pol\\u00edticas nacionales orientadas al desarrollo de la industria nacional. Nuestro objetivo no es solo crear cosas que se vean bien bonitas y de la mas alta calidades, si no ademas, producir contenidos, demostrando otra vez, que la pol\\u00edtica lo atraviesa todo, librando as\\u00ed la batalla cultural contra las modas importadas. Nos proponemos llevar la m\\u00edstica militante a todos los rincones, logrando que al ponerte la pilcha que mas te gusta sientas no solo la elegancia de quien luce la novedad, sino esa sensaci\\u00f3n de orgullo que nace desde el pecho que solo se siente cuando se milita una idea, cuando se hace patria, sea desde el lugar que sea. Ahora ya nos conoces, asi que... si te late como a nosotros, te invitamos a que te pongas la camiseta que mas te guste y... a la cancha carajo!!!\\u00a0</p>\\n\"}, \"model\": \"djangocms_text_ckeditor.text\"}]",
    "content_type": 14,
    "revision": 145,
    "object_id_int": 104,
    "object_id": "104",
    "object_repr": "\u00bfQuienes somos? Somos..."
  },
  "model": "reversion.version",
  "pk": 2141
},
{
  "fields": {
    "format": "json",
    "serialized_data": "[{\"pk\": 13, \"fields\": {\"default_width\": null, \"slot\": \"content\"}, \"model\": \"cms.placeholder\"}]",
    "content_type": 1,
    "revision": 145,
    "object_id_int": 13,
    "object_id": "13",
    "object_repr": "content"
  },
  "model": "reversion.version",
  "pk": 2142
},
{
  "fields": {
    "format": "json",
    "serialized_data": "[{\"pk\": 104, \"fields\": {\"path\": \"000R\", \"language\": \"es\", \"numchild\": 0, \"depth\": 1, \"changed_date\": \"2015-09-15T18:58:38.292Z\", \"creation_date\": \"2015-09-15T18:46:17.840Z\", \"parent\": null, \"position\": 0, \"plugin_type\": \"TextPlugin\", \"placeholder\": 13}, \"model\": \"cms.cmsplugin\"}]",
    "content_type": 6,
    "revision": 145,
    "object_id_int": 104,
    "object_id": "104",
    "object_repr": "104"
  },
  "model": "reversion.version",
  "pk": 2143
},
{
  "fields": {
    "format": "json",
    "serialized_data": "[{\"pk\": 8, \"fields\": {\"title\": \"Nosotros\", \"path\": \"nosotros\", \"published\": true, \"creation_date\": \"2015-09-14T14:28:55.905Z\", \"has_url_overwrite\": false, \"menu_title\": \"NOSOTROS\", \"page\": 8, \"meta_description\": \"\", \"redirect\": null, \"language\": \"es\", \"slug\": \"nosotros\", \"page_title\": \"nosotros\"}, \"model\": \"cms.title\"}]",
    "content_type": 10,
    "revision": 145,
    "object_id_int": 8,
    "object_id": "8",
    "object_repr": "Nosotros (nosotros, es)"
  },
  "model": "reversion.version",
  "pk": 2144
},
{
  "fields": {
    "format": "json",
    "serialized_data": "[{\"fields\": {\"title\": \"Formulario de contacto\", \"recipient_email\": \"contextinformatic@gmail.com\", \"template\": \"cmsplugin_contact_plus/contact.html\", \"email_subject\": \"testnubiquo@gmail.com\", \"thanks\": \"Hemos recibido una consulta, estaremos respondiendo a la brevedad\", \"submit\": \"Enviar consulta\", \"collect_records\": true}, \"model\": \"cmsplugin_contact_plus.contactplus\", \"pk\": 43}]",
    "content_type": 62,
    "revision": 146,
    "object_id_int": 43,
    "object_id": "43",
    "object_repr": "Formulario de contacto"
  },
  "model": "reversion.version",
  "pk": 2145
},
{
  "fields": {
    "format": "json",
    "serialized_data": "[{\"fields\": {\"application_urls\": null, \"reverse_id\": null, \"changed_date\": \"2015-09-15T21:41:14.697Z\", \"languages\": \"es\", \"numchild\": 0, \"limit_visibility_in_menu\": null, \"template\": \"INHERIT\", \"changed_by\": \"contextinformatic@gmail.com\", \"in_navigation\": true, \"creation_date\": \"2015-09-12T20:03:19.408Z\", \"publication_date\": \"2015-09-12T20:21:11.151Z\", \"placeholders\": [11], \"created_by\": \"contextinformatic@gmail.com\", \"path\": \"0005\", \"login_required\": false, \"revision_id\": 0, \"publication_end_date\": null, \"site\": 1, \"depth\": 1, \"xframe_options\": 0, \"is_home\": false, \"soft_root\": false, \"navigation_extenders\": null, \"parent\": null, \"application_namespace\": null}, \"model\": \"cms.page\", \"pk\": 6}]",
    "content_type": 2,
    "revision": 146,
    "object_id_int": 6,
    "object_id": "6",
    "object_repr": "CONTACTANOS"
  },
  "model": "reversion.version",
  "pk": 2146
},
{
  "fields": {
    "format": "json",
    "serialized_data": "[{\"fields\": {\"changed_date\": \"2015-09-12T20:08:12.948Z\", \"path\": \"000B00020002\", \"depth\": 3, \"position\": 0, \"placeholder\": 11, \"numchild\": 1, \"parent\": 41, \"plugin_type\": \"StylePlugin\", \"creation_date\": \"2015-09-12T20:07:29.593Z\", \"language\": \"es\"}, \"model\": \"cms.cmsplugin\", \"pk\": 44}]",
    "content_type": 6,
    "revision": 146,
    "object_id_int": 44,
    "object_id": "44",
    "object_repr": "44"
  },
  "model": "reversion.version",
  "pk": 2147
},
{
  "fields": {
    "format": "json",
    "serialized_data": "[{\"fields\": {\"default_width\": null, \"slot\": \"content\"}, \"model\": \"cms.placeholder\", \"pk\": 11}]",
    "content_type": 1,
    "revision": 146,
    "object_id_int": 11,
    "object_id": "11",
    "object_repr": "content"
  },
  "model": "reversion.version",
  "pk": 2148
},
{
  "fields": {
    "format": "json",
    "serialized_data": "[{\"fields\": {\"padding_top\": null, \"padding_bottom\": null, \"margin_bottom\": null, \"padding_left\": null, \"additional_classes\": \"title\", \"tag_type\": \"div\", \"margin_left\": null, \"margin_top\": null, \"margin_right\": null, \"class_name\": \"new\", \"padding_right\": null}, \"model\": \"djangocms_style.style\", \"pk\": 45}]",
    "content_type": 21,
    "revision": 146,
    "object_id_int": 45,
    "object_id": "45",
    "object_repr": "45"
  },
  "model": "reversion.version",
  "pk": 2149
},
{
  "fields": {
    "format": "json",
    "serialized_data": "[{\"fields\": {\"body\": \"Contactanos\\n\"}, \"model\": \"djangocms_text_ckeditor.text\", \"pk\": 46}]",
    "content_type": 14,
    "revision": 146,
    "object_id_int": 46,
    "object_id": "46",
    "object_repr": "Contactanos"
  },
  "model": "reversion.version",
  "pk": 2150
},
{
  "fields": {
    "format": "json",
    "serialized_data": "[{\"fields\": {}, \"model\": \"djangocms_column.multicolumns\", \"pk\": 39}]",
    "content_type": 23,
    "revision": 146,
    "object_id_int": 39,
    "object_id": "39",
    "object_repr": "2 columnas"
  },
  "model": "reversion.version",
  "pk": 2151
},
{
  "fields": {
    "format": "json",
    "serialized_data": "[{\"fields\": {\"changed_date\": \"2015-09-12T20:20:34.911Z\", \"path\": \"000B00010001\", \"depth\": 3, \"position\": 1, \"placeholder\": 11, \"numchild\": 0, \"parent\": 40, \"plugin_type\": \"TextPlugin\", \"creation_date\": \"2015-09-12T20:10:59.701Z\", \"language\": \"es\"}, \"model\": \"cms.cmsplugin\", \"pk\": 47}]",
    "content_type": 6,
    "revision": 146,
    "object_id_int": 47,
    "object_id": "47",
    "object_repr": "47"
  },
  "model": "reversion.version",
  "pk": 2152
},
{
  "fields": {
    "format": "json",
    "serialized_data": "[{\"fields\": {\"padding_top\": null, \"padding_bottom\": null, \"margin_bottom\": null, \"padding_left\": null, \"additional_classes\": \"md-margin\", \"tag_type\": \"div\", \"margin_left\": null, \"margin_top\": null, \"margin_right\": null, \"class_name\": \"info\", \"padding_right\": null}, \"model\": \"djangocms_style.style\", \"pk\": 50}]",
    "content_type": 21,
    "revision": 146,
    "object_id_int": 50,
    "object_id": "50",
    "object_repr": "50"
  },
  "model": "reversion.version",
  "pk": 2153
},
{
  "fields": {
    "format": "json",
    "serialized_data": "[{\"fields\": {\"title\": \"Contactanos\", \"redirect\": null, \"published\": true, \"slug\": \"contactanos\", \"has_url_overwrite\": false, \"meta_description\": \"contactanos, llama, consulta\", \"language\": \"es\", \"path\": \"contactanos\", \"menu_title\": \"CONTACTANOS\", \"page_title\": \"Contactanos\", \"page\": 6, \"creation_date\": \"2015-09-12T20:03:19.749Z\"}, \"model\": \"cms.title\", \"pk\": 6}]",
    "content_type": 10,
    "revision": 146,
    "object_id_int": 6,
    "object_id": "6",
    "object_repr": "Contactanos (contactanos, es)"
  },
  "model": "reversion.version",
  "pk": 2154
},
{
  "fields": {
    "format": "json",
    "serialized_data": "[{\"fields\": {\"changed_date\": \"2015-09-15T21:41:14.478Z\", \"path\": \"000B\", \"depth\": 1, \"position\": 1, \"placeholder\": 11, \"numchild\": 2, \"parent\": null, \"plugin_type\": \"MultiColumnPlugin\", \"creation_date\": \"2015-09-12T20:03:57.003Z\", \"language\": \"es\"}, \"model\": \"cms.cmsplugin\", \"pk\": 39}]",
    "content_type": 6,
    "revision": 146,
    "object_id_int": 39,
    "object_id": "39",
    "object_repr": "39"
  },
  "model": "reversion.version",
  "pk": 2155
},
{
  "fields": {
    "format": "json",
    "serialized_data": "[{\"fields\": {\"changed_date\": \"2015-09-12T20:17:18.284Z\", \"path\": \"000B0001\", \"depth\": 2, \"position\": 0, \"placeholder\": 11, \"numchild\": 2, \"parent\": 39, \"plugin_type\": \"ColumnPlugin\", \"creation_date\": \"2015-09-12T20:04:02.612Z\", \"language\": \"es\"}, \"model\": \"cms.cmsplugin\", \"pk\": 40}]",
    "content_type": 6,
    "revision": 146,
    "object_id_int": 40,
    "object_id": "40",
    "object_repr": "40"
  },
  "model": "reversion.version",
  "pk": 2156
},
{
  "fields": {
    "format": "json",
    "serialized_data": "[{\"fields\": {\"width\": \"66.66%\"}, \"model\": \"djangocms_column.column\", \"pk\": 41}]",
    "content_type": 22,
    "revision": 146,
    "object_id_int": 41,
    "object_id": "41",
    "object_repr": "66%"
  },
  "model": "reversion.version",
  "pk": 2157
},
{
  "fields": {
    "format": "json",
    "serialized_data": "[{\"fields\": {\"changed_date\": \"2015-09-12T20:08:12.939Z\", \"path\": \"000B00020001\", \"depth\": 3, \"position\": 1, \"placeholder\": 11, \"numchild\": 0, \"parent\": 41, \"plugin_type\": \"CMSContactPlusPlugin\", \"creation_date\": \"2015-09-12T20:04:15.924Z\", \"language\": \"es\"}, \"model\": \"cms.cmsplugin\", \"pk\": 43}]",
    "content_type": 6,
    "revision": 146,
    "object_id_int": 43,
    "object_id": "43",
    "object_repr": "43"
  },
  "model": "reversion.version",
  "pk": 2158
},
{
  "fields": {
    "format": "json",
    "serialized_data": "[{\"fields\": {\"padding_top\": null, \"padding_bottom\": null, \"margin_bottom\": null, \"padding_left\": null, \"additional_classes\": \"content-title\", \"tag_type\": \"div\", \"margin_left\": null, \"margin_top\": null, \"margin_right\": null, \"class_name\": null, \"padding_right\": null}, \"model\": \"djangocms_style.style\", \"pk\": 44}]",
    "content_type": 21,
    "revision": 146,
    "object_id_int": 44,
    "object_id": "44",
    "object_repr": "44"
  },
  "model": "reversion.version",
  "pk": 2159
},
{
  "fields": {
    "format": "json",
    "serialized_data": "[{\"fields\": {\"changed_date\": \"2015-09-12T20:10:03.601Z\", \"path\": \"000B000200020001\", \"depth\": 4, \"position\": 0, \"placeholder\": 11, \"numchild\": 1, \"parent\": 44, \"plugin_type\": \"StylePlugin\", \"creation_date\": \"2015-09-12T20:08:17.813Z\", \"language\": \"es\"}, \"model\": \"cms.cmsplugin\", \"pk\": 45}]",
    "content_type": 6,
    "revision": 146,
    "object_id_int": 45,
    "object_id": "45",
    "object_repr": "45"
  },
  "model": "reversion.version",
  "pk": 2160
},
{
  "fields": {
    "format": "json",
    "serialized_data": "[{\"fields\": {\"changed_date\": \"2015-09-12T20:10:25.354Z\", \"path\": \"000B0002000200010001\", \"depth\": 5, \"position\": 0, \"placeholder\": 11, \"numchild\": 0, \"parent\": 45, \"plugin_type\": \"TextPlugin\", \"creation_date\": \"2015-09-12T20:08:43.673Z\", \"language\": \"es\"}, \"model\": \"cms.cmsplugin\", \"pk\": 46}]",
    "content_type": 6,
    "revision": 146,
    "object_id_int": 46,
    "object_id": "46",
    "object_repr": "46"
  },
  "model": "reversion.version",
  "pk": 2161
},
{
  "fields": {
    "format": "json",
    "serialized_data": "[{\"fields\": {\"body\": \"<p><strong><span style=\\\"color: #FFFFFF;\\\"><span style=\\\"background-color: #0000FF;\\\">Estamos en Ciudad de C\\u00f3rdoba.</span></span></strong></p>\\n\\n<hr>\\n<p>Medios de contacto:</p>\\n\\n<ul>\\n\\t<li>Tel: +(549) 351 <strong>12332423</strong></li>\\n\\t<li>Email :<strong> contacto@owncommerce.com</strong></li>\\n\\t<li>Facebook:<b>\\u00a0/owncommerce</b></li>\\n</ul>\\n\"}, \"model\": \"djangocms_text_ckeditor.text\", \"pk\": 47}]",
    "content_type": 14,
    "revision": 146,
    "object_id_int": 47,
    "object_id": "47",
    "object_repr": "Estamos en Ciudad..."
  },
  "model": "reversion.version",
  "pk": 2162
},
{
  "fields": {
    "format": "json",
    "serialized_data": "[{\"fields\": {\"width\": \"33.33%\"}, \"model\": \"djangocms_column.column\", \"pk\": 40}]",
    "content_type": 22,
    "revision": 146,
    "object_id_int": 40,
    "object_id": "40",
    "object_repr": "33%"
  },
  "model": "reversion.version",
  "pk": 2163
},
{
  "fields": {
    "format": "json",
    "serialized_data": "[{\"fields\": {\"changed_date\": \"2015-09-15T21:41:14.431Z\", \"path\": \"000D\", \"depth\": 1, \"position\": 0, \"placeholder\": 11, \"numchild\": 0, \"parent\": null, \"plugin_type\": \"StylePlugin\", \"creation_date\": \"2015-09-12T20:18:40.577Z\", \"language\": \"es\"}, \"model\": \"cms.cmsplugin\", \"pk\": 50}]",
    "content_type": 6,
    "revision": 146,
    "object_id_int": 50,
    "object_id": "50",
    "object_repr": "50"
  },
  "model": "reversion.version",
  "pk": 2164
},
{
  "fields": {
    "format": "json",
    "serialized_data": "[{\"fields\": {\"padding_top\": null, \"padding_bottom\": null, \"margin_bottom\": null, \"padding_left\": null, \"additional_classes\": \"lg-margin\", \"tag_type\": \"div\", \"margin_left\": null, \"margin_top\": null, \"margin_right\": null, \"class_name\": \"info\", \"padding_right\": null}, \"model\": \"djangocms_style.style\", \"pk\": 52}]",
    "content_type": 21,
    "revision": 146,
    "object_id_int": 52,
    "object_id": "52",
    "object_repr": "52"
  },
  "model": "reversion.version",
  "pk": 2165
},
{
  "fields": {
    "format": "json",
    "serialized_data": "[{\"fields\": {\"changed_date\": \"2015-09-12T20:17:33.241Z\", \"path\": \"000B0002\", \"depth\": 2, \"position\": 1, \"placeholder\": 11, \"numchild\": 2, \"parent\": 39, \"plugin_type\": \"ColumnPlugin\", \"creation_date\": \"2015-09-12T20:04:02.671Z\", \"language\": \"es\"}, \"model\": \"cms.cmsplugin\", \"pk\": 41}]",
    "content_type": 6,
    "revision": 146,
    "object_id_int": 41,
    "object_id": "41",
    "object_repr": "41"
  },
  "model": "reversion.version",
  "pk": 2166
},
{
  "fields": {
    "format": "json",
    "serialized_data": "[{\"fields\": {\"changed_date\": \"2015-09-12T20:20:49.906Z\", \"path\": \"000B00010002\", \"depth\": 3, \"position\": 0, \"placeholder\": 11, \"numchild\": 0, \"parent\": 40, \"plugin_type\": \"StylePlugin\", \"creation_date\": \"2015-09-12T20:20:07.651Z\", \"language\": \"es\"}, \"model\": \"cms.cmsplugin\", \"pk\": 52}]",
    "content_type": 6,
    "revision": 146,
    "object_id_int": 52,
    "object_id": "52",
    "object_repr": "52"
  },
  "model": "reversion.version",
  "pk": 2167
},
{
  "fields": {
    "format": "json",
    "serialized_data": "[{\"fields\": {\"title\": \"Formulario de contacto\", \"recipient_email\": \"contextinformatic@gmail.com\", \"template\": \"cmsplugin_contact_plus/contact.html\", \"email_subject\": \"testnubiquo@gmail.com\", \"thanks\": \"Hemos recibido una consulta, estaremos respondiendo a la brevedad\", \"submit\": \"Enviar consulta\", \"collect_records\": true}, \"model\": \"cmsplugin_contact_plus.contactplus\", \"pk\": 43}]",
    "content_type": 62,
    "revision": 147,
    "object_id_int": 43,
    "object_id": "43",
    "object_repr": "Formulario de contacto"
  },
  "model": "reversion.version",
  "pk": 2168
},
{
  "fields": {
    "format": "json",
    "serialized_data": "[{\"fields\": {\"application_urls\": null, \"reverse_id\": null, \"changed_date\": \"2015-09-15T21:41:27.462Z\", \"languages\": \"es\", \"numchild\": 0, \"limit_visibility_in_menu\": null, \"template\": \"INHERIT\", \"changed_by\": \"contextinformatic@gmail.com\", \"in_navigation\": true, \"creation_date\": \"2015-09-12T20:03:19.408Z\", \"publication_date\": \"2015-09-12T20:21:11.151Z\", \"placeholders\": [11], \"created_by\": \"contextinformatic@gmail.com\", \"path\": \"0005\", \"login_required\": false, \"revision_id\": 0, \"publication_end_date\": null, \"site\": 1, \"depth\": 1, \"xframe_options\": 0, \"is_home\": false, \"soft_root\": false, \"navigation_extenders\": null, \"parent\": null, \"application_namespace\": null}, \"model\": \"cms.page\", \"pk\": 6}]",
    "content_type": 2,
    "revision": 147,
    "object_id_int": 6,
    "object_id": "6",
    "object_repr": "CONTACTANOS"
  },
  "model": "reversion.version",
  "pk": 2169
},
{
  "fields": {
    "format": "json",
    "serialized_data": "[{\"fields\": {\"changed_date\": \"2015-09-12T20:08:12.948Z\", \"path\": \"000B00020002\", \"depth\": 3, \"position\": 0, \"placeholder\": 11, \"numchild\": 1, \"parent\": 41, \"plugin_type\": \"StylePlugin\", \"creation_date\": \"2015-09-12T20:07:29.593Z\", \"language\": \"es\"}, \"model\": \"cms.cmsplugin\", \"pk\": 44}]",
    "content_type": 6,
    "revision": 147,
    "object_id_int": 44,
    "object_id": "44",
    "object_repr": "44"
  },
  "model": "reversion.version",
  "pk": 2170
},
{
  "fields": {
    "format": "json",
    "serialized_data": "[{\"fields\": {\"default_width\": null, \"slot\": \"content\"}, \"model\": \"cms.placeholder\", \"pk\": 11}]",
    "content_type": 1,
    "revision": 147,
    "object_id_int": 11,
    "object_id": "11",
    "object_repr": "content"
  },
  "model": "reversion.version",
  "pk": 2171
},
{
  "fields": {
    "format": "json",
    "serialized_data": "[{\"fields\": {\"padding_top\": null, \"padding_bottom\": null, \"margin_bottom\": null, \"padding_left\": null, \"additional_classes\": \"title\", \"tag_type\": \"div\", \"margin_left\": null, \"margin_top\": null, \"margin_right\": null, \"class_name\": \"new\", \"padding_right\": null}, \"model\": \"djangocms_style.style\", \"pk\": 45}]",
    "content_type": 21,
    "revision": 147,
    "object_id_int": 45,
    "object_id": "45",
    "object_repr": "45"
  },
  "model": "reversion.version",
  "pk": 2172
},
{
  "fields": {
    "format": "json",
    "serialized_data": "[{\"fields\": {\"body\": \"Contactanos\\n\"}, \"model\": \"djangocms_text_ckeditor.text\", \"pk\": 46}]",
    "content_type": 14,
    "revision": 147,
    "object_id_int": 46,
    "object_id": "46",
    "object_repr": "Contactanos"
  },
  "model": "reversion.version",
  "pk": 2173
},
{
  "fields": {
    "format": "json",
    "serialized_data": "[{\"fields\": {}, \"model\": \"djangocms_column.multicolumns\", \"pk\": 39}]",
    "content_type": 23,
    "revision": 147,
    "object_id_int": 39,
    "object_id": "39",
    "object_repr": "2 columnas"
  },
  "model": "reversion.version",
  "pk": 2174
},
{
  "fields": {
    "format": "json",
    "serialized_data": "[{\"fields\": {\"changed_date\": \"2015-09-12T20:20:34.911Z\", \"path\": \"000B00010001\", \"depth\": 3, \"position\": 1, \"placeholder\": 11, \"numchild\": 0, \"parent\": 40, \"plugin_type\": \"TextPlugin\", \"creation_date\": \"2015-09-12T20:10:59.701Z\", \"language\": \"es\"}, \"model\": \"cms.cmsplugin\", \"pk\": 47}]",
    "content_type": 6,
    "revision": 147,
    "object_id_int": 47,
    "object_id": "47",
    "object_repr": "47"
  },
  "model": "reversion.version",
  "pk": 2175
},
{
  "fields": {
    "format": "json",
    "serialized_data": "[{\"fields\": {\"padding_top\": null, \"padding_bottom\": null, \"margin_bottom\": null, \"padding_left\": null, \"additional_classes\": \"md-margin\", \"tag_type\": \"div\", \"margin_left\": null, \"margin_top\": null, \"margin_right\": null, \"class_name\": \"info\", \"padding_right\": null}, \"model\": \"djangocms_style.style\", \"pk\": 50}]",
    "content_type": 21,
    "revision": 147,
    "object_id_int": 50,
    "object_id": "50",
    "object_repr": "50"
  },
  "model": "reversion.version",
  "pk": 2176
},
{
  "fields": {
    "format": "json",
    "serialized_data": "[{\"fields\": {\"title\": \"Contactanos\", \"redirect\": null, \"published\": true, \"slug\": \"contactanos\", \"has_url_overwrite\": false, \"meta_description\": \"contactanos, llama, consulta\", \"language\": \"es\", \"path\": \"contactanos\", \"menu_title\": \"CONTACTANOS\", \"page_title\": \"Contactanos\", \"page\": 6, \"creation_date\": \"2015-09-12T20:03:19.749Z\"}, \"model\": \"cms.title\", \"pk\": 6}]",
    "content_type": 10,
    "revision": 147,
    "object_id_int": 6,
    "object_id": "6",
    "object_repr": "Contactanos (contactanos, es)"
  },
  "model": "reversion.version",
  "pk": 2177
},
{
  "fields": {
    "format": "json",
    "serialized_data": "[{\"fields\": {\"changed_date\": \"2015-09-15T21:41:14.478Z\", \"path\": \"000B\", \"depth\": 1, \"position\": 1, \"placeholder\": 11, \"numchild\": 2, \"parent\": null, \"plugin_type\": \"MultiColumnPlugin\", \"creation_date\": \"2015-09-12T20:03:57.003Z\", \"language\": \"es\"}, \"model\": \"cms.cmsplugin\", \"pk\": 39}]",
    "content_type": 6,
    "revision": 147,
    "object_id_int": 39,
    "object_id": "39",
    "object_repr": "39"
  },
  "model": "reversion.version",
  "pk": 2178
},
{
  "fields": {
    "format": "json",
    "serialized_data": "[{\"fields\": {\"changed_date\": \"2015-09-12T20:17:18.284Z\", \"path\": \"000B0001\", \"depth\": 2, \"position\": 0, \"placeholder\": 11, \"numchild\": 2, \"parent\": 39, \"plugin_type\": \"ColumnPlugin\", \"creation_date\": \"2015-09-12T20:04:02.612Z\", \"language\": \"es\"}, \"model\": \"cms.cmsplugin\", \"pk\": 40}]",
    "content_type": 6,
    "revision": 147,
    "object_id_int": 40,
    "object_id": "40",
    "object_repr": "40"
  },
  "model": "reversion.version",
  "pk": 2179
},
{
  "fields": {
    "format": "json",
    "serialized_data": "[{\"fields\": {\"width\": \"66.66%\"}, \"model\": \"djangocms_column.column\", \"pk\": 41}]",
    "content_type": 22,
    "revision": 147,
    "object_id_int": 41,
    "object_id": "41",
    "object_repr": "66%"
  },
  "model": "reversion.version",
  "pk": 2180
},
{
  "fields": {
    "format": "json",
    "serialized_data": "[{\"fields\": {\"changed_date\": \"2015-09-12T20:08:12.939Z\", \"path\": \"000B00020001\", \"depth\": 3, \"position\": 1, \"placeholder\": 11, \"numchild\": 0, \"parent\": 41, \"plugin_type\": \"CMSContactPlusPlugin\", \"creation_date\": \"2015-09-12T20:04:15.924Z\", \"language\": \"es\"}, \"model\": \"cms.cmsplugin\", \"pk\": 43}]",
    "content_type": 6,
    "revision": 147,
    "object_id_int": 43,
    "object_id": "43",
    "object_repr": "43"
  },
  "model": "reversion.version",
  "pk": 2181
},
{
  "fields": {
    "format": "json",
    "serialized_data": "[{\"fields\": {\"padding_top\": null, \"padding_bottom\": null, \"margin_bottom\": null, \"padding_left\": null, \"additional_classes\": \"content-title\", \"tag_type\": \"div\", \"margin_left\": null, \"margin_top\": null, \"margin_right\": null, \"class_name\": null, \"padding_right\": null}, \"model\": \"djangocms_style.style\", \"pk\": 44}]",
    "content_type": 21,
    "revision": 147,
    "object_id_int": 44,
    "object_id": "44",
    "object_repr": "44"
  },
  "model": "reversion.version",
  "pk": 2182
},
{
  "fields": {
    "format": "json",
    "serialized_data": "[{\"fields\": {\"changed_date\": \"2015-09-12T20:10:03.601Z\", \"path\": \"000B000200020001\", \"depth\": 4, \"position\": 0, \"placeholder\": 11, \"numchild\": 1, \"parent\": 44, \"plugin_type\": \"StylePlugin\", \"creation_date\": \"2015-09-12T20:08:17.813Z\", \"language\": \"es\"}, \"model\": \"cms.cmsplugin\", \"pk\": 45}]",
    "content_type": 6,
    "revision": 147,
    "object_id_int": 45,
    "object_id": "45",
    "object_repr": "45"
  },
  "model": "reversion.version",
  "pk": 2183
},
{
  "fields": {
    "format": "json",
    "serialized_data": "[{\"fields\": {\"changed_date\": \"2015-09-12T20:10:25.354Z\", \"path\": \"000B0002000200010001\", \"depth\": 5, \"position\": 0, \"placeholder\": 11, \"numchild\": 0, \"parent\": 45, \"plugin_type\": \"TextPlugin\", \"creation_date\": \"2015-09-12T20:08:43.673Z\", \"language\": \"es\"}, \"model\": \"cms.cmsplugin\", \"pk\": 46}]",
    "content_type": 6,
    "revision": 147,
    "object_id_int": 46,
    "object_id": "46",
    "object_repr": "46"
  },
  "model": "reversion.version",
  "pk": 2184
},
{
  "fields": {
    "format": "json",
    "serialized_data": "[{\"fields\": {\"body\": \"<p><strong><span style=\\\"color: #FFFFFF;\\\"><span style=\\\"background-color: #0000FF;\\\">Estamos en Ciudad de C\\u00f3rdoba.</span></span></strong></p>\\n\\n<hr>\\n<p>Medios de contacto:</p>\\n\\n<ul>\\n\\t<li>Tel: +(549) 351 <strong>12332423</strong></li>\\n\\t<li>Email :<strong> contacto@owncommerce.com</strong></li>\\n\\t<li>Facebook:<b>\\u00a0/owncommerce</b></li>\\n</ul>\\n\"}, \"model\": \"djangocms_text_ckeditor.text\", \"pk\": 47}]",
    "content_type": 14,
    "revision": 147,
    "object_id_int": 47,
    "object_id": "47",
    "object_repr": "Estamos en Ciudad..."
  },
  "model": "reversion.version",
  "pk": 2185
},
{
  "fields": {
    "format": "json",
    "serialized_data": "[{\"fields\": {\"width\": \"33.33%\"}, \"model\": \"djangocms_column.column\", \"pk\": 40}]",
    "content_type": 22,
    "revision": 147,
    "object_id_int": 40,
    "object_id": "40",
    "object_repr": "33%"
  },
  "model": "reversion.version",
  "pk": 2186
},
{
  "fields": {
    "format": "json",
    "serialized_data": "[{\"fields\": {\"changed_date\": \"2015-09-15T21:41:14.431Z\", \"path\": \"000D\", \"depth\": 1, \"position\": 0, \"placeholder\": 11, \"numchild\": 0, \"parent\": null, \"plugin_type\": \"StylePlugin\", \"creation_date\": \"2015-09-12T20:18:40.577Z\", \"language\": \"es\"}, \"model\": \"cms.cmsplugin\", \"pk\": 50}]",
    "content_type": 6,
    "revision": 147,
    "object_id_int": 50,
    "object_id": "50",
    "object_repr": "50"
  },
  "model": "reversion.version",
  "pk": 2187
},
{
  "fields": {
    "format": "json",
    "serialized_data": "[{\"fields\": {\"padding_top\": null, \"padding_bottom\": null, \"margin_bottom\": null, \"padding_left\": null, \"additional_classes\": \"lg-margin\", \"tag_type\": \"div\", \"margin_left\": null, \"margin_top\": null, \"margin_right\": null, \"class_name\": \"info\", \"padding_right\": null}, \"model\": \"djangocms_style.style\", \"pk\": 52}]",
    "content_type": 21,
    "revision": 147,
    "object_id_int": 52,
    "object_id": "52",
    "object_repr": "52"
  },
  "model": "reversion.version",
  "pk": 2188
},
{
  "fields": {
    "format": "json",
    "serialized_data": "[{\"fields\": {\"changed_date\": \"2015-09-12T20:17:33.241Z\", \"path\": \"000B0002\", \"depth\": 2, \"position\": 1, \"placeholder\": 11, \"numchild\": 2, \"parent\": 39, \"plugin_type\": \"ColumnPlugin\", \"creation_date\": \"2015-09-12T20:04:02.671Z\", \"language\": \"es\"}, \"model\": \"cms.cmsplugin\", \"pk\": 41}]",
    "content_type": 6,
    "revision": 147,
    "object_id_int": 41,
    "object_id": "41",
    "object_repr": "41"
  },
  "model": "reversion.version",
  "pk": 2189
},
{
  "fields": {
    "format": "json",
    "serialized_data": "[{\"fields\": {\"changed_date\": \"2015-09-12T20:20:49.906Z\", \"path\": \"000B00010002\", \"depth\": 3, \"position\": 0, \"placeholder\": 11, \"numchild\": 0, \"parent\": 40, \"plugin_type\": \"StylePlugin\", \"creation_date\": \"2015-09-12T20:20:07.651Z\", \"language\": \"es\"}, \"model\": \"cms.cmsplugin\", \"pk\": 52}]",
    "content_type": 6,
    "revision": 147,
    "object_id_int": 52,
    "object_id": "52",
    "object_repr": "52"
  },
  "model": "reversion.version",
  "pk": 2190
},
{
  "fields": {
    "first_name": "Matias",
    "street_address_2": "",
    "postal_code": "5000",
    "company_name": "",
    "last_name": "Roson",
    "city": "270",
    "country": "AI",
    "phone": "2222222222",
    "street_address_1": "Duarte Quiros",
    "country_area": "Aaaaaaaaaaa"
  },
  "model": "userprofile.address",
  "pk": 1
},
{
  "fields": {
    "first_name": "Matias",
    "street_address_2": "",
    "postal_code": "5000",
    "company_name": "",
    "last_name": "Roson",
    "city": "270",
    "country": "AI",
    "phone": "2222222222",
    "street_address_1": "Duarte Quiros",
    "country_area": "Aaaaaaaaaaa"
  },
  "model": "userprofile.address",
  "pk": 3
},
{
  "fields": {
    "first_name": "Matias",
    "street_address_2": "",
    "postal_code": "5000",
    "company_name": "",
    "last_name": "Roson",
    "city": "270",
    "country": "AI",
    "phone": "2222222222",
    "street_address_1": "Duarte Quiros",
    "country_area": "Aaaaaaaaaaa"
  },
  "model": "userprofile.address",
  "pk": 4
},
{
  "fields": {
    "first_name": "Matias",
    "street_address_2": "",
    "postal_code": "5000",
    "company_name": "",
    "last_name": "Roson",
    "city": "270",
    "country": "AI",
    "phone": "2222222222",
    "street_address_1": "Duarte Quiros",
    "country_area": "Aaaaaaaaaaa"
  },
  "model": "userprofile.address",
  "pk": 5
},
{
  "fields": {
    "first_name": "Matias",
    "street_address_2": "",
    "postal_code": "5000",
    "company_name": "",
    "last_name": "Roson",
    "city": "270",
    "country": "AI",
    "phone": "2222222222",
    "street_address_1": "Duarte Quiros",
    "country_area": "Aaaaaaaaaaa"
  },
  "model": "userprofile.address",
  "pk": 6
},
{
  "fields": {
    "first_name": "Matias",
    "street_address_2": "",
    "postal_code": "5000",
    "company_name": "",
    "last_name": "Roson",
    "city": "270",
    "country": "AI",
    "phone": "2222222222",
    "street_address_1": "Duarte Quiros",
    "country_area": "Aaaaaaaaaaa"
  },
  "model": "userprofile.address",
  "pk": 7
},
{
  "fields": {
    "first_name": "Matias",
    "street_address_2": "",
    "postal_code": "5000",
    "company_name": "",
    "last_name": "Roson",
    "city": "270",
    "country": "AI",
    "phone": "2222222222",
    "street_address_1": "Duarte Quiros",
    "country_area": "Aaaaaaaaaaa"
  },
  "model": "userprofile.address",
  "pk": 8
},
{
  "fields": {
    "first_name": "Matias",
    "street_address_2": "",
    "postal_code": "5000",
    "company_name": "",
    "last_name": "Roson",
    "city": "270",
    "country": "AI",
    "phone": "2222222222",
    "street_address_1": "Duarte Quiros",
    "country_area": "Aaaaaaaaaaa"
  },
  "model": "userprofile.address",
  "pk": 9
},
{
  "fields": {
    "first_name": "Matias",
    "street_address_2": "",
    "postal_code": "5000",
    "company_name": "",
    "last_name": "Roson",
    "city": "270",
    "country": "AI",
    "phone": "2222222222",
    "street_address_1": "Duarte Quiros",
    "country_area": "Aaaaaaaaaaa"
  },
  "model": "userprofile.address",
  "pk": 10
},
{
  "fields": {
    "first_name": "Matias",
    "street_address_2": "",
    "postal_code": "5000",
    "company_name": "",
    "last_name": "Roson",
    "city": "270",
    "country": "AI",
    "phone": "2222222222",
    "street_address_1": "Duarte Quiros",
    "country_area": "Aaaaaaaaaaa"
  },
  "model": "userprofile.address",
  "pk": 11
},
{
  "fields": {
    "first_name": "Matias",
    "street_address_2": "",
    "postal_code": "5000",
    "company_name": "",
    "last_name": "Roson",
    "city": "270",
    "country": "AI",
    "phone": "2222222222",
    "street_address_1": "Duarte Quiros",
    "country_area": "Aaaaaaaaaaa"
  },
  "model": "userprofile.address",
  "pk": 12
},
{
  "fields": {
    "first_name": "Matias",
    "street_address_2": "",
    "postal_code": "5000",
    "company_name": "",
    "last_name": "Roson",
    "city": "270",
    "country": "AI",
    "phone": "2222222222",
    "street_address_1": "Duarte Quiros",
    "country_area": "Aaaaaaaaaaa"
  },
  "model": "userprofile.address",
  "pk": 13
},
{
  "fields": {
    "first_name": "Matias",
    "street_address_2": "",
    "postal_code": "5000",
    "company_name": "",
    "last_name": "Roson",
    "city": "270",
    "country": "AI",
    "phone": "2222222222",
    "street_address_1": "Duarte Quiros",
    "country_area": "Aaaaaaaaaaa"
  },
  "model": "userprofile.address",
  "pk": 14
},
{
  "fields": {
    "first_name": "Matias",
    "street_address_2": "",
    "postal_code": "5000",
    "company_name": "",
    "last_name": "Roson",
    "city": "270",
    "country": "AI",
    "phone": "2222222222",
    "street_address_1": "Duarte Quiros",
    "country_area": "Aaaaaaaaaaa"
  },
  "model": "userprofile.address",
  "pk": 15
},
{
  "fields": {
    "first_name": "Matias",
    "street_address_2": "",
    "postal_code": "5000",
    "company_name": "",
    "last_name": "Roson",
    "city": "270",
    "country": "AI",
    "phone": "2222222222",
    "street_address_1": "Duarte Quiros",
    "country_area": "Aaaaaaaaaaa"
  },
  "model": "userprofile.address",
  "pk": 16
},
{
  "fields": {
    "first_name": "Matias",
    "street_address_2": "",
    "postal_code": "5000",
    "company_name": "",
    "last_name": "Roson",
    "city": "270",
    "country": "AI",
    "phone": "2222222222",
    "street_address_1": "Duarte Quiros",
    "country_area": "Aaaaaaaaaaa"
  },
  "model": "userprofile.address",
  "pk": 17
},
{
  "fields": {
    "first_name": "Matias",
    "street_address_2": "",
    "postal_code": "5000",
    "company_name": "",
    "last_name": "Roson",
    "city": "270",
    "country": "AI",
    "phone": "2222222222",
    "street_address_1": "Duarte Quiros",
    "country_area": "Aaaaaaaaaaa"
  },
  "model": "userprofile.address",
  "pk": 18
},
{
  "fields": {
    "first_name": "Matias",
    "street_address_2": "",
    "postal_code": "5000",
    "company_name": "",
    "last_name": "Roson",
    "city": "270",
    "country": "AI",
    "phone": "2222222222",
    "street_address_1": "Duarte Quiros",
    "country_area": "Aaaaaaaaaaa"
  },
  "model": "userprofile.address",
  "pk": 19
},
{
  "fields": {
    "first_name": "Matias",
    "street_address_2": "",
    "postal_code": "5000",
    "company_name": "",
    "last_name": "Roson",
    "city": "270",
    "country": "AI",
    "phone": "2222222222",
    "street_address_1": "Duarte Quiros",
    "country_area": "Aaaaaaaaaaa"
  },
  "model": "userprofile.address",
  "pk": 20
},
{
  "fields": {
    "first_name": "Matias",
    "street_address_2": "",
    "postal_code": "5000",
    "company_name": "",
    "last_name": "Roson",
    "city": "270",
    "country": "AI",
    "phone": "2222222222",
    "street_address_1": "Duarte Quiros",
    "country_area": "Aaaaaaaaaaa"
  },
  "model": "userprofile.address",
  "pk": 21
},
{
  "fields": {
    "first_name": "Matias",
    "street_address_2": "",
    "postal_code": "5000",
    "company_name": "",
    "last_name": "Roson",
    "city": "270",
    "country": "AI",
    "phone": "2222222222",
    "street_address_1": "Duarte Quiros",
    "country_area": "Aaaaaaaaaaa"
  },
  "model": "userprofile.address",
  "pk": 22
},
{
  "fields": {
    "first_name": "Matias",
    "street_address_2": "",
    "postal_code": "5000",
    "company_name": "",
    "last_name": "Roson",
    "city": "270",
    "country": "AI",
    "phone": "2222222222",
    "street_address_1": "Duarte Quiros",
    "country_area": "Aaaaaaaaaaa"
  },
  "model": "userprofile.address",
  "pk": 23
},
{
  "fields": {
    "first_name": "Matias",
    "street_address_2": "",
    "postal_code": "5000",
    "company_name": "",
    "last_name": "Roson",
    "city": "270",
    "country": "AI",
    "phone": "2222222222",
    "street_address_1": "Duarte Quiros",
    "country_area": "Aaaaaaaaaaa"
  },
  "model": "userprofile.address",
  "pk": 24
},
{
  "fields": {
    "first_name": "Matias",
    "street_address_2": "",
    "postal_code": "5000",
    "company_name": "",
    "last_name": "Roson",
    "city": "270",
    "country": "AI",
    "phone": "2222222222",
    "street_address_1": "Duarte Quiros",
    "country_area": "Aaaaaaaaaaa"
  },
  "model": "userprofile.address",
  "pk": 25
},
{
  "fields": {
    "first_name": "Matias",
    "street_address_2": "",
    "postal_code": "5000",
    "company_name": "",
    "last_name": "Roson",
    "city": "270",
    "country": "AI",
    "phone": "2222222222",
    "street_address_1": "Duarte Quiros",
    "country_area": "Aaaaaaaaaaa"
  },
  "model": "userprofile.address",
  "pk": 26
},
{
  "fields": {
    "first_name": "Matias",
    "street_address_2": "",
    "postal_code": "5000",
    "company_name": "",
    "last_name": "Roson",
    "city": "270",
    "country": "AI",
    "phone": "2222222222",
    "street_address_1": "Duarte Quiros",
    "country_area": "Aaaaaaaaaaa"
  },
  "model": "userprofile.address",
  "pk": 27
},
{
  "fields": {
    "first_name": "Matias",
    "street_address_2": "",
    "postal_code": "5000",
    "company_name": "",
    "last_name": "Roson",
    "city": "270",
    "country": "AI",
    "phone": "2222222222",
    "street_address_1": "Duarte Quiros",
    "country_area": "Aaaaaaaaaaa"
  },
  "model": "userprofile.address",
  "pk": 28
},
{
  "fields": {
    "first_name": "Matias",
    "street_address_2": "",
    "postal_code": "5000",
    "company_name": "",
    "last_name": "Roson",
    "city": "270",
    "country": "AI",
    "phone": "2222222222",
    "street_address_1": "Duarte Quiros",
    "country_area": "Aaaaaaaaaaa"
  },
  "model": "userprofile.address",
  "pk": 29
},
{
  "fields": {
    "first_name": "Matias",
    "street_address_2": "",
    "postal_code": "5000",
    "company_name": "",
    "last_name": "Roson",
    "city": "270",
    "country": "AI",
    "phone": "2222222222",
    "street_address_1": "Duarte Quiros",
    "country_area": "Aaaaaaaaaaa"
  },
  "model": "userprofile.address",
  "pk": 30
},
{
  "fields": {
    "first_name": "Matias",
    "street_address_2": "",
    "postal_code": "5000",
    "company_name": "",
    "last_name": "Roson",
    "city": "270",
    "country": "AI",
    "phone": "2222222222",
    "street_address_1": "Duarte Quiros",
    "country_area": "Aaaaaaaaaaa"
  },
  "model": "userprofile.address",
  "pk": 31
},
{
  "fields": {
    "first_name": "Matias",
    "street_address_2": "",
    "postal_code": "5000",
    "company_name": "",
    "last_name": "Roson",
    "city": "270",
    "country": "AI",
    "phone": "2222222222",
    "street_address_1": "Duarte Quiros",
    "country_area": "Aaaaaaaaaaa"
  },
  "model": "userprofile.address",
  "pk": 32
},
{
  "fields": {
    "first_name": "Matias",
    "street_address_2": "",
    "postal_code": "5000",
    "company_name": "",
    "last_name": "Roson",
    "city": "270",
    "country": "AI",
    "phone": "2222222222",
    "street_address_1": "Duarte Quiros",
    "country_area": "Aaaaaaaaaaa"
  },
  "model": "userprofile.address",
  "pk": 33
},
{
  "fields": {
    "first_name": "Matias",
    "street_address_2": "",
    "postal_code": "5000",
    "company_name": "",
    "last_name": "Roson",
    "city": "270",
    "country": "AI",
    "phone": "2222222222",
    "street_address_1": "Duarte Quiros",
    "country_area": "Aaaaaaaaaaa"
  },
  "model": "userprofile.address",
  "pk": 34
},
{
  "fields": {
    "first_name": "Matias",
    "street_address_2": "",
    "postal_code": "5000",
    "company_name": "",
    "last_name": "Roson",
    "city": "270",
    "country": "AI",
    "phone": "2222222222",
    "street_address_1": "Duarte Quiros",
    "country_area": "Aaaaaaaaaaa"
  },
  "model": "userprofile.address",
  "pk": 35
},
{
  "fields": {
    "first_name": "Matias",
    "street_address_2": "",
    "postal_code": "5000",
    "company_name": "",
    "last_name": "Roson",
    "city": "270",
    "country": "AI",
    "phone": "2222222222",
    "street_address_1": "Duarte Quiros",
    "country_area": "Aaaaaaaaaaa"
  },
  "model": "userprofile.address",
  "pk": 36
},
{
  "fields": {
    "first_name": "Matias",
    "street_address_2": "",
    "postal_code": "5000",
    "company_name": "",
    "last_name": "Roson",
    "city": "270",
    "country": "AI",
    "phone": "2222222222",
    "street_address_1": "Duarte Quiros",
    "country_area": "Aaaaaaaaaaa"
  },
  "model": "userprofile.address",
  "pk": 37
},
{
  "fields": {
    "first_name": "Matias",
    "street_address_2": "",
    "postal_code": "5000",
    "company_name": "",
    "last_name": "Roson",
    "city": "270",
    "country": "AI",
    "phone": "2222222222",
    "street_address_1": "Duarte Quiros",
    "country_area": "Aaaaaaaaaaa"
  },
  "model": "userprofile.address",
  "pk": 38
},
{
  "fields": {
    "first_name": "Matias",
    "street_address_2": "",
    "postal_code": "5000",
    "company_name": "",
    "last_name": "Roson",
    "city": "270",
    "country": "AI",
    "phone": "2222222222",
    "street_address_1": "Duarte Quiros",
    "country_area": "Aaaaaaaaaaa"
  },
  "model": "userprofile.address",
  "pk": 39
},
{
  "fields": {
    "first_name": "Matias",
    "street_address_2": "",
    "postal_code": "5000",
    "company_name": "",
    "last_name": "Roson",
    "city": "270",
    "country": "AI",
    "phone": "2222222222",
    "street_address_1": "Duarte Quiros",
    "country_area": "Aaaaaaaaaaa"
  },
  "model": "userprofile.address",
  "pk": 40
},
{
  "fields": {
    "first_name": "Matias",
    "street_address_2": "",
    "postal_code": "5000",
    "company_name": "",
    "last_name": "Roson",
    "city": "270",
    "country": "AI",
    "phone": "2222222222",
    "street_address_1": "Duarte Quiros",
    "country_area": "Aaaaaaaaaaa"
  },
  "model": "userprofile.address",
  "pk": 41
},
{
  "fields": {
    "first_name": "Matias",
    "street_address_2": "",
    "postal_code": "5000",
    "company_name": "",
    "last_name": "Roson",
    "city": "270",
    "country": "AI",
    "phone": "2222222222",
    "street_address_1": "Duarte Quiros",
    "country_area": "Aaaaaaaaaaa"
  },
  "model": "userprofile.address",
  "pk": 42
},
{
  "fields": {
    "first_name": "Matias",
    "street_address_2": "",
    "postal_code": "5000",
    "company_name": "",
    "last_name": "Roson",
    "city": "270",
    "country": "AI",
    "phone": "2222222222",
    "street_address_1": "Duarte Quiros",
    "country_area": "Aaaaaaaaaaa"
  },
  "model": "userprofile.address",
  "pk": 43
},
{
  "fields": {
    "first_name": "Matias",
    "street_address_2": "",
    "postal_code": "5000",
    "company_name": "",
    "last_name": "Roson",
    "city": "270",
    "country": "AI",
    "phone": "2222222222",
    "street_address_1": "Duarte Quiros",
    "country_area": "Aaaaaaaaaaa"
  },
  "model": "userprofile.address",
  "pk": 44
},
{
  "fields": {
    "first_name": "Matias",
    "street_address_2": "",
    "postal_code": "5000",
    "company_name": "",
    "last_name": "Roson",
    "city": "270",
    "country": "AI",
    "phone": "2222222222",
    "street_address_1": "Duarte Quiros",
    "country_area": "Aaaaaaaaaaa"
  },
  "model": "userprofile.address",
  "pk": 45
},
{
  "fields": {
    "first_name": "Matias",
    "street_address_2": "",
    "postal_code": "5000",
    "company_name": "",
    "last_name": "Roson",
    "city": "270",
    "country": "AI",
    "phone": "2222222222",
    "street_address_1": "Duarte Quiros",
    "country_area": "Aaaaaaaaaaa"
  },
  "model": "userprofile.address",
  "pk": 46
},
{
  "fields": {
    "is_staff": true,
    "password": "pbkdf2_sha256$20000$EhgxwOmR3yfj$pGfIx7p3kldV5XLX+8tuUpY6bwKx6wG5a18M+fTdwvI=",
    "addresses": [
      1
    ],
    "is_superuser": true,
    "email": "contextinformatic@gmail.com",
    "last_login": "2015-09-23T13:28:17.394Z",
    "date_joined": "2015-08-25T20:56:13.936Z",
    "groups": [],
    "default_shipping_address": 1,
    "user_permissions": [],
    "default_billing_address": 1,
    "is_active": true
  },
  "model": "userprofile.user",
  "pk": 1
},
{
  "fields": {
    "is_staff": false,
    "password": "pbkdf2_sha256$20000$GINf4BPilyAs$lc05kbsahd7d9LUOestZkov0I4A9I0+pPXRM/pHwbHs=",
    "addresses": [],
    "is_superuser": false,
    "email": "matiroson@gmail.com",
    "last_login": "2015-09-15T22:31:30.565Z",
    "date_joined": "2015-09-15T22:30:12.950Z",
    "groups": [],
    "default_shipping_address": null,
    "user_permissions": [],
    "default_billing_address": null,
    "is_active": true
  },
  "model": "userprofile.user",
  "pk": 4
},
{
  "fields": {
    "products": [
      2
    ],
    "discount": "25.00",
    "name": "PRomo verano"
  },
  "model": "product.fixedproductdiscount",
  "pk": 4
},
{
  "fields": {
    "rght": 8,
    "description": "",
    "slug": "indumentaria",
    "lft": 1,
    "tree_id": 1,
    "name": "Indumentaria",
    "parent": null,
    "hidden": false,
    "level": 0
  },
  "model": "product.category",
  "pk": 10
},
{
  "fields": {
    "rght": 3,
    "description": "Arma la remera a tu gusto, elegi el tipo de remera, y elegi tu estampa.",
    "slug": "remeras",
    "lft": 2,
    "tree_id": 1,
    "name": "Remeras",
    "parent": 10,
    "hidden": false,
    "level": 1
  },
  "model": "product.category",
  "pk": 11
},
{
  "fields": {
    "rght": 5,
    "description": "",
    "slug": "pantalones",
    "lft": 4,
    "tree_id": 1,
    "name": "Pantalones",
    "parent": 10,
    "hidden": false,
    "level": 1
  },
  "model": "product.category",
  "pk": 12
},
{
  "fields": {
    "rght": 7,
    "description": "",
    "slug": "buzos",
    "lft": 6,
    "tree_id": 1,
    "name": "Buzos",
    "parent": 10,
    "hidden": false,
    "level": 1
  },
  "model": "product.category",
  "pk": 13
},
{
  "fields": {
    "rght": 10,
    "description": "",
    "slug": "accesorios",
    "lft": 1,
    "tree_id": 2,
    "name": "Accesorios",
    "parent": null,
    "hidden": false,
    "level": 0
  },
  "model": "product.category",
  "pk": 14
},
{
  "fields": {
    "rght": 3,
    "description": "",
    "slug": "ceniceros",
    "lft": 2,
    "tree_id": 2,
    "name": "Ceniceros",
    "parent": 14,
    "hidden": false,
    "level": 1
  },
  "model": "product.category",
  "pk": 15
},
{
  "fields": {
    "rght": 5,
    "description": "",
    "slug": "bustos",
    "lft": 4,
    "tree_id": 2,
    "name": "Bustos",
    "parent": 14,
    "hidden": false,
    "level": 1
  },
  "model": "product.category",
  "pk": 16
},
{
  "fields": {
    "rght": 7,
    "description": "",
    "slug": "pines",
    "lft": 6,
    "tree_id": 2,
    "name": "Pines",
    "parent": 14,
    "hidden": false,
    "level": 1
  },
  "model": "product.category",
  "pk": 17
},
{
  "fields": {
    "rght": 9,
    "description": "",
    "slug": "medallas",
    "lft": 8,
    "tree_id": 2,
    "name": "Medallas",
    "parent": 14,
    "hidden": false,
    "level": 1
  },
  "model": "product.category",
  "pk": 18
},
{
  "fields": {
    "rght": 8,
    "description": "",
    "slug": "libros",
    "lft": 1,
    "tree_id": 3,
    "name": "Libros",
    "parent": null,
    "hidden": false,
    "level": 0
  },
  "model": "product.category",
  "pk": 19
},
{
  "fields": {
    "rght": 3,
    "description": "",
    "slug": "historia",
    "lft": 2,
    "tree_id": 3,
    "name": "Historia",
    "parent": 19,
    "hidden": false,
    "level": 1
  },
  "model": "product.category",
  "pk": 20
},
{
  "fields": {
    "rght": 5,
    "description": "",
    "slug": "filosofia",
    "lft": 4,
    "tree_id": 3,
    "name": "Filosofia",
    "parent": 19,
    "hidden": false,
    "level": 1
  },
  "model": "product.category",
  "pk": 21
},
{
  "fields": {
    "rght": 7,
    "description": "",
    "slug": "educacion",
    "lft": 6,
    "tree_id": 3,
    "name": "Educacion",
    "parent": 19,
    "hidden": false,
    "level": 1
  },
  "model": "product.category",
  "pk": 22
},
{
  "fields": {
    "available_on": "2015-08-31",
    "description": "Remera 1 al estilo colonial",
    "outstanding": true,
    "name": "Remera 1",
    "categories": [
      11
    ],
    "weight": "200.00",
    "price": "130.00",
    "attributes": [
      4,
      1
    ]
  },
  "model": "product.product",
  "pk": 2
},
{
  "fields": {
    "available_on": "2015-08-01",
    "description": "Remera oto\u00f1o",
    "outstanding": false,
    "name": "Remera 2",
    "categories": [
      11
    ],
    "weight": "140.00",
    "price": "145.00",
    "attributes": [
      4,
      1
    ]
  },
  "model": "product.product",
  "pk": 3
},
{
  "fields": {
    "available_on": "2015-06-10",
    "description": "Buzo con capucha",
    "outstanding": false,
    "name": "Buzo 1",
    "categories": [
      13
    ],
    "weight": "300.00",
    "price": "230.00",
    "attributes": [
      4,
      3
    ]
  },
  "model": "product.product",
  "pk": 4
},
{
  "fields": {
    "available_on": "2015-08-01",
    "description": "Buzo con cuello",
    "outstanding": true,
    "name": "Buzo 2",
    "categories": [
      13
    ],
    "weight": "200.00",
    "price": "320.00",
    "attributes": [
      4,
      3
    ]
  },
  "model": "product.product",
  "pk": 5
},
{
  "fields": {
    "available_on": "2015-08-01",
    "description": "Buzo para mujer",
    "outstanding": false,
    "name": "Buzo 3",
    "categories": [
      13
    ],
    "weight": "280.00",
    "price": "400.00",
    "attributes": [
      4,
      3
    ]
  },
  "model": "product.product",
  "pk": 6
},
{
  "fields": {
    "available_on": "2015-07-30",
    "description": "Pantalon de modal para mujer",
    "outstanding": false,
    "name": "Pantalon 1",
    "categories": [
      12
    ],
    "weight": "100.00",
    "price": "320.00",
    "attributes": [
      4,
      2
    ]
  },
  "model": "product.product",
  "pk": 7
},
{
  "fields": {
    "available_on": "2015-08-01",
    "description": "Buzo cuello V de hilo",
    "outstanding": true,
    "name": "Buzo mujer",
    "categories": [
      13
    ],
    "weight": "200.00",
    "price": "380.00",
    "attributes": [
      4,
      3
    ]
  },
  "model": "product.product",
  "pk": 8
},
{
  "fields": {
    "available_on": "2015-08-01",
    "description": "Pantalon chupin Mujer",
    "outstanding": true,
    "name": "Pantalon 5",
    "categories": [
      12
    ],
    "weight": "100.00",
    "price": "450.00",
    "attributes": [
      4,
      2
    ]
  },
  "model": "product.product",
  "pk": 9
},
{
  "fields": {
    "available_on": "2015-08-01",
    "description": "Remera con estampa unisex",
    "outstanding": false,
    "name": "Remera 5",
    "categories": [
      11
    ],
    "weight": "120.00",
    "price": "120.00",
    "attributes": [
      1
    ]
  },
  "model": "product.product",
  "pk": 10
},
{
  "fields": {
    "sku": "REM1FS",
    "name": "Remera femenina talle S",
    "product": 2,
    "weight_override": null,
    "price_override": "130.00",
    "attributes": "{\"4\":11,\"1\":1}"
  },
  "model": "product.productvariant",
  "pk": 2
},
{
  "fields": {
    "sku": "REM2FS",
    "name": "Remera 2 femenina talle S",
    "product": 3,
    "weight_override": null,
    "price_override": null,
    "attributes": "{\"4\":11,\"1\":1}"
  },
  "model": "product.productvariant",
  "pk": 3
},
{
  "fields": {
    "sku": "BUZ1MS",
    "name": "Buzo con capucha Masculino talle S",
    "product": 4,
    "weight_override": null,
    "price_override": null,
    "attributes": "{\"4\":12,\"3\":9}"
  },
  "model": "product.productvariant",
  "pk": 4
},
{
  "fields": {
    "sku": "BUZ2ML",
    "name": "Buzo con cuello Hombre talle L",
    "product": 5,
    "weight_override": null,
    "price_override": null,
    "attributes": "{\"4\":12,\"3\":10}"
  },
  "model": "product.productvariant",
  "pk": 5
},
{
  "fields": {
    "sku": "BUZ3FS",
    "name": "Buzo Femenino talle S",
    "product": 6,
    "weight_override": null,
    "price_override": null,
    "attributes": "{\"4\":11,\"3\":9}"
  },
  "model": "product.productvariant",
  "pk": 6
},
{
  "fields": {
    "sku": "PAN1F38",
    "name": "Pantalon modal Mujer Talle 38",
    "product": 7,
    "weight_override": null,
    "price_override": null,
    "attributes": "{\"4\":11,\"2\":5}"
  },
  "model": "product.productvariant",
  "pk": 7
},
{
  "fields": {
    "sku": "BUZ4FS",
    "name": "Buzo de hilo Femenino talle S",
    "product": 8,
    "weight_override": null,
    "price_override": null,
    "attributes": "{\"4\":11,\"3\":9}"
  },
  "model": "product.productvariant",
  "pk": 8
},
{
  "fields": {
    "sku": "PAN5F38",
    "name": "Pantalon chupin Mujer talle 38",
    "product": 9,
    "weight_override": null,
    "price_override": null,
    "attributes": "{\"4\":11,\"2\":5}"
  },
  "model": "product.productvariant",
  "pk": 9
},
{
  "fields": {
    "sku": "REM5S",
    "name": "Remera con estampa unisex talle S",
    "product": 10,
    "weight_override": null,
    "price_override": null,
    "attributes": "{\"1\":1}"
  },
  "model": "product.productvariant",
  "pk": 10
},
{
  "fields": {
    "sku": "REMFM",
    "name": "Remera femenina talle M",
    "product": 2,
    "weight_override": null,
    "price_override": "140.00",
    "attributes": "{\"4\":11,\"1\":2}"
  },
  "model": "product.productvariant",
  "pk": 11
},
{
  "fields": {
    "sku": "REMMS",
    "name": "Remera Masculino talle S",
    "product": 2,
    "weight_override": null,
    "price_override": "150.00",
    "attributes": "{\"4\":12,\"1\":1}"
  },
  "model": "product.productvariant",
  "pk": 12
},
{
  "fields": {
    "sku": "REMFL",
    "name": "Remera femenina talle L",
    "product": 2,
    "weight_override": null,
    "price_override": "160.00",
    "attributes": "{\"4\":11,\"1\":3}"
  },
  "model": "product.productvariant",
  "pk": 13
},
{
  "fields": {
    "sku": "REM2MS",
    "name": "Remera 2 masculina Talle S",
    "product": 3,
    "weight_override": null,
    "price_override": null,
    "attributes": "{\"4\":12,\"1\":1}"
  },
  "model": "product.productvariant",
  "pk": 14
},
{
  "fields": {
    "sku": "BUZ1ML",
    "name": "Buzo masculino talle L",
    "product": 4,
    "weight_override": null,
    "price_override": null,
    "attributes": "{\"4\":12,\"3\":10}"
  },
  "model": "product.productvariant",
  "pk": 15
},
{
  "fields": {
    "sku": "BUZ2MS",
    "name": "Buzo Masculino talle S",
    "product": 5,
    "weight_override": null,
    "price_override": null,
    "attributes": "{\"4\":12,\"3\":9}"
  },
  "model": "product.productvariant",
  "pk": 16
},
{
  "fields": {
    "sku": "BUZ3FL",
    "name": "Buzo 3 femenino talle L",
    "product": 6,
    "weight_override": null,
    "price_override": null,
    "attributes": "{\"4\":11,\"3\":10}"
  },
  "model": "product.productvariant",
  "pk": 17
},
{
  "fields": {
    "sku": "PAN1F40",
    "name": "Pantalon 1 femenino talle 40",
    "product": 7,
    "weight_override": null,
    "price_override": null,
    "attributes": "{\"4\":11,\"2\":6}"
  },
  "model": "product.productvariant",
  "pk": 18
},
{
  "fields": {
    "sku": "PAN1F42",
    "name": "Pantalon 1 femenino talle 42",
    "product": 7,
    "weight_override": null,
    "price_override": null,
    "attributes": "{\"4\":11,\"2\":7}"
  },
  "model": "product.productvariant",
  "pk": 19
},
{
  "fields": {
    "sku": "BUZMFL",
    "name": "Buzo mujer Talle L",
    "product": 8,
    "weight_override": null,
    "price_override": null,
    "attributes": "{\"4\":11,\"3\":10}"
  },
  "model": "product.productvariant",
  "pk": 20
},
{
  "fields": {
    "sku": "PAN5F40",
    "name": "Pantalon chupin Mujer talle 40",
    "product": 9,
    "weight_override": null,
    "price_override": null,
    "attributes": "{\"4\":11,\"2\":6}"
  },
  "model": "product.productvariant",
  "pk": 21
},
{
  "fields": {
    "sku": "REM5M",
    "name": "Remera con estampa unisex talle M",
    "product": 10,
    "weight_override": null,
    "price_override": null,
    "attributes": "{\"1\":2}"
  },
  "model": "product.productvariant",
  "pk": 22
},
{
  "fields": {
    "sku": "REM5L",
    "name": "Remera con estampa unisex talle L",
    "product": 10,
    "weight_override": null,
    "price_override": null,
    "attributes": "{\"1\":3}"
  },
  "model": "product.productvariant",
  "pk": 23
},
{
  "fields": {
    "sku": "REM5XL",
    "name": "Remera con estampa unisex talle XL",
    "product": 10,
    "weight_override": null,
    "price_override": null,
    "attributes": "{\"1\":4}"
  },
  "model": "product.productvariant",
  "pk": 24
},
{
  "fields": {
    "location": "asdasd",
    "quantity": -2,
    "variant": 2,
    "cost_price": "100.00",
    "reserved": -13
  },
  "model": "product.stock",
  "pk": 1
},
{
  "fields": {
    "location": "asdaaasd",
    "quantity": 13,
    "variant": 11,
    "cost_price": "100.00",
    "reserved": 0
  },
  "model": "product.stock",
  "pk": 2
},
{
  "fields": {
    "location": "asdaasd",
    "quantity": 6,
    "variant": 12,
    "cost_price": "100.00",
    "reserved": 1
  },
  "model": "product.stock",
  "pk": 3
},
{
  "fields": {
    "location": "asdasd",
    "quantity": 20,
    "variant": 13,
    "cost_price": "120.00",
    "reserved": 0
  },
  "model": "product.stock",
  "pk": 4
},
{
  "fields": {
    "location": "asd",
    "quantity": 14,
    "variant": 3,
    "cost_price": "80.00",
    "reserved": -2
  },
  "model": "product.stock",
  "pk": 5
},
{
  "fields": {
    "location": "aaa",
    "quantity": 10,
    "variant": 14,
    "cost_price": "85.00",
    "reserved": 0
  },
  "model": "product.stock",
  "pk": 6
},
{
  "fields": {
    "location": "aaa",
    "quantity": 100,
    "variant": 4,
    "cost_price": "200.00",
    "reserved": -13
  },
  "model": "product.stock",
  "pk": 7
},
{
  "fields": {
    "location": "aa",
    "quantity": 8,
    "variant": 15,
    "cost_price": "200.00",
    "reserved": 0
  },
  "model": "product.stock",
  "pk": 8
},
{
  "fields": {
    "location": "aa",
    "quantity": 10,
    "variant": 5,
    "cost_price": "220.00",
    "reserved": -5
  },
  "model": "product.stock",
  "pk": 9
},
{
  "fields": {
    "location": "a",
    "quantity": 19,
    "variant": 16,
    "cost_price": "230.00",
    "reserved": 0
  },
  "model": "product.stock",
  "pk": 10
},
{
  "fields": {
    "location": "a",
    "quantity": 5,
    "variant": 6,
    "cost_price": "250.00",
    "reserved": -6
  },
  "model": "product.stock",
  "pk": 11
},
{
  "fields": {
    "location": "a",
    "quantity": 6,
    "variant": 17,
    "cost_price": "260.00",
    "reserved": 0
  },
  "model": "product.stock",
  "pk": 12
},
{
  "fields": {
    "location": "a",
    "quantity": 5,
    "variant": 7,
    "cost_price": "160.00",
    "reserved": -3
  },
  "model": "product.stock",
  "pk": 13
},
{
  "fields": {
    "location": "a",
    "quantity": 25,
    "variant": 18,
    "cost_price": "170.00",
    "reserved": 0
  },
  "model": "product.stock",
  "pk": 14
},
{
  "fields": {
    "location": "a",
    "quantity": 5,
    "variant": 19,
    "cost_price": "180.00",
    "reserved": 0
  },
  "model": "product.stock",
  "pk": 15
},
{
  "fields": {
    "location": "a",
    "quantity": 12,
    "variant": 8,
    "cost_price": "200.00",
    "reserved": -1
  },
  "model": "product.stock",
  "pk": 16
},
{
  "fields": {
    "location": "a",
    "quantity": 15,
    "variant": 20,
    "cost_price": "210.00",
    "reserved": 0
  },
  "model": "product.stock",
  "pk": 17
},
{
  "fields": {
    "location": "a",
    "quantity": 10,
    "variant": 9,
    "cost_price": "190.00",
    "reserved": 0
  },
  "model": "product.stock",
  "pk": 18
},
{
  "fields": {
    "location": "a",
    "quantity": 28,
    "variant": 21,
    "cost_price": "190.00",
    "reserved": 0
  },
  "model": "product.stock",
  "pk": 19
},
{
  "fields": {
    "location": "a",
    "quantity": 10,
    "variant": 10,
    "cost_price": "50.00",
    "reserved": 0
  },
  "model": "product.stock",
  "pk": 20
},
{
  "fields": {
    "location": "a",
    "quantity": 34,
    "variant": 22,
    "cost_price": "60.00",
    "reserved": 0
  },
  "model": "product.stock",
  "pk": 21
},
{
  "fields": {
    "location": "a",
    "quantity": 20,
    "variant": 23,
    "cost_price": "60.00",
    "reserved": 0
  },
  "model": "product.stock",
  "pk": 22
},
{
  "fields": {
    "location": "a",
    "quantity": 10,
    "variant": 24,
    "cost_price": "65.00",
    "reserved": 0
  },
  "model": "product.stock",
  "pk": 23
},
{
  "fields": {
    "widget_type": "TXT",
    "display": "Talles Remeras",
    "name": "talles_remeras"
  },
  "model": "product.productattribute",
  "pk": 1
},
{
  "fields": {
    "widget_type": "TXT",
    "display": "Talles Pantalones",
    "name": "talle_pantalon"
  },
  "model": "product.productattribute",
  "pk": 2
},
{
  "fields": {
    "widget_type": "TXT",
    "display": "Talles Buzos",
    "name": "talle_buzo"
  },
  "model": "product.productattribute",
  "pk": 3
},
{
  "fields": {
    "widget_type": "TXT",
    "display": "Sexo",
    "name": "sexo"
  },
  "model": "product.productattribute",
  "pk": 4
},
{
  "fields": {
    "image": "",
    "color": "",
    "attribute": 1,
    "display": "S"
  },
  "model": "product.attributechoicevalue",
  "pk": 1
},
{
  "fields": {
    "image": "",
    "color": "",
    "attribute": 1,
    "display": "M"
  },
  "model": "product.attributechoicevalue",
  "pk": 2
},
{
  "fields": {
    "image": "",
    "color": "",
    "attribute": 1,
    "display": "L"
  },
  "model": "product.attributechoicevalue",
  "pk": 3
},
{
  "fields": {
    "image": "",
    "color": "",
    "attribute": 1,
    "display": "XL"
  },
  "model": "product.attributechoicevalue",
  "pk": 4
},
{
  "fields": {
    "image": "",
    "color": "",
    "attribute": 2,
    "display": "38"
  },
  "model": "product.attributechoicevalue",
  "pk": 5
},
{
  "fields": {
    "image": "",
    "color": "",
    "attribute": 2,
    "display": "40"
  },
  "model": "product.attributechoicevalue",
  "pk": 6
},
{
  "fields": {
    "image": "",
    "color": "",
    "attribute": 2,
    "display": "42"
  },
  "model": "product.attributechoicevalue",
  "pk": 7
},
{
  "fields": {
    "image": "",
    "color": "",
    "attribute": 2,
    "display": "44"
  },
  "model": "product.attributechoicevalue",
  "pk": 8
},
{
  "fields": {
    "image": "",
    "color": "",
    "attribute": 3,
    "display": "S"
  },
  "model": "product.attributechoicevalue",
  "pk": 9
},
{
  "fields": {
    "image": "",
    "color": "",
    "attribute": 3,
    "display": "L"
  },
  "model": "product.attributechoicevalue",
  "pk": 10
},
{
  "fields": {
    "image": "attributes/panta-blanco-500x500.jpg",
    "color": "",
    "attribute": 4,
    "display": "Femenino"
  },
  "model": "product.attributechoicevalue",
  "pk": 11
},
{
  "fields": {
    "image": "",
    "color": "",
    "attribute": 4,
    "display": "Masculino"
  },
  "model": "product.attributechoicevalue",
  "pk": 12
},
{
  "fields": {
    "alt": "",
    "image": "products/1c2919_2.jpg",
    "ppoi": "0.5x0.5",
    "order": 0,
    "product": 7
  },
  "model": "product.productimage",
  "pk": 5
},
{
  "fields": {
    "alt": "",
    "image": "products/c748e9_1.jpg",
    "ppoi": "0.5x0.5",
    "order": 1,
    "product": 7
  },
  "model": "product.productimage",
  "pk": 6
},
{
  "fields": {
    "alt": "",
    "image": "products/remera-1-up-amarilla.jpg",
    "ppoi": "0.5x0.5",
    "order": 0,
    "product": 2
  },
  "model": "product.productimage",
  "pk": 7
},
{
  "fields": {
    "alt": "",
    "image": "products/remera-1-up-roja.jpg",
    "ppoi": "0.5x0.5",
    "order": 1,
    "product": 2
  },
  "model": "product.productimage",
  "pk": 8
},
{
  "fields": {
    "alt": "",
    "image": "products/remeras-lisas-jujuy-serigrafia-jujuy-estampado-remeras-jujenas_aa89464_3.jpg",
    "ppoi": "0.5x0.5",
    "order": 0,
    "product": 3
  },
  "model": "product.productimage",
  "pk": 9
},
{
  "fields": {
    "alt": "",
    "image": "products/remeras-lisas-jujuy-serigrafia-jujuy-estampado-remeras-jujenas_8e634b318f_3.jpg",
    "ppoi": "0.5x0.5",
    "order": 1,
    "product": 3
  },
  "model": "product.productimage",
  "pk": 10
},
{
  "fields": {
    "alt": "",
    "image": "products/buzos-y-camperas-lisas-frizadas-para-estampar-y-bordar-4034-MLA115513992_6155-O.jpg",
    "ppoi": "0.5x0.5",
    "order": 0,
    "product": 4
  },
  "model": "product.productimage",
  "pk": 11
},
{
  "fields": {
    "alt": "",
    "image": "products/buzos-y-camperas-lisas-frizadas-para-estampar-y-bordar-4094-MLA115513992_9192-O.jpg",
    "ppoi": "0.5x0.5",
    "order": 1,
    "product": 4
  },
  "model": "product.productimage",
  "pk": 12
},
{
  "fields": {
    "alt": "",
    "image": "products/buzo-de-hombre-medio-cierre.jpg",
    "ppoi": "0.5x0.5",
    "order": 0,
    "product": 5
  },
  "model": "product.productimage",
  "pk": 13
},
{
  "fields": {
    "alt": "",
    "image": "products/buzo-de-hombre-bremen.jpg",
    "ppoi": "0.5x0.5",
    "order": 1,
    "product": 5
  },
  "model": "product.productimage",
  "pk": 14
},
{
  "fields": {
    "alt": "",
    "image": "products/buzo-de-mujer-polar-isis.jpg",
    "ppoi": "0.5x0.5",
    "order": 0,
    "product": 6
  },
  "model": "product.productimage",
  "pk": 15
},
{
  "fields": {
    "alt": "",
    "image": "products/buzo-de-mujer-polar-isis1.jpg",
    "ppoi": "0.5x0.5",
    "order": 1,
    "product": 6
  },
  "model": "product.productimage",
  "pk": 16
},
{
  "fields": {
    "alt": "",
    "image": "products/sweater-de-mujer-alegra.jpg",
    "ppoi": "0.5x0.5",
    "order": 0,
    "product": 8
  },
  "model": "product.productimage",
  "pk": 17
},
{
  "fields": {
    "alt": "",
    "image": "products/sweater-de-mujer-alegra1.jpg",
    "ppoi": "0.5x0.5",
    "order": 1,
    "product": 8
  },
  "model": "product.productimage",
  "pk": 18
},
{
  "fields": {
    "alt": "",
    "image": "products/pantalon-chupin-felicien-mirta-armesto-mujer-envio-gratis-989201-MLA20292065506_imViPxH.jpg",
    "ppoi": "0.5x0.5",
    "order": 0,
    "product": 9
  },
  "model": "product.productimage",
  "pk": 19
},
{
  "fields": {
    "alt": "",
    "image": "products/pantalon-chupin-felicien-mirta-armesto-mujer-envio-gratis-541301-MLA20292065003_0L2nMcI.jpg",
    "ppoi": "0.5x0.5",
    "order": 1,
    "product": 9
  },
  "model": "product.productimage",
  "pk": 20
},
{
  "fields": {
    "alt": "",
    "image": "products/remeras-big-bang-theory9-modeloscinetvseriedvdpelicula-4998-MLA4004907865_03201_2zEJcuC.jpg",
    "ppoi": "0.5x0.5",
    "order": 0,
    "product": 10
  },
  "model": "product.productimage",
  "pk": 21
},
{
  "fields": {
    "alt": "",
    "image": "products/remeras-rockthe-beatlesrolling-stonespink-floydzeppelin-4101-MLA2818036256_0620_CI3MJec.jpg",
    "ppoi": "0.5x0.5",
    "order": 1,
    "product": 10
  },
  "model": "product.productimage",
  "pk": 22
},
{
  "fields": {
    "alt": "",
    "image": "products/pantalon-algodon-bebe.jpg",
    "ppoi": "0.5x0.5",
    "order": 2,
    "product": 2
  },
  "model": "product.productimage",
  "pk": 23
},
{
  "fields": {
    "shipping_method": "dummy_shipping",
    "token": "fa6618ec-09b8-4d0e-86fe-b29c46d92704",
    "shipping_address": 4,
    "anonymous_user_email": "",
    "last_status_change": "2015-08-29T19:52:11.592Z",
    "status": "new",
    "billing_address": 3,
    "created": "2015-08-29T19:52:11.592Z",
    "tracking_client_id": "a72e8e6b-b603-5c94-a526-5a93812bde40",
    "user": 1
  },
  "model": "order.order",
  "pk": 1
},
{
  "fields": {
    "shipping_method": "dummy_shipping",
    "token": "6610a4cb-2be3-43a5-b1dd-557f0a6623e8",
    "shipping_address": 6,
    "anonymous_user_email": "",
    "last_status_change": "2015-08-29T22:39:13.551Z",
    "status": "shipped",
    "billing_address": 5,
    "created": "2015-08-29T22:39:13.551Z",
    "tracking_client_id": "a72e8e6b-b603-5c94-a526-5a93812bde40",
    "user": 1
  },
  "model": "order.order",
  "pk": 2
},
{
  "fields": {
    "shipping_method": "dummy_shipping",
    "token": "917f9aab-c753-423d-9bec-a38bc585d40c",
    "shipping_address": 8,
    "anonymous_user_email": "",
    "last_status_change": "2015-09-08T19:10:16.211Z",
    "status": "fully-paid",
    "billing_address": 7,
    "created": "2015-09-08T19:10:16.211Z",
    "tracking_client_id": "a72e8e6b-b603-5c94-a526-5a93812bde40",
    "user": 1
  },
  "model": "order.order",
  "pk": 3
},
{
  "fields": {
    "shipping_method": "dummy_shipping",
    "token": "5d9aa9ba-48b3-481c-922f-e26c4e2e2e70",
    "shipping_address": 10,
    "anonymous_user_email": "",
    "last_status_change": "2015-09-09T16:49:43.266Z",
    "status": "shipped",
    "billing_address": 9,
    "created": "2015-09-09T16:49:43.266Z",
    "tracking_client_id": "a72e8e6b-b603-5c94-a526-5a93812bde40",
    "user": 1
  },
  "model": "order.order",
  "pk": 4
},
{
  "fields": {
    "shipping_method": "dummy_shipping",
    "token": "fd0094e8-b3bf-4bf0-8e8b-e992c0be5458",
    "shipping_address": 12,
    "anonymous_user_email": "",
    "last_status_change": "2015-09-09T18:08:41.703Z",
    "status": "shipped",
    "billing_address": 11,
    "created": "2015-09-09T18:08:41.703Z",
    "tracking_client_id": "a72e8e6b-b603-5c94-a526-5a93812bde40",
    "user": 1
  },
  "model": "order.order",
  "pk": 5
},
{
  "fields": {
    "shipping_method": "dummy_shipping",
    "token": "1925537d-d581-4e73-978c-e4e8bbdf052b",
    "shipping_address": 14,
    "anonymous_user_email": "",
    "last_status_change": "2015-09-09T20:20:52.547Z",
    "status": "shipped",
    "billing_address": 13,
    "created": "2015-09-09T20:20:52.547Z",
    "tracking_client_id": "a72e8e6b-b603-5c94-a526-5a93812bde40",
    "user": 1
  },
  "model": "order.order",
  "pk": 6
},
{
  "fields": {
    "shipping_method": "dummy_shipping",
    "token": "0d0fe55e-b31b-4c62-8de0-023533f3b69a",
    "shipping_address": 16,
    "anonymous_user_email": "",
    "last_status_change": "2015-09-09T20:33:36.170Z",
    "status": "shipped",
    "billing_address": 15,
    "created": "2015-09-09T20:33:36.170Z",
    "tracking_client_id": "a72e8e6b-b603-5c94-a526-5a93812bde40",
    "user": 1
  },
  "model": "order.order",
  "pk": 7
},
{
  "fields": {
    "shipping_method": "dummy_shipping",
    "token": "81fd9fe7-99da-47a2-a120-55220e9fa944",
    "shipping_address": 18,
    "anonymous_user_email": "",
    "last_status_change": "2015-09-09T20:36:08.323Z",
    "status": "shipped",
    "billing_address": 17,
    "created": "2015-09-09T20:36:08.323Z",
    "tracking_client_id": "a72e8e6b-b603-5c94-a526-5a93812bde40",
    "user": 1
  },
  "model": "order.order",
  "pk": 8
},
{
  "fields": {
    "shipping_method": "dummy_shipping",
    "token": "7f517344-ec53-4b5c-861e-a66e56e1a765",
    "shipping_address": 20,
    "anonymous_user_email": "",
    "last_status_change": "2015-09-09T20:50:40.253Z",
    "status": "shipped",
    "billing_address": 19,
    "created": "2015-09-09T20:50:40.253Z",
    "tracking_client_id": "a72e8e6b-b603-5c94-a526-5a93812bde40",
    "user": 1
  },
  "model": "order.order",
  "pk": 9
},
{
  "fields": {
    "shipping_method": "dummy_shipping",
    "token": "4a049174-1bfa-4955-a596-4af80cf93e50",
    "shipping_address": 22,
    "anonymous_user_email": "",
    "last_status_change": "2015-09-09T21:43:45.990Z",
    "status": "shipped",
    "billing_address": 21,
    "created": "2015-09-09T21:43:45.990Z",
    "tracking_client_id": "a72e8e6b-b603-5c94-a526-5a93812bde40",
    "user": 1
  },
  "model": "order.order",
  "pk": 10
},
{
  "fields": {
    "shipping_method": "dummy_shipping",
    "token": "f9d8ac22-dc03-4aa6-9c3d-7a637ef356b8",
    "shipping_address": 24,
    "anonymous_user_email": "",
    "last_status_change": "2015-09-09T23:00:01.361Z",
    "status": "shipped",
    "billing_address": 23,
    "created": "2015-09-09T23:00:01.361Z",
    "tracking_client_id": "a72e8e6b-b603-5c94-a526-5a93812bde40",
    "user": 1
  },
  "model": "order.order",
  "pk": 11
},
{
  "fields": {
    "shipping_method": "dummy_shipping",
    "token": "b23d77a3-4949-4e7e-8da9-8fae5ac27ccf",
    "shipping_address": 26,
    "anonymous_user_email": "",
    "last_status_change": "2015-09-10T15:02:16.230Z",
    "status": "shipped",
    "billing_address": 25,
    "created": "2015-09-10T15:02:16.230Z",
    "tracking_client_id": "a72e8e6b-b603-5c94-a526-5a93812bde40",
    "user": 1
  },
  "model": "order.order",
  "pk": 12
},
{
  "fields": {
    "shipping_method": "dummy_shipping",
    "token": "a85ba806-4cca-4377-b7f9-8d1d5b847134",
    "shipping_address": 28,
    "anonymous_user_email": "",
    "last_status_change": "2015-09-10T15:30:09.072Z",
    "status": "shipped",
    "billing_address": 27,
    "created": "2015-09-10T15:30:09.072Z",
    "tracking_client_id": "a72e8e6b-b603-5c94-a526-5a93812bde40",
    "user": 1
  },
  "model": "order.order",
  "pk": 13
},
{
  "fields": {
    "shipping_method": "dummy_shipping",
    "token": "4f15a013-246b-44cd-9e84-e4b565301d16",
    "shipping_address": 30,
    "anonymous_user_email": "",
    "last_status_change": "2015-09-10T18:15:41.045Z",
    "status": "shipped",
    "billing_address": 29,
    "created": "2015-09-10T18:15:41.045Z",
    "tracking_client_id": "a72e8e6b-b603-5c94-a526-5a93812bde40",
    "user": 1
  },
  "model": "order.order",
  "pk": 14
},
{
  "fields": {
    "shipping_method": "dummy_shipping",
    "token": "7011ff1a-1afb-4ecb-8e29-12c4eb9c19b3",
    "shipping_address": 32,
    "anonymous_user_email": "",
    "last_status_change": "2015-09-10T19:02:56.788Z",
    "status": "shipped",
    "billing_address": 31,
    "created": "2015-09-10T19:02:56.788Z",
    "tracking_client_id": "a72e8e6b-b603-5c94-a526-5a93812bde40",
    "user": 1
  },
  "model": "order.order",
  "pk": 15
},
{
  "fields": {
    "shipping_method": "dummy_shipping",
    "token": "55697b71-482e-4080-bafa-4241ba3b160e",
    "shipping_address": 34,
    "anonymous_user_email": "",
    "last_status_change": "2015-09-10T19:30:05.684Z",
    "status": "shipped",
    "billing_address": 33,
    "created": "2015-09-10T19:30:05.684Z",
    "tracking_client_id": "a72e8e6b-b603-5c94-a526-5a93812bde40",
    "user": 1
  },
  "model": "order.order",
  "pk": 16
},
{
  "fields": {
    "shipping_method": "dummy_shipping",
    "token": "db9a77e2-6a27-4970-a30e-5c4d1f362215",
    "shipping_address": 36,
    "anonymous_user_email": "",
    "last_status_change": "2015-09-10T19:36:23.214Z",
    "status": "payment-pending",
    "billing_address": 35,
    "created": "2015-09-10T19:36:23.214Z",
    "tracking_client_id": "a72e8e6b-b603-5c94-a526-5a93812bde40",
    "user": 1
  },
  "model": "order.order",
  "pk": 17
},
{
  "fields": {
    "shipping_method": "dummy_shipping",
    "token": "3ef3f856-cb5d-45d4-8ab4-5535e3b7ed9e",
    "shipping_address": 38,
    "anonymous_user_email": "",
    "last_status_change": "2015-09-10T19:46:18.748Z",
    "status": "payment-pending",
    "billing_address": 37,
    "created": "2015-09-10T19:46:18.748Z",
    "tracking_client_id": "a72e8e6b-b603-5c94-a526-5a93812bde40",
    "user": 1
  },
  "model": "order.order",
  "pk": 18
},
{
  "fields": {
    "shipping_method": "dummy_shipping",
    "token": "f5ec113e-6c31-43ec-9400-8bb08f517871",
    "shipping_address": 40,
    "anonymous_user_email": "",
    "last_status_change": "2015-09-10T19:48:08.494Z",
    "status": "fully-paid",
    "billing_address": 39,
    "created": "2015-09-10T19:48:08.494Z",
    "tracking_client_id": "a72e8e6b-b603-5c94-a526-5a93812bde40",
    "user": 1
  },
  "model": "order.order",
  "pk": 19
},
{
  "fields": {
    "shipping_method": "dummy_shipping",
    "token": "5324b011-af8c-4d34-ad89-e0456d81bf24",
    "shipping_address": 42,
    "anonymous_user_email": "",
    "last_status_change": "2015-09-10T19:55:12.588Z",
    "status": "payment-pending",
    "billing_address": 41,
    "created": "2015-09-10T19:55:12.588Z",
    "tracking_client_id": "a72e8e6b-b603-5c94-a526-5a93812bde40",
    "user": 1
  },
  "model": "order.order",
  "pk": 20
},
{
  "fields": {
    "shipping_method": "dummy_shipping",
    "token": "df973473-001d-4da4-abe3-838da0a7a6ee",
    "shipping_address": 44,
    "anonymous_user_email": "",
    "last_status_change": "2015-09-10T19:57:25.846Z",
    "status": "payment-pending",
    "billing_address": 43,
    "created": "2015-09-10T19:57:25.846Z",
    "tracking_client_id": "a72e8e6b-b603-5c94-a526-5a93812bde40",
    "user": 1
  },
  "model": "order.order",
  "pk": 21
},
{
  "fields": {
    "shipping_method": "dummy_shipping",
    "token": "8c5f1af2-0652-4e6c-a0a8-55e90316eab6",
    "shipping_address": 46,
    "anonymous_user_email": "",
    "last_status_change": "2015-09-10T22:15:39.567Z",
    "status": "payment-pending",
    "billing_address": 45,
    "created": "2015-09-10T22:15:39.566Z",
    "tracking_client_id": "a72e8e6b-b603-5c94-a526-5a93812bde40",
    "user": 1
  },
  "model": "order.order",
  "pk": 22
},
{
  "fields": {
    "shipping_required": true,
    "order": 1,
    "shipping_price": "400.0000",
    "status": "new"
  },
  "model": "order.deliverygroup",
  "pk": 1
},
{
  "fields": {
    "shipping_required": true,
    "order": 2,
    "shipping_price": "800.0000",
    "status": "shipped"
  },
  "model": "order.deliverygroup",
  "pk": 2
},
{
  "fields": {
    "shipping_required": true,
    "order": 3,
    "shipping_price": "1000.0000",
    "status": "new"
  },
  "model": "order.deliverygroup",
  "pk": 3
},
{
  "fields": {
    "shipping_required": true,
    "order": 4,
    "shipping_price": "1020.0000",
    "status": "shipped"
  },
  "model": "order.deliverygroup",
  "pk": 4
},
{
  "fields": {
    "shipping_required": true,
    "order": 5,
    "shipping_price": "1100.0000",
    "status": "shipped"
  },
  "model": "order.deliverygroup",
  "pk": 5
},
{
  "fields": {
    "shipping_required": true,
    "order": 6,
    "shipping_price": "980.0000",
    "status": "shipped"
  },
  "model": "order.deliverygroup",
  "pk": 6
},
{
  "fields": {
    "shipping_required": true,
    "order": 7,
    "shipping_price": "200.0000",
    "status": "shipped"
  },
  "model": "order.deliverygroup",
  "pk": 7
},
{
  "fields": {
    "shipping_required": true,
    "order": 8,
    "shipping_price": "300.0000",
    "status": "shipped"
  },
  "model": "order.deliverygroup",
  "pk": 8
},
{
  "fields": {
    "shipping_required": true,
    "order": 9,
    "shipping_price": "200.0000",
    "status": "shipped"
  },
  "model": "order.deliverygroup",
  "pk": 9
},
{
  "fields": {
    "shipping_required": true,
    "order": 10,
    "shipping_price": "880.0000",
    "status": "shipped"
  },
  "model": "order.deliverygroup",
  "pk": 10
},
{
  "fields": {
    "shipping_required": true,
    "order": 11,
    "shipping_price": "580.0000",
    "status": "shipped"
  },
  "model": "order.deliverygroup",
  "pk": 11
},
{
  "fields": {
    "shipping_required": true,
    "order": 12,
    "shipping_price": "480.0000",
    "status": "shipped"
  },
  "model": "order.deliverygroup",
  "pk": 12
},
{
  "fields": {
    "shipping_required": true,
    "order": 13,
    "shipping_price": "480.0000",
    "status": "shipped"
  },
  "model": "order.deliverygroup",
  "pk": 13
},
{
  "fields": {
    "shipping_required": true,
    "order": 14,
    "shipping_price": "700.0000",
    "status": "shipped"
  },
  "model": "order.deliverygroup",
  "pk": 14
},
{
  "fields": {
    "shipping_required": true,
    "order": 15,
    "shipping_price": "700.0000",
    "status": "shipped"
  },
  "model": "order.deliverygroup",
  "pk": 15
},
{
  "fields": {
    "shipping_required": true,
    "order": 16,
    "shipping_price": "480.0000",
    "status": "shipped"
  },
  "model": "order.deliverygroup",
  "pk": 16
},
{
  "fields": {
    "shipping_required": true,
    "order": 17,
    "shipping_price": "500.0000",
    "status": "shipped"
  },
  "model": "order.deliverygroup",
  "pk": 17
},
{
  "fields": {
    "shipping_required": true,
    "order": 18,
    "shipping_price": "500.0000",
    "status": "shipped"
  },
  "model": "order.deliverygroup",
  "pk": 18
},
{
  "fields": {
    "shipping_required": true,
    "order": 19,
    "shipping_price": "500.0000",
    "status": "shipped"
  },
  "model": "order.deliverygroup",
  "pk": 19
},
{
  "fields": {
    "shipping_required": true,
    "order": 20,
    "shipping_price": "500.0000",
    "status": "shipped"
  },
  "model": "order.deliverygroup",
  "pk": 20
},
{
  "fields": {
    "shipping_required": true,
    "order": 21,
    "shipping_price": "500.0000",
    "status": "shipped"
  },
  "model": "order.deliverygroup",
  "pk": 21
},
{
  "fields": {
    "shipping_required": true,
    "order": 22,
    "shipping_price": "400.0000",
    "status": "shipped"
  },
  "model": "order.deliverygroup",
  "pk": 22
},
{
  "fields": {
    "product_sku": "REM1FS",
    "unit_price_gross": "130.0000",
    "delivery_group": 1,
    "product": 2,
    "quantity": 1,
    "extra_data": "[(1, 2)]",
    "product_name": "Remera femenina talle S",
    "unit_price_net": "130.0000"
  },
  "model": "order.ordereditem",
  "pk": 1
},
{
  "fields": {
    "product_sku": "REMMS",
    "unit_price_gross": "130.0000",
    "delivery_group": 1,
    "product": 2,
    "quantity": 1,
    "extra_data": "[(1, 2)]",
    "product_name": "Remera Masculino talle S",
    "unit_price_net": "130.0000"
  },
  "model": "order.ordereditem",
  "pk": 2
},
{
  "fields": {
    "product_sku": "REMMS",
    "unit_price_gross": "130.0000",
    "delivery_group": 2,
    "product": 2,
    "quantity": 4,
    "extra_data": "[(1, 2), (3, 5)]",
    "product_name": "Remera Masculino talle S",
    "unit_price_net": "130.0000"
  },
  "model": "order.ordereditem",
  "pk": 3
},
{
  "fields": {
    "product_sku": "REMMS",
    "unit_price_gross": "125.0000",
    "delivery_group": 3,
    "product": 2,
    "quantity": 5,
    "extra_data": "[(3,4)]",
    "product_name": "Remera Masculino talle S",
    "unit_price_net": "125.0000"
  },
  "model": "order.ordereditem",
  "pk": 4
},
{
  "fields": {
    "product_sku": "REM1FS",
    "unit_price_gross": "105.0000",
    "delivery_group": 4,
    "product": 2,
    "quantity": 3,
    "extra_data": "[(3,4)]",
    "product_name": "Remera femenina talle S",
    "unit_price_net": "105.0000"
  },
  "model": "order.ordereditem",
  "pk": 5
},
{
  "fields": {
    "product_sku": "REM2FS",
    "unit_price_gross": "145.0000",
    "delivery_group": 4,
    "product": 3,
    "quantity": 3,
    "extra_data": "[(3,4)]",
    "product_name": "Remera 2 femenina talle S",
    "unit_price_net": "145.0000"
  },
  "model": "order.ordereditem",
  "pk": 6
},
{
  "fields": {
    "product_sku": "BUZ1MS",
    "unit_price_gross": "230.0000",
    "delivery_group": 5,
    "product": 4,
    "quantity": 3,
    "extra_data": "[]",
    "product_name": "Buzo con capucha Masculino talle S",
    "unit_price_net": "230.0000"
  },
  "model": "order.ordereditem",
  "pk": 7
},
{
  "fields": {
    "product_sku": "REM1FS",
    "unit_price_gross": "105.0000",
    "delivery_group": 5,
    "product": 2,
    "quantity": 1,
    "extra_data": "[(3,4)]",
    "product_name": "Remera femenina talle S",
    "unit_price_net": "105.0000"
  },
  "model": "order.ordereditem",
  "pk": 8
},
{
  "fields": {
    "product_sku": "REM2FS",
    "unit_price_gross": "145.0000",
    "delivery_group": 6,
    "product": 3,
    "quantity": 2,
    "extra_data": "[(3,4)]",
    "product_name": "Remera 2 femenina talle S",
    "unit_price_net": "145.0000"
  },
  "model": "order.ordereditem",
  "pk": 9
},
{
  "fields": {
    "product_sku": "BUZ1MS",
    "unit_price_gross": "230.0000",
    "delivery_group": 6,
    "product": 4,
    "quantity": 1,
    "extra_data": "[]",
    "product_name": "Buzo con capucha Masculino talle S",
    "unit_price_net": "230.0000"
  },
  "model": "order.ordereditem",
  "pk": 10
},
{
  "fields": {
    "product_sku": "REM1FS",
    "unit_price_gross": "105.0000",
    "delivery_group": 6,
    "product": 2,
    "quantity": 2,
    "extra_data": "[(3,4)]",
    "product_name": "Remera femenina talle S",
    "unit_price_net": "105.0000"
  },
  "model": "order.ordereditem",
  "pk": 11
},
{
  "fields": {
    "product_sku": "REM1FS",
    "unit_price_gross": "105.0000",
    "delivery_group": 7,
    "product": 2,
    "quantity": 1,
    "extra_data": "[(3,4)]",
    "product_name": "Remera femenina talle S",
    "unit_price_net": "105.0000"
  },
  "model": "order.ordereditem",
  "pk": 12
},
{
  "fields": {
    "product_sku": "BUZ1MS",
    "unit_price_gross": "230.0000",
    "delivery_group": 8,
    "product": 4,
    "quantity": 1,
    "extra_data": "[]",
    "product_name": "Buzo con capucha Masculino talle S",
    "unit_price_net": "230.0000"
  },
  "model": "order.ordereditem",
  "pk": 13
},
{
  "fields": {
    "product_sku": "BUZ2ML",
    "unit_price_gross": "320.0000",
    "delivery_group": 9,
    "product": 5,
    "quantity": 1,
    "extra_data": "[]",
    "product_name": "Buzo con cuello Hombre talle L",
    "unit_price_net": "320.0000"
  },
  "model": "order.ordereditem",
  "pk": 14
},
{
  "fields": {
    "product_sku": "REM1FS",
    "unit_price_gross": "105.0000",
    "delivery_group": 10,
    "product": 2,
    "quantity": 1,
    "extra_data": "[(3,4)]",
    "product_name": "Remera femenina talle S",
    "unit_price_net": "105.0000"
  },
  "model": "order.ordereditem",
  "pk": 15
},
{
  "fields": {
    "product_sku": "BUZ1MS",
    "unit_price_gross": "230.0000",
    "delivery_group": 10,
    "product": 4,
    "quantity": 1,
    "extra_data": "[]",
    "product_name": "Buzo con capucha Masculino talle S",
    "unit_price_net": "230.0000"
  },
  "model": "order.ordereditem",
  "pk": 16
},
{
  "fields": {
    "product_sku": "PAN1F38",
    "unit_price_gross": "320.0000",
    "delivery_group": 10,
    "product": 7,
    "quantity": 1,
    "extra_data": "[]",
    "product_name": "Pantalon modal Mujer Talle 38",
    "unit_price_net": "320.0000"
  },
  "model": "order.ordereditem",
  "pk": 17
},
{
  "fields": {
    "product_sku": "BUZ3FS",
    "unit_price_gross": "400.0000",
    "delivery_group": 10,
    "product": 6,
    "quantity": 1,
    "extra_data": "[]",
    "product_name": "Buzo Femenino talle S",
    "unit_price_net": "400.0000"
  },
  "model": "order.ordereditem",
  "pk": 18
},
{
  "fields": {
    "product_sku": "REM1FS",
    "unit_price_gross": "105.0000",
    "delivery_group": 11,
    "product": 2,
    "quantity": 1,
    "extra_data": "[(3,4)]",
    "product_name": "Remera femenina talle S",
    "unit_price_net": "105.0000"
  },
  "model": "order.ordereditem",
  "pk": 19
},
{
  "fields": {
    "product_sku": "PAN1F38",
    "unit_price_gross": "320.0000",
    "delivery_group": 11,
    "product": 7,
    "quantity": 1,
    "extra_data": "[]",
    "product_name": "Pantalon modal Mujer Talle 38",
    "unit_price_net": "320.0000"
  },
  "model": "order.ordereditem",
  "pk": 20
},
{
  "fields": {
    "product_sku": "BUZ3FS",
    "unit_price_gross": "400.0000",
    "delivery_group": 11,
    "product": 6,
    "quantity": 1,
    "extra_data": "[]",
    "product_name": "Buzo Femenino talle S",
    "unit_price_net": "400.0000"
  },
  "model": "order.ordereditem",
  "pk": 21
},
{
  "fields": {
    "product_sku": "BUZ4FS",
    "unit_price_gross": "380.0000",
    "delivery_group": 12,
    "product": 8,
    "quantity": 1,
    "extra_data": "[]",
    "product_name": "Buzo de hilo Femenino talle S",
    "unit_price_net": "380.0000"
  },
  "model": "order.ordereditem",
  "pk": 22
},
{
  "fields": {
    "product_sku": "BUZ3FS",
    "unit_price_gross": "400.0000",
    "delivery_group": 12,
    "product": 6,
    "quantity": 1,
    "extra_data": "[]",
    "product_name": "Buzo Femenino talle S",
    "unit_price_net": "400.0000"
  },
  "model": "order.ordereditem",
  "pk": 23
},
{
  "fields": {
    "product_sku": "BUZ3FS",
    "unit_price_gross": "400.0000",
    "delivery_group": 13,
    "product": 6,
    "quantity": 1,
    "extra_data": "[]",
    "product_name": "Buzo Femenino talle S",
    "unit_price_net": "400.0000"
  },
  "model": "order.ordereditem",
  "pk": 24
},
{
  "fields": {
    "product_sku": "BUZ2ML",
    "unit_price_gross": "320.0000",
    "delivery_group": 13,
    "product": 5,
    "quantity": 1,
    "extra_data": "[]",
    "product_name": "Buzo con cuello Hombre talle L",
    "unit_price_net": "320.0000"
  },
  "model": "order.ordereditem",
  "pk": 25
},
{
  "fields": {
    "product_sku": "REM1FS",
    "unit_price_gross": "105.0000",
    "delivery_group": 14,
    "product": 2,
    "quantity": 1,
    "extra_data": "[(3,4)]",
    "product_name": "Remera femenina talle S",
    "unit_price_net": "105.0000"
  },
  "model": "order.ordereditem",
  "pk": 26
},
{
  "fields": {
    "product_sku": "BUZ1MS",
    "unit_price_gross": "230.0000",
    "delivery_group": 14,
    "product": 4,
    "quantity": 1,
    "extra_data": "[]",
    "product_name": "Buzo con capucha Masculino talle S",
    "unit_price_net": "230.0000"
  },
  "model": "order.ordereditem",
  "pk": 27
},
{
  "fields": {
    "product_sku": "BUZ2ML",
    "unit_price_gross": "320.0000",
    "delivery_group": 14,
    "product": 5,
    "quantity": 1,
    "extra_data": "[]",
    "product_name": "Buzo con cuello Hombre talle L",
    "unit_price_net": "320.0000"
  },
  "model": "order.ordereditem",
  "pk": 28
},
{
  "fields": {
    "product_sku": "REM1FS",
    "unit_price_gross": "105.0000",
    "delivery_group": 15,
    "product": 2,
    "quantity": 2,
    "extra_data": "[(3,4)]",
    "product_name": "Remera femenina talle S",
    "unit_price_net": "105.0000"
  },
  "model": "order.ordereditem",
  "pk": 29
},
{
  "fields": {
    "product_sku": "BUZ1MS",
    "unit_price_gross": "230.0000",
    "delivery_group": 15,
    "product": 4,
    "quantity": 1,
    "extra_data": "[]",
    "product_name": "Buzo con capucha Masculino talle S",
    "unit_price_net": "230.0000"
  },
  "model": "order.ordereditem",
  "pk": 30
},
{
  "fields": {
    "product_sku": "BUZ2ML",
    "unit_price_gross": "320.0000",
    "delivery_group": 16,
    "product": 5,
    "quantity": 1,
    "extra_data": "[]",
    "product_name": "Buzo con cuello Hombre talle L",
    "unit_price_net": "320.0000"
  },
  "model": "order.ordereditem",
  "pk": 31
},
{
  "fields": {
    "product_sku": "BUZ3FS",
    "unit_price_gross": "400.0000",
    "delivery_group": 16,
    "product": 6,
    "quantity": 1,
    "extra_data": "[]",
    "product_name": "Buzo Femenino talle S",
    "unit_price_net": "400.0000"
  },
  "model": "order.ordereditem",
  "pk": 32
},
{
  "fields": {
    "product_sku": "BUZ1MS",
    "unit_price_gross": "230.0000",
    "delivery_group": 17,
    "product": 4,
    "quantity": 1,
    "extra_data": "[]",
    "product_name": "Buzo con capucha Masculino talle S",
    "unit_price_net": "230.0000"
  },
  "model": "order.ordereditem",
  "pk": 33
},
{
  "fields": {
    "product_sku": "REM1FS",
    "unit_price_gross": "105.0000",
    "delivery_group": 17,
    "product": 2,
    "quantity": 1,
    "extra_data": "[(3,4)]",
    "product_name": "Remera femenina talle S",
    "unit_price_net": "105.0000"
  },
  "model": "order.ordereditem",
  "pk": 34
},
{
  "fields": {
    "product_sku": "REM1FS",
    "unit_price_gross": "105.0000",
    "delivery_group": 18,
    "product": 2,
    "quantity": 1,
    "extra_data": "[(3,4)]",
    "product_name": "Remera femenina talle S",
    "unit_price_net": "105.0000"
  },
  "model": "order.ordereditem",
  "pk": 35
},
{
  "fields": {
    "product_sku": "BUZ1MS",
    "unit_price_gross": "230.0000",
    "delivery_group": 18,
    "product": 4,
    "quantity": 1,
    "extra_data": "[]",
    "product_name": "Buzo con capucha Masculino talle S",
    "unit_price_net": "230.0000"
  },
  "model": "order.ordereditem",
  "pk": 36
},
{
  "fields": {
    "product_sku": "BUZ1MS",
    "unit_price_gross": "230.0000",
    "delivery_group": 19,
    "product": 4,
    "quantity": 1,
    "extra_data": "[]",
    "product_name": "Buzo con capucha Masculino talle S",
    "unit_price_net": "230.0000"
  },
  "model": "order.ordereditem",
  "pk": 37
},
{
  "fields": {
    "product_sku": "REM1FS",
    "unit_price_gross": "105.0000",
    "delivery_group": 19,
    "product": 2,
    "quantity": 1,
    "extra_data": "[(3,4)]",
    "product_name": "Remera femenina talle S",
    "unit_price_net": "105.0000"
  },
  "model": "order.ordereditem",
  "pk": 38
},
{
  "fields": {
    "product_sku": "REM1FS",
    "unit_price_gross": "105.0000",
    "delivery_group": 20,
    "product": 2,
    "quantity": 1,
    "extra_data": "[(3,4)]",
    "product_name": "Remera femenina talle S",
    "unit_price_net": "105.0000"
  },
  "model": "order.ordereditem",
  "pk": 39
},
{
  "fields": {
    "product_sku": "BUZ1MS",
    "unit_price_gross": "230.0000",
    "delivery_group": 20,
    "product": 4,
    "quantity": 1,
    "extra_data": "[]",
    "product_name": "Buzo con capucha Masculino talle S",
    "unit_price_net": "230.0000"
  },
  "model": "order.ordereditem",
  "pk": 40
},
{
  "fields": {
    "product_sku": "REM1FS",
    "unit_price_gross": "105.0000",
    "delivery_group": 21,
    "product": 2,
    "quantity": 1,
    "extra_data": "[(3,4)]",
    "product_name": "Remera femenina talle S",
    "unit_price_net": "105.0000"
  },
  "model": "order.ordereditem",
  "pk": 41
},
{
  "fields": {
    "product_sku": "BUZ1MS",
    "unit_price_gross": "230.0000",
    "delivery_group": 21,
    "product": 4,
    "quantity": 1,
    "extra_data": "[]",
    "product_name": "Buzo con capucha Masculino talle S",
    "unit_price_net": "230.0000"
  },
  "model": "order.ordereditem",
  "pk": 42
},
{
  "fields": {
    "product_sku": "PAN1F38",
    "unit_price_gross": "320.0000",
    "delivery_group": 22,
    "product": 7,
    "quantity": 1,
    "extra_data": "[]",
    "product_name": "Pantalon modal Mujer Talle 38",
    "unit_price_net": "320.0000"
  },
  "model": "order.ordereditem",
  "pk": 43
},
{
  "fields": {
    "product_sku": "BUZ1MS",
    "unit_price_gross": "230.0000",
    "delivery_group": 22,
    "product": 4,
    "quantity": 1,
    "extra_data": "[]",
    "product_name": "Buzo con capucha Masculino talle S",
    "unit_price_net": "230.0000"
  },
  "model": "order.ordereditem",
  "pk": 44
},
{
  "fields": {
    "token": "c46ca299-80a7-404c-8e7a-7ade0fde8f28",
    "variant": "default",
    "delivery": "1000.00",
    "billing_country_area": "Aaaaaaaaaaa",
    "billing_address_2": "",
    "billing_address_1": "Duarte Quiros",
    "description": "Order #3",
    "billing_first_name": "Matias",
    "status": "input",
    "billing_country_code": "AI",
    "created": "2015-09-08T19:13:22.957Z",
    "tax": "0.00",
    "modified": "2015-09-08T19:13:22.970Z",
    "transaction_id": "",
    "customer_ip_address": "127.0.0.1",
    "order": 3,
    "message": "",
    "billing_email": "contextinformatic@gmail.com",
    "billing_last_name": "Roson",
    "currency": "USD",
    "fraud_status": "unknown",
    "captured_amount": "0.00",
    "extra_data": "",
    "total": "1625.00",
    "billing_city": "270",
    "billing_postcode": "5000",
    "fraud_message": ""
  },
  "model": "order.payment",
  "pk": 1
},
{
  "fields": {
    "token": "45be7bc3-2264-4608-b3ec-b1b09b9fdcd4",
    "variant": "default",
    "delivery": "1000.00",
    "billing_country_area": "Aaaaaaaaaaa",
    "billing_address_2": "",
    "billing_address_1": "Duarte Quiros",
    "description": "Order #3",
    "billing_first_name": "Matias",
    "status": "confirmed",
    "billing_country_code": "AI",
    "created": "2015-09-08T19:13:34.977Z",
    "tax": "0.00",
    "modified": "2015-09-08T19:13:39.059Z",
    "transaction_id": "",
    "customer_ip_address": "127.0.0.1",
    "order": 3,
    "message": "",
    "billing_email": "contextinformatic@gmail.com",
    "billing_last_name": "Roson",
    "currency": "USD",
    "fraud_status": "accept",
    "captured_amount": "0.00",
    "extra_data": "",
    "total": "1625.00",
    "billing_city": "270",
    "billing_postcode": "5000",
    "fraud_message": ""
  },
  "model": "order.payment",
  "pk": 2
},
{
  "fields": {
    "token": "e4159652-8c87-45df-8ef0-931ec9fe108b",
    "variant": "default",
    "delivery": "1020.00",
    "billing_country_area": "Aaaaaaaaaaa",
    "billing_address_2": "",
    "billing_address_1": "Duarte Quiros",
    "description": "Order #4",
    "billing_first_name": "Matias",
    "status": "input",
    "billing_country_code": "AI",
    "created": "2015-09-09T16:50:45.143Z",
    "tax": "0.00",
    "modified": "2015-09-09T16:50:45.154Z",
    "transaction_id": "",
    "customer_ip_address": "127.0.0.1",
    "order": 4,
    "message": "",
    "billing_email": "contextinformatic@gmail.com",
    "billing_last_name": "Roson",
    "currency": "USD",
    "fraud_status": "unknown",
    "captured_amount": "0.00",
    "extra_data": "",
    "total": "1770.00",
    "billing_city": "270",
    "billing_postcode": "5000",
    "fraud_message": ""
  },
  "model": "order.payment",
  "pk": 3
},
{
  "fields": {
    "token": "23bcdf15-fd45-4cdf-beec-913cc783822d",
    "variant": "default",
    "delivery": "1020.00",
    "billing_country_area": "Aaaaaaaaaaa",
    "billing_address_2": "",
    "billing_address_1": "Duarte Quiros",
    "description": "Order #4",
    "billing_first_name": "Matias",
    "status": "confirmed",
    "billing_country_code": "AI",
    "created": "2015-09-09T16:50:55.785Z",
    "tax": "0.00",
    "modified": "2015-09-09T16:51:00.539Z",
    "transaction_id": "",
    "customer_ip_address": "127.0.0.1",
    "order": 4,
    "message": "",
    "billing_email": "contextinformatic@gmail.com",
    "billing_last_name": "Roson",
    "currency": "USD",
    "fraud_status": "reject",
    "captured_amount": "0.00",
    "extra_data": "",
    "total": "1770.00",
    "billing_city": "270",
    "billing_postcode": "5000",
    "fraud_message": ""
  },
  "model": "order.payment",
  "pk": 4
},
{
  "fields": {
    "token": "375ead92-35e6-4435-8e07-8eda417c2dbe",
    "variant": "default",
    "delivery": "1100.00",
    "billing_country_area": "Aaaaaaaaaaa",
    "billing_address_2": "",
    "billing_address_1": "Duarte Quiros",
    "description": "Order #5",
    "billing_first_name": "Matias",
    "status": "input",
    "billing_country_code": "AI",
    "created": "2015-09-09T18:11:01.985Z",
    "tax": "0.00",
    "modified": "2015-09-09T18:11:01.994Z",
    "transaction_id": "",
    "customer_ip_address": "127.0.0.1",
    "order": 5,
    "message": "",
    "billing_email": "contextinformatic@gmail.com",
    "billing_last_name": "Roson",
    "currency": "USD",
    "fraud_status": "unknown",
    "captured_amount": "0.00",
    "extra_data": "",
    "total": "1895.00",
    "billing_city": "270",
    "billing_postcode": "5000",
    "fraud_message": ""
  },
  "model": "order.payment",
  "pk": 5
},
{
  "fields": {
    "token": "f127dd8b-641d-4a45-85c4-cf3084711905",
    "variant": "default",
    "delivery": "1100.00",
    "billing_country_area": "Aaaaaaaaaaa",
    "billing_address_2": "",
    "billing_address_1": "Duarte Quiros",
    "description": "Order #5",
    "billing_first_name": "Matias",
    "status": "rejected",
    "billing_country_code": "AI",
    "created": "2015-09-09T18:11:26.293Z",
    "tax": "0.00",
    "modified": "2015-09-09T18:11:26.341Z",
    "transaction_id": "",
    "customer_ip_address": "127.0.0.1",
    "order": 5,
    "message": "",
    "billing_email": "contextinformatic@gmail.com",
    "billing_last_name": "Roson",
    "currency": "USD",
    "fraud_status": "unknown",
    "captured_amount": "0.00",
    "extra_data": "",
    "total": "1895.00",
    "billing_city": "270",
    "billing_postcode": "5000",
    "fraud_message": ""
  },
  "model": "order.payment",
  "pk": 6
},
{
  "fields": {
    "token": "2e6cf920-060b-4de9-a084-f3ecea956397",
    "variant": "default",
    "delivery": "200.00",
    "billing_country_area": "Aaaaaaaaaaa",
    "billing_address_2": "",
    "billing_address_1": "Duarte Quiros",
    "description": "Order #9",
    "billing_first_name": "Matias",
    "status": "input",
    "billing_country_code": "AI",
    "created": "2015-09-09T21:08:14.501Z",
    "tax": "0.00",
    "modified": "2015-09-09T21:08:14.511Z",
    "transaction_id": "",
    "customer_ip_address": "127.0.0.1",
    "order": 9,
    "message": "",
    "billing_email": "contextinformatic@gmail.com",
    "billing_last_name": "Roson",
    "currency": "USD",
    "fraud_status": "unknown",
    "captured_amount": "0.00",
    "extra_data": "",
    "total": "520.00",
    "billing_city": "270",
    "billing_postcode": "5000",
    "fraud_message": ""
  },
  "model": "order.payment",
  "pk": 7
},
{
  "fields": {
    "token": "b4441089-9ec7-47b6-81f7-fcbd3f6eb65d",
    "variant": "default",
    "delivery": "400.00",
    "billing_country_area": "Aaaaaaaaaaa",
    "billing_address_2": "",
    "billing_address_1": "Duarte Quiros",
    "description": "Order #22",
    "billing_first_name": "Matias",
    "status": "input",
    "billing_country_code": "AI",
    "created": "2015-09-11T13:20:29.669Z",
    "tax": "0.00",
    "modified": "2015-09-11T13:20:29.687Z",
    "transaction_id": "",
    "customer_ip_address": "127.0.0.1",
    "order": 22,
    "message": "",
    "billing_email": "contextinformatic@gmail.com",
    "billing_last_name": "Roson",
    "currency": "USD",
    "fraud_status": "unknown",
    "captured_amount": "0.00",
    "extra_data": "",
    "total": "950.00",
    "billing_city": "270",
    "billing_postcode": "5000",
    "fraud_message": ""
  },
  "model": "order.payment",
  "pk": 8
},
{
  "fields": {
    "token": "029ba1b9-de83-4992-b70d-978ea294a484",
    "variant": "default",
    "delivery": "400.00",
    "billing_country_area": "Aaaaaaaaaaa",
    "billing_address_2": "",
    "billing_address_1": "Duarte Quiros",
    "description": "Order #22",
    "billing_first_name": "Matias",
    "status": "waiting",
    "billing_country_code": "AI",
    "created": "2015-09-11T13:20:36.883Z",
    "tax": "0.00",
    "modified": "2015-09-11T13:20:36.930Z",
    "transaction_id": "",
    "customer_ip_address": "127.0.0.1",
    "order": 22,
    "message": "",
    "billing_email": "contextinformatic@gmail.com",
    "billing_last_name": "Roson",
    "currency": "USD",
    "fraud_status": "unknown",
    "captured_amount": "0.00",
    "extra_data": "",
    "total": "950.00",
    "billing_city": "270",
    "billing_postcode": "5000",
    "fraud_message": ""
  },
  "model": "order.payment",
  "pk": 9
},
{
  "fields": {
    "token": "b8dd9a3b-e8d8-4f6c-9896-f0bb3e5439c4",
    "variant": "default",
    "delivery": "500.00",
    "billing_country_area": "Aaaaaaaaaaa",
    "billing_address_2": "",
    "billing_address_1": "Duarte Quiros",
    "description": "Order #21",
    "billing_first_name": "Matias",
    "status": "input",
    "billing_country_code": "AI",
    "created": "2015-09-11T13:20:41.890Z",
    "tax": "0.00",
    "modified": "2015-09-11T13:20:41.898Z",
    "transaction_id": "",
    "customer_ip_address": "127.0.0.1",
    "order": 21,
    "message": "",
    "billing_email": "contextinformatic@gmail.com",
    "billing_last_name": "Roson",
    "currency": "USD",
    "fraud_status": "unknown",
    "captured_amount": "0.00",
    "extra_data": "",
    "total": "835.00",
    "billing_city": "270",
    "billing_postcode": "5000",
    "fraud_message": ""
  },
  "model": "order.payment",
  "pk": 10
},
{
  "fields": {
    "token": "362425e2-400b-43e3-bdb7-88312a6b117d",
    "variant": "default",
    "delivery": "500.00",
    "billing_country_area": "Aaaaaaaaaaa",
    "billing_address_2": "",
    "billing_address_1": "Duarte Quiros",
    "description": "Order #21",
    "billing_first_name": "Matias",
    "status": "input",
    "billing_country_code": "AI",
    "created": "2015-09-11T13:21:00.093Z",
    "tax": "0.00",
    "modified": "2015-09-11T13:21:00.102Z",
    "transaction_id": "",
    "customer_ip_address": "127.0.0.1",
    "order": 21,
    "message": "",
    "billing_email": "contextinformatic@gmail.com",
    "billing_last_name": "Roson",
    "currency": "USD",
    "fraud_status": "unknown",
    "captured_amount": "0.00",
    "extra_data": "",
    "total": "835.00",
    "billing_city": "270",
    "billing_postcode": "5000",
    "fraud_message": ""
  },
  "model": "order.payment",
  "pk": 11
},
{
  "fields": {
    "token": "1d59d1f0-0a60-4702-b50e-e7821c0597f0",
    "variant": "default",
    "delivery": "500.00",
    "billing_country_area": "Aaaaaaaaaaa",
    "billing_address_2": "",
    "billing_address_1": "Duarte Quiros",
    "description": "Order #21",
    "billing_first_name": "Matias",
    "status": "input",
    "billing_country_code": "AI",
    "created": "2015-09-11T13:22:02.258Z",
    "tax": "0.00",
    "modified": "2015-09-11T13:22:02.268Z",
    "transaction_id": "",
    "customer_ip_address": "127.0.0.1",
    "order": 21,
    "message": "",
    "billing_email": "contextinformatic@gmail.com",
    "billing_last_name": "Roson",
    "currency": "USD",
    "fraud_status": "unknown",
    "captured_amount": "0.00",
    "extra_data": "",
    "total": "835.00",
    "billing_city": "270",
    "billing_postcode": "5000",
    "fraud_message": ""
  },
  "model": "order.payment",
  "pk": 12
},
{
  "fields": {
    "token": "a7d8dc8a-5f5a-4cdf-a489-90d1e806de39",
    "variant": "default",
    "delivery": "500.00",
    "billing_country_area": "Aaaaaaaaaaa",
    "billing_address_2": "",
    "billing_address_1": "Duarte Quiros",
    "description": "Order #21",
    "billing_first_name": "Matias",
    "status": "preauth",
    "billing_country_code": "AI",
    "created": "2015-09-11T13:22:20.950Z",
    "tax": "0.00",
    "modified": "2015-09-11T13:22:21.172Z",
    "transaction_id": "",
    "customer_ip_address": "127.0.0.1",
    "order": 21,
    "message": "",
    "billing_email": "contextinformatic@gmail.com",
    "billing_last_name": "Roson",
    "currency": "USD",
    "fraud_status": "reject",
    "captured_amount": "0.00",
    "extra_data": "",
    "total": "835.00",
    "billing_city": "270",
    "billing_postcode": "5000",
    "fraud_message": ""
  },
  "model": "order.payment",
  "pk": 13
},
{
  "fields": {
    "token": "876e2133-5815-4767-bd5a-00f368532663",
    "variant": "default",
    "delivery": "500.00",
    "billing_country_area": "Aaaaaaaaaaa",
    "billing_address_2": "",
    "billing_address_1": "Duarte Quiros",
    "description": "Order #20",
    "billing_first_name": "Matias",
    "status": "input",
    "billing_country_code": "AI",
    "created": "2015-09-11T13:22:39.424Z",
    "tax": "0.00",
    "modified": "2015-09-11T13:22:39.431Z",
    "transaction_id": "",
    "customer_ip_address": "127.0.0.1",
    "order": 20,
    "message": "",
    "billing_email": "contextinformatic@gmail.com",
    "billing_last_name": "Roson",
    "currency": "USD",
    "fraud_status": "unknown",
    "captured_amount": "0.00",
    "extra_data": "",
    "total": "835.00",
    "billing_city": "270",
    "billing_postcode": "5000",
    "fraud_message": ""
  },
  "model": "order.payment",
  "pk": 14
},
{
  "fields": {
    "token": "e3e19786-0a31-4458-9326-d98582939883",
    "variant": "default",
    "delivery": "500.00",
    "billing_country_area": "Aaaaaaaaaaa",
    "billing_address_2": "",
    "billing_address_1": "Duarte Quiros",
    "description": "Order #20",
    "billing_first_name": "Matias",
    "status": "preauth",
    "billing_country_code": "AI",
    "created": "2015-09-11T13:22:51.033Z",
    "tax": "0.00",
    "modified": "2015-09-11T13:22:51.318Z",
    "transaction_id": "",
    "customer_ip_address": "127.0.0.1",
    "order": 20,
    "message": "",
    "billing_email": "contextinformatic@gmail.com",
    "billing_last_name": "Roson",
    "currency": "USD",
    "fraud_status": "reject",
    "captured_amount": "0.00",
    "extra_data": "",
    "total": "835.00",
    "billing_city": "270",
    "billing_postcode": "5000",
    "fraud_message": ""
  },
  "model": "order.payment",
  "pk": 15
},
{
  "fields": {
    "token": "642496b3-2c93-4975-9ca9-dc41d08bbf9b",
    "variant": "default",
    "delivery": "500.00",
    "billing_country_area": "Aaaaaaaaaaa",
    "billing_address_2": "",
    "billing_address_1": "Duarte Quiros",
    "description": "Order #19",
    "billing_first_name": "Matias",
    "status": "input",
    "billing_country_code": "AI",
    "created": "2015-09-11T13:23:06.329Z",
    "tax": "0.00",
    "modified": "2015-09-11T13:23:06.336Z",
    "transaction_id": "",
    "customer_ip_address": "127.0.0.1",
    "order": 19,
    "message": "",
    "billing_email": "contextinformatic@gmail.com",
    "billing_last_name": "Roson",
    "currency": "USD",
    "fraud_status": "unknown",
    "captured_amount": "0.00",
    "extra_data": "",
    "total": "835.00",
    "billing_city": "270",
    "billing_postcode": "5000",
    "fraud_message": ""
  },
  "model": "order.payment",
  "pk": 16
},
{
  "fields": {
    "token": "9cb4de4f-f462-4465-b92a-7360cc448a02",
    "variant": "default",
    "delivery": "500.00",
    "billing_country_area": "Aaaaaaaaaaa",
    "billing_address_2": "",
    "billing_address_1": "Duarte Quiros",
    "description": "Order #19",
    "billing_first_name": "Matias",
    "status": "confirmed",
    "billing_country_code": "AI",
    "created": "2015-09-11T13:23:20.017Z",
    "tax": "0.00",
    "modified": "2015-09-11T13:23:20.301Z",
    "transaction_id": "",
    "customer_ip_address": "127.0.0.1",
    "order": 19,
    "message": "",
    "billing_email": "contextinformatic@gmail.com",
    "billing_last_name": "Roson",
    "currency": "USD",
    "fraud_status": "accept",
    "captured_amount": "0.00",
    "extra_data": "",
    "total": "835.00",
    "billing_city": "270",
    "billing_postcode": "5000",
    "fraud_message": ""
  },
  "model": "order.payment",
  "pk": 17
},
{
  "fields": {
    "token": "20ced4b9-c536-4b5a-8f77-c19918fd15a8",
    "variant": "default",
    "delivery": "500.00",
    "billing_country_area": "Aaaaaaaaaaa",
    "billing_address_2": "",
    "billing_address_1": "Duarte Quiros",
    "description": "Order #18",
    "billing_first_name": "Matias",
    "status": "input",
    "billing_country_code": "AI",
    "created": "2015-09-11T13:23:38.504Z",
    "tax": "0.00",
    "modified": "2015-09-11T13:23:38.512Z",
    "transaction_id": "",
    "customer_ip_address": "127.0.0.1",
    "order": 18,
    "message": "",
    "billing_email": "contextinformatic@gmail.com",
    "billing_last_name": "Roson",
    "currency": "USD",
    "fraud_status": "unknown",
    "captured_amount": "0.00",
    "extra_data": "",
    "total": "835.00",
    "billing_city": "270",
    "billing_postcode": "5000",
    "fraud_message": ""
  },
  "model": "order.payment",
  "pk": 18
},
{
  "fields": {
    "token": "3e9ef1d9-78e8-4666-9a30-5e8d81d3ebf4",
    "variant": "default",
    "delivery": "500.00",
    "billing_country_area": "Aaaaaaaaaaa",
    "billing_address_2": "",
    "billing_address_1": "Duarte Quiros",
    "description": "Order #18",
    "billing_first_name": "Matias",
    "status": "error",
    "billing_country_code": "AI",
    "created": "2015-09-11T13:23:49.476Z",
    "tax": "0.00",
    "modified": "2015-09-11T13:23:49.530Z",
    "transaction_id": "",
    "customer_ip_address": "127.0.0.1",
    "order": 18,
    "message": "",
    "billing_email": "contextinformatic@gmail.com",
    "billing_last_name": "Roson",
    "currency": "USD",
    "fraud_status": "review",
    "captured_amount": "0.00",
    "extra_data": "",
    "total": "835.00",
    "billing_city": "270",
    "billing_postcode": "5000",
    "fraud_message": ""
  },
  "model": "order.payment",
  "pk": 19
},
{
  "fields": {
    "token": "a229f38c-2375-4335-a8e7-0c95857f1006",
    "variant": "default",
    "delivery": "500.00",
    "billing_country_area": "Aaaaaaaaaaa",
    "billing_address_2": "",
    "billing_address_1": "Duarte Quiros",
    "description": "Order #18",
    "billing_first_name": "Matias",
    "status": "input",
    "billing_country_code": "AI",
    "created": "2015-09-11T13:23:55.041Z",
    "tax": "0.00",
    "modified": "2015-09-11T13:23:55.048Z",
    "transaction_id": "",
    "customer_ip_address": "127.0.0.1",
    "order": 18,
    "message": "",
    "billing_email": "contextinformatic@gmail.com",
    "billing_last_name": "Roson",
    "currency": "USD",
    "fraud_status": "unknown",
    "captured_amount": "0.00",
    "extra_data": "",
    "total": "835.00",
    "billing_city": "270",
    "billing_postcode": "5000",
    "fraud_message": ""
  },
  "model": "order.payment",
  "pk": 20
},
{
  "fields": {
    "token": "24cced10-8ba9-4e44-af58-11c289e1d726",
    "variant": "default",
    "delivery": "500.00",
    "billing_country_area": "Aaaaaaaaaaa",
    "billing_address_2": "",
    "billing_address_1": "Duarte Quiros",
    "description": "Order #18",
    "billing_first_name": "Matias",
    "status": "preauth",
    "billing_country_code": "AI",
    "created": "2015-09-11T13:24:03.659Z",
    "tax": "0.00",
    "modified": "2015-09-11T13:24:03.703Z",
    "transaction_id": "",
    "customer_ip_address": "127.0.0.1",
    "order": 18,
    "message": "",
    "billing_email": "contextinformatic@gmail.com",
    "billing_last_name": "Roson",
    "currency": "USD",
    "fraud_status": "reject",
    "captured_amount": "0.00",
    "extra_data": "",
    "total": "835.00",
    "billing_city": "270",
    "billing_postcode": "5000",
    "fraud_message": ""
  },
  "model": "order.payment",
  "pk": 21
},
{
  "fields": {
    "token": "63146cf2-7e58-4c83-aae0-ee7ff3923f9d",
    "variant": "default",
    "delivery": "500.00",
    "billing_country_area": "Aaaaaaaaaaa",
    "billing_address_2": "",
    "billing_address_1": "Duarte Quiros",
    "description": "Order #17",
    "billing_first_name": "Matias",
    "status": "input",
    "billing_country_code": "AI",
    "created": "2015-09-11T13:24:11.456Z",
    "tax": "0.00",
    "modified": "2015-09-11T13:24:11.463Z",
    "transaction_id": "",
    "customer_ip_address": "127.0.0.1",
    "order": 17,
    "message": "",
    "billing_email": "contextinformatic@gmail.com",
    "billing_last_name": "Roson",
    "currency": "USD",
    "fraud_status": "unknown",
    "captured_amount": "0.00",
    "extra_data": "",
    "total": "835.00",
    "billing_city": "270",
    "billing_postcode": "5000",
    "fraud_message": ""
  },
  "model": "order.payment",
  "pk": 22
},
{
  "fields": {
    "token": "ebce32be-d7d0-466e-91b4-df92348f53f2",
    "variant": "default",
    "delivery": "500.00",
    "billing_country_area": "Aaaaaaaaaaa",
    "billing_address_2": "",
    "billing_address_1": "Duarte Quiros",
    "description": "Order #17",
    "billing_first_name": "Matias",
    "status": "error",
    "billing_country_code": "AI",
    "created": "2015-09-11T13:24:20.745Z",
    "tax": "0.00",
    "modified": "2015-09-11T13:24:20.801Z",
    "transaction_id": "",
    "customer_ip_address": "127.0.0.1",
    "order": 17,
    "message": "",
    "billing_email": "contextinformatic@gmail.com",
    "billing_last_name": "Roson",
    "currency": "USD",
    "fraud_status": "reject",
    "captured_amount": "0.00",
    "extra_data": "",
    "total": "835.00",
    "billing_city": "270",
    "billing_postcode": "5000",
    "fraud_message": ""
  },
  "model": "order.payment",
  "pk": 23
},
{
  "fields": {
    "comment": "",
    "user": null,
    "order": 1,
    "date": "2015-08-29T19:52:11.638Z",
    "status": "new"
  },
  "model": "order.orderhistoryentry",
  "pk": 1
},
{
  "fields": {
    "comment": "",
    "user": null,
    "order": 2,
    "date": "2015-08-29T22:39:13.586Z",
    "status": "new"
  },
  "model": "order.orderhistoryentry",
  "pk": 2
},
{
  "fields": {
    "comment": "",
    "user": null,
    "order": 3,
    "date": "2015-09-08T19:10:16.257Z",
    "status": "new"
  },
  "model": "order.orderhistoryentry",
  "pk": 3
},
{
  "fields": {
    "comment": "",
    "user": null,
    "order": 3,
    "date": "2015-09-08T19:13:22.940Z",
    "status": "payment-pending"
  },
  "model": "order.orderhistoryentry",
  "pk": 4
},
{
  "fields": {
    "comment": "",
    "user": null,
    "order": 3,
    "date": "2015-09-08T19:13:35.046Z",
    "status": "fully-paid"
  },
  "model": "order.orderhistoryentry",
  "pk": 5
},
{
  "fields": {
    "comment": "",
    "user": null,
    "order": 4,
    "date": "2015-09-09T16:49:43.312Z",
    "status": "new"
  },
  "model": "order.orderhistoryentry",
  "pk": 6
},
{
  "fields": {
    "comment": "",
    "user": null,
    "order": 4,
    "date": "2015-09-09T16:50:45.121Z",
    "status": "payment-pending"
  },
  "model": "order.orderhistoryentry",
  "pk": 7
},
{
  "fields": {
    "comment": "",
    "user": null,
    "order": 4,
    "date": "2015-09-09T16:50:55.865Z",
    "status": "fully-paid"
  },
  "model": "order.orderhistoryentry",
  "pk": 8
},
{
  "fields": {
    "comment": "",
    "user": null,
    "order": 4,
    "date": "2015-09-09T16:52:13.097Z",
    "status": "shipped"
  },
  "model": "order.orderhistoryentry",
  "pk": 9
},
{
  "fields": {
    "comment": "Shipment #4 enviado",
    "user": 1,
    "order": 4,
    "date": "2015-09-09T16:52:13.109Z",
    "status": "shipped"
  },
  "model": "order.orderhistoryentry",
  "pk": 10
},
{
  "fields": {
    "comment": "",
    "user": null,
    "order": 2,
    "date": "2015-09-09T18:01:06.164Z",
    "status": "shipped"
  },
  "model": "order.orderhistoryentry",
  "pk": 11
},
{
  "fields": {
    "comment": "Shipment #2 enviado",
    "user": 1,
    "order": 2,
    "date": "2015-09-09T18:01:06.174Z",
    "status": "shipped"
  },
  "model": "order.orderhistoryentry",
  "pk": 12
},
{
  "fields": {
    "comment": "",
    "user": null,
    "order": 5,
    "date": "2015-09-09T18:08:41.762Z",
    "status": "new"
  },
  "model": "order.orderhistoryentry",
  "pk": 13
},
{
  "fields": {
    "comment": "",
    "user": null,
    "order": 5,
    "date": "2015-09-09T18:11:01.964Z",
    "status": "payment-pending"
  },
  "model": "order.orderhistoryentry",
  "pk": 14
},
{
  "fields": {
    "comment": "",
    "user": null,
    "order": 5,
    "date": "2015-09-09T18:12:13.994Z",
    "status": "shipped"
  },
  "model": "order.orderhistoryentry",
  "pk": 15
},
{
  "fields": {
    "comment": "Shipment #5 enviado",
    "user": 1,
    "order": 5,
    "date": "2015-09-09T18:12:14.007Z",
    "status": "shipped"
  },
  "model": "order.orderhistoryentry",
  "pk": 16
},
{
  "fields": {
    "comment": "",
    "user": null,
    "order": 6,
    "date": "2015-09-09T20:20:52.682Z",
    "status": "new"
  },
  "model": "order.orderhistoryentry",
  "pk": 17
},
{
  "fields": {
    "comment": "",
    "user": null,
    "order": 7,
    "date": "2015-09-09T20:33:36.216Z",
    "status": "new"
  },
  "model": "order.orderhistoryentry",
  "pk": 18
},
{
  "fields": {
    "comment": "",
    "user": null,
    "order": 8,
    "date": "2015-09-09T20:36:08.366Z",
    "status": "new"
  },
  "model": "order.orderhistoryentry",
  "pk": 19
},
{
  "fields": {
    "comment": "",
    "user": null,
    "order": 9,
    "date": "2015-09-09T20:50:40.322Z",
    "status": "new"
  },
  "model": "order.orderhistoryentry",
  "pk": 20
},
{
  "fields": {
    "comment": "",
    "user": null,
    "order": 9,
    "date": "2015-09-09T21:08:14.478Z",
    "status": "payment-pending"
  },
  "model": "order.orderhistoryentry",
  "pk": 21
},
{
  "fields": {
    "comment": "",
    "user": null,
    "order": 9,
    "date": "2015-09-09T21:08:38.467Z",
    "status": "shipped"
  },
  "model": "order.orderhistoryentry",
  "pk": 22
},
{
  "fields": {
    "comment": "Shipment #9 enviado",
    "user": 1,
    "order": 9,
    "date": "2015-09-09T21:08:38.477Z",
    "status": "shipped"
  },
  "model": "order.orderhistoryentry",
  "pk": 23
},
{
  "fields": {
    "comment": "",
    "user": null,
    "order": 8,
    "date": "2015-09-09T21:20:15.471Z",
    "status": "shipped"
  },
  "model": "order.orderhistoryentry",
  "pk": 24
},
{
  "fields": {
    "comment": "Shipment #8 enviado",
    "user": 1,
    "order": 8,
    "date": "2015-09-09T21:20:15.482Z",
    "status": "shipped"
  },
  "model": "order.orderhistoryentry",
  "pk": 25
},
{
  "fields": {
    "comment": "",
    "user": null,
    "order": 10,
    "date": "2015-09-09T21:43:46.063Z",
    "status": "new"
  },
  "model": "order.orderhistoryentry",
  "pk": 26
},
{
  "fields": {
    "comment": "",
    "user": null,
    "order": 10,
    "date": "2015-09-09T21:44:12.279Z",
    "status": "shipped"
  },
  "model": "order.orderhistoryentry",
  "pk": 27
},
{
  "fields": {
    "comment": "Shipment #10 enviado",
    "user": 1,
    "order": 10,
    "date": "2015-09-09T21:44:12.289Z",
    "status": "shipped"
  },
  "model": "order.orderhistoryentry",
  "pk": 28
},
{
  "fields": {
    "comment": "",
    "user": null,
    "order": 11,
    "date": "2015-09-09T23:00:01.459Z",
    "status": "new"
  },
  "model": "order.orderhistoryentry",
  "pk": 29
},
{
  "fields": {
    "comment": "",
    "user": null,
    "order": 11,
    "date": "2015-09-09T23:00:21.106Z",
    "status": "shipped"
  },
  "model": "order.orderhistoryentry",
  "pk": 30
},
{
  "fields": {
    "comment": "Shipment #11 enviado",
    "user": 1,
    "order": 11,
    "date": "2015-09-09T23:00:21.117Z",
    "status": "shipped"
  },
  "model": "order.orderhistoryentry",
  "pk": 31
},
{
  "fields": {
    "comment": "",
    "user": null,
    "order": 12,
    "date": "2015-09-10T15:02:16.283Z",
    "status": "new"
  },
  "model": "order.orderhistoryentry",
  "pk": 32
},
{
  "fields": {
    "comment": "",
    "user": null,
    "order": 12,
    "date": "2015-09-10T15:02:34.460Z",
    "status": "shipped"
  },
  "model": "order.orderhistoryentry",
  "pk": 33
},
{
  "fields": {
    "comment": "Shipment #12 enviado",
    "user": 1,
    "order": 12,
    "date": "2015-09-10T15:02:34.468Z",
    "status": "shipped"
  },
  "model": "order.orderhistoryentry",
  "pk": 34
},
{
  "fields": {
    "comment": "",
    "user": null,
    "order": 13,
    "date": "2015-09-10T15:30:09.119Z",
    "status": "new"
  },
  "model": "order.orderhistoryentry",
  "pk": 35
},
{
  "fields": {
    "comment": "",
    "user": null,
    "order": 13,
    "date": "2015-09-10T15:32:35.873Z",
    "status": "shipped"
  },
  "model": "order.orderhistoryentry",
  "pk": 36
},
{
  "fields": {
    "comment": "Shipped Shipment #13",
    "user": 1,
    "order": 13,
    "date": "2015-09-10T15:32:35.882Z",
    "status": "shipped"
  },
  "model": "order.orderhistoryentry",
  "pk": 37
},
{
  "fields": {
    "comment": "",
    "user": null,
    "order": 7,
    "date": "2015-09-10T18:12:20.828Z",
    "status": "shipped"
  },
  "model": "order.orderhistoryentry",
  "pk": 38
},
{
  "fields": {
    "comment": "Shipped Shipment #7",
    "user": 1,
    "order": 7,
    "date": "2015-09-10T18:12:20.840Z",
    "status": "shipped"
  },
  "model": "order.orderhistoryentry",
  "pk": 39
},
{
  "fields": {
    "comment": "",
    "user": null,
    "order": 14,
    "date": "2015-09-10T18:15:41.100Z",
    "status": "new"
  },
  "model": "order.orderhistoryentry",
  "pk": 40
},
{
  "fields": {
    "comment": "",
    "user": null,
    "order": 14,
    "date": "2015-09-10T18:18:47.723Z",
    "status": "shipped"
  },
  "model": "order.orderhistoryentry",
  "pk": 41
},
{
  "fields": {
    "comment": "Shipped Shipment #14",
    "user": 1,
    "order": 14,
    "date": "2015-09-10T18:18:47.731Z",
    "status": "shipped"
  },
  "model": "order.orderhistoryentry",
  "pk": 42
},
{
  "fields": {
    "comment": "",
    "user": null,
    "order": 15,
    "date": "2015-09-10T19:02:56.840Z",
    "status": "new"
  },
  "model": "order.orderhistoryentry",
  "pk": 43
},
{
  "fields": {
    "comment": "",
    "user": null,
    "order": 6,
    "date": "2015-09-10T19:14:35.707Z",
    "status": "shipped"
  },
  "model": "order.orderhistoryentry",
  "pk": 44
},
{
  "fields": {
    "comment": "Shipped Shipment #6",
    "user": 1,
    "order": 6,
    "date": "2015-09-10T19:14:35.715Z",
    "status": "shipped"
  },
  "model": "order.orderhistoryentry",
  "pk": 45
},
{
  "fields": {
    "comment": "",
    "user": null,
    "order": 15,
    "date": "2015-09-10T19:16:19.863Z",
    "status": "shipped"
  },
  "model": "order.orderhistoryentry",
  "pk": 46
},
{
  "fields": {
    "comment": "Shipped Shipment #15",
    "user": 1,
    "order": 15,
    "date": "2015-09-10T19:16:19.875Z",
    "status": "shipped"
  },
  "model": "order.orderhistoryentry",
  "pk": 47
},
{
  "fields": {
    "comment": "",
    "user": null,
    "order": 16,
    "date": "2015-09-10T19:30:05.735Z",
    "status": "new"
  },
  "model": "order.orderhistoryentry",
  "pk": 48
},
{
  "fields": {
    "comment": "",
    "user": null,
    "order": 16,
    "date": "2015-09-10T19:30:29.803Z",
    "status": "shipped"
  },
  "model": "order.orderhistoryentry",
  "pk": 49
},
{
  "fields": {
    "comment": "Shipped Shipment #16",
    "user": 1,
    "order": 16,
    "date": "2015-09-10T19:30:29.817Z",
    "status": "shipped"
  },
  "model": "order.orderhistoryentry",
  "pk": 50
},
{
  "fields": {
    "comment": "",
    "user": null,
    "order": 16,
    "date": "2015-09-10T19:30:48.941Z",
    "status": "shipped"
  },
  "model": "order.orderhistoryentry",
  "pk": 51
},
{
  "fields": {
    "comment": "Shipped Shipment #16",
    "user": 1,
    "order": 16,
    "date": "2015-09-10T19:30:48.950Z",
    "status": "shipped"
  },
  "model": "order.orderhistoryentry",
  "pk": 52
},
{
  "fields": {
    "comment": "",
    "user": null,
    "order": 17,
    "date": "2015-09-10T19:36:23.278Z",
    "status": "new"
  },
  "model": "order.orderhistoryentry",
  "pk": 53
},
{
  "fields": {
    "comment": "",
    "user": null,
    "order": 17,
    "date": "2015-09-10T19:37:13.964Z",
    "status": "shipped"
  },
  "model": "order.orderhistoryentry",
  "pk": 54
},
{
  "fields": {
    "comment": "Shipped Shipment #17",
    "user": 1,
    "order": 17,
    "date": "2015-09-10T19:37:14.024Z",
    "status": "shipped"
  },
  "model": "order.orderhistoryentry",
  "pk": 55
},
{
  "fields": {
    "comment": "",
    "user": null,
    "order": 18,
    "date": "2015-09-10T19:46:18.888Z",
    "status": "new"
  },
  "model": "order.orderhistoryentry",
  "pk": 56
},
{
  "fields": {
    "comment": "",
    "user": null,
    "order": 18,
    "date": "2015-09-10T19:46:42.484Z",
    "status": "shipped"
  },
  "model": "order.orderhistoryentry",
  "pk": 57
},
{
  "fields": {
    "comment": "Shipped Shipment #18",
    "user": 1,
    "order": 18,
    "date": "2015-09-10T19:46:42.491Z",
    "status": "shipped"
  },
  "model": "order.orderhistoryentry",
  "pk": 58
},
{
  "fields": {
    "comment": "",
    "user": null,
    "order": 19,
    "date": "2015-09-10T19:48:08.541Z",
    "status": "new"
  },
  "model": "order.orderhistoryentry",
  "pk": 59
},
{
  "fields": {
    "comment": "",
    "user": null,
    "order": 19,
    "date": "2015-09-10T19:48:29.585Z",
    "status": "shipped"
  },
  "model": "order.orderhistoryentry",
  "pk": 60
},
{
  "fields": {
    "comment": "Shipped Shipment #19",
    "user": 1,
    "order": 19,
    "date": "2015-09-10T19:48:29.591Z",
    "status": "shipped"
  },
  "model": "order.orderhistoryentry",
  "pk": 61
},
{
  "fields": {
    "comment": "",
    "user": null,
    "order": 20,
    "date": "2015-09-10T19:55:12.673Z",
    "status": "new"
  },
  "model": "order.orderhistoryentry",
  "pk": 62
},
{
  "fields": {
    "comment": "",
    "user": null,
    "order": 20,
    "date": "2015-09-10T19:56:26.230Z",
    "status": "shipped"
  },
  "model": "order.orderhistoryentry",
  "pk": 63
},
{
  "fields": {
    "comment": "Shipped Shipment #20",
    "user": 1,
    "order": 20,
    "date": "2015-09-10T19:56:26.238Z",
    "status": "shipped"
  },
  "model": "order.orderhistoryentry",
  "pk": 64
},
{
  "fields": {
    "comment": "",
    "user": null,
    "order": 21,
    "date": "2015-09-10T19:57:25.894Z",
    "status": "new"
  },
  "model": "order.orderhistoryentry",
  "pk": 65
},
{
  "fields": {
    "comment": "",
    "user": null,
    "order": 21,
    "date": "2015-09-10T19:57:47.320Z",
    "status": "shipped"
  },
  "model": "order.orderhistoryentry",
  "pk": 66
},
{
  "fields": {
    "comment": "Shipped Shipment #21",
    "user": 1,
    "order": 21,
    "date": "2015-09-10T19:57:47.333Z",
    "status": "shipped"
  },
  "model": "order.orderhistoryentry",
  "pk": 67
},
{
  "fields": {
    "comment": "",
    "user": null,
    "order": 22,
    "date": "2015-09-10T22:15:39.613Z",
    "status": "new"
  },
  "model": "order.orderhistoryentry",
  "pk": 68
},
{
  "fields": {
    "comment": "",
    "user": null,
    "order": 22,
    "date": "2015-09-10T22:15:59.525Z",
    "status": "shipped"
  },
  "model": "order.orderhistoryentry",
  "pk": 69
},
{
  "fields": {
    "comment": "Shipped Shipment #22",
    "user": 1,
    "order": 22,
    "date": "2015-09-10T22:15:59.541Z",
    "status": "shipped"
  },
  "model": "order.orderhistoryentry",
  "pk": 70
},
{
  "fields": {
    "comment": "",
    "user": null,
    "order": 22,
    "date": "2015-09-11T13:20:29.647Z",
    "status": "payment-pending"
  },
  "model": "order.orderhistoryentry",
  "pk": 71
},
{
  "fields": {
    "comment": "",
    "user": null,
    "order": 21,
    "date": "2015-09-11T13:20:41.874Z",
    "status": "payment-pending"
  },
  "model": "order.orderhistoryentry",
  "pk": 72
},
{
  "fields": {
    "comment": "",
    "user": null,
    "order": 20,
    "date": "2015-09-11T13:22:39.408Z",
    "status": "payment-pending"
  },
  "model": "order.orderhistoryentry",
  "pk": 73
},
{
  "fields": {
    "comment": "",
    "user": null,
    "order": 19,
    "date": "2015-09-11T13:23:06.312Z",
    "status": "payment-pending"
  },
  "model": "order.orderhistoryentry",
  "pk": 74
},
{
  "fields": {
    "comment": "",
    "user": null,
    "order": 19,
    "date": "2015-09-11T13:23:20.360Z",
    "status": "fully-paid"
  },
  "model": "order.orderhistoryentry",
  "pk": 75
},
{
  "fields": {
    "comment": "",
    "user": null,
    "order": 18,
    "date": "2015-09-11T13:23:38.487Z",
    "status": "payment-pending"
  },
  "model": "order.orderhistoryentry",
  "pk": 76
},
{
  "fields": {
    "comment": "",
    "user": null,
    "order": 17,
    "date": "2015-09-11T13:24:11.440Z",
    "status": "payment-pending"
  },
  "model": "order.orderhistoryentry",
  "pk": 77
},
{
  "fields": {
    "target_object_id": 3,
    "target_content_type": 16,
    "timestamp": "2015-09-08T19:00:46.101Z",
    "user": 1
  },
  "model": "favit.favorite",
  "pk": 35
},
{
  "fields": {
    "target_object_id": 4,
    "target_content_type": 16,
    "timestamp": "2015-09-08T19:01:00.148Z",
    "user": 1
  },
  "model": "favit.favorite",
  "pk": 37
},
{
  "fields": {
    "subject": "[EXAMPLE.COM]",
    "sent_at": "2015-09-11T22:04:05.932Z",
    "from_email": "testnubiquo@gmail.com",
    "retry_count": -1,
    "status": 30,
    "priority": 50,
    "to_email": "contextinformatic@gmail.com",
    "data": "gANjZGphbmdvLmNvcmUubWFpbC5tZXNzYWdlCkVtYWlsTWVzc2FnZQpxACmBcQF9cQIoWAIAAAB0b3EDXXEEWBsAAABjb250ZXh0aW5mb3JtYXRpY0BnbWFpbC5jb21xBWFYBwAAAHN1YmplY3RxBlgNAAAAW0VYQU1QTEUuQ09NXXEHWAoAAABmcm9tX2VtYWlscQhYFQAAAHRlc3RudWJpcXVvQGdtYWlsLmNvbXEJWAoAAABjb25uZWN0aW9ucQpjZGptYWlsLmJhY2tlbmRzLmFzeW5jCkVtYWlsQmFja2VuZApxCymBcQx9cQ0oWAQAAABhcmdzcQ4pWAYAAABrd2FyZ3NxD31xEFgNAAAAZmFpbF9zaWxlbnRseXERiHN1YlgDAAAAYmNjcRJdcRNYCAAAAHJlcGx5X3RvcRRdcRVYCwAAAGF0dGFjaG1lbnRzcRZdcRdYAgAAAGNjcRhdcRlYDQAAAGV4dHJhX2hlYWRlcnNxGn1xG1gEAAAAYm9keXEcY2RqYW5nby51dGlscy5zYWZlc3RyaW5nClNhZmVUZXh0CnEdWLMAAABOZXcgbWVzc2FnZSBmcm9tIHRoZSBXZWIKCgogICAgTm9tYnJlOiBNYXRpYXNtCgogICAgRW1haWw6IG1hdGlhc3Jvc29uQGdtYWlsLmNvbQoKICAgIE51bWVybyBkZSBjb250YWN0bzogMjIyMjIKCiAgICBDb25zdWx0YTogZXN0YSBjb25zdWx0YSB2aWVuZSBkZWwgY29udGFjdCBmb3JtIGRlIGRqYW5nbyBjbXMKCnEehXEfgXEgdWIu",
    "body_html": "",
    "body_text": "New message from the Web\n\n\n    Nombre: Matiasm\n\n    Email: matiasroson@gmail.com\n\n    Numero de contacto: 22222\n\n    Consulta: esta consulta viene del contact form de django cms\n\n",
    "exception": "",
    "created_at": "2015-09-11T22:04:02.659Z"
  },
  "model": "djmail.message",
  "pk": "0301f72a-58d1-11e5-bc12-689423f3bb15"
},
{
  "fields": {
    "subject": "[EXAMPLE.COM]",
    "sent_at": "2015-09-11T22:04:09.915Z",
    "from_email": "testnubiquo@gmail.com",
    "retry_count": -1,
    "status": 30,
    "priority": 50,
    "to_email": "contextinformatic@gmail.com",
    "data": "gANjZGphbmdvLmNvcmUubWFpbC5tZXNzYWdlCkVtYWlsTWVzc2FnZQpxACmBcQF9cQIoWAIAAAB0b3EDXXEEWBsAAABjb250ZXh0aW5mb3JtYXRpY0BnbWFpbC5jb21xBWFYBwAAAHN1YmplY3RxBlgNAAAAW0VYQU1QTEUuQ09NXXEHWAoAAABmcm9tX2VtYWlscQhYFQAAAHRlc3RudWJpcXVvQGdtYWlsLmNvbXEJWAoAAABjb25uZWN0aW9ucQpjZGptYWlsLmJhY2tlbmRzLmFzeW5jCkVtYWlsQmFja2VuZApxCymBcQx9cQ0oWAQAAABhcmdzcQ4pWAYAAABrd2FyZ3NxD31xEFgNAAAAZmFpbF9zaWxlbnRseXERiHN1YlgDAAAAYmNjcRJdcRNYCAAAAHJlcGx5X3RvcRRdcRVYCwAAAGF0dGFjaG1lbnRzcRZdcRdYAgAAAGNjcRhdcRlYDQAAAGV4dHJhX2hlYWRlcnNxGn1xG1gEAAAAYm9keXEcY2RqYW5nby51dGlscy5zYWZlc3RyaW5nClNhZmVUZXh0CnEdWLMAAABOZXcgbWVzc2FnZSBmcm9tIHRoZSBXZWIKCgogICAgTm9tYnJlOiBNYXRpYXNtCgogICAgRW1haWw6IG1hdGlhc3Jvc29uQGdtYWlsLmNvbQoKICAgIE51bWVybyBkZSBjb250YWN0bzogMjIyMjIKCiAgICBDb25zdWx0YTogZXN0YSBjb25zdWx0YSB2aWVuZSBkZWwgY29udGFjdCBmb3JtIGRlIGRqYW5nbyBjbXMKCnEehXEfgXEgdWIu",
    "body_html": "",
    "body_text": "New message from the Web\n\n\n    Nombre: Matiasm\n\n    Email: matiasroson@gmail.com\n\n    Numero de contacto: 22222\n\n    Consulta: esta consulta viene del contact form de django cms\n\n",
    "exception": "",
    "created_at": "2015-09-11T22:04:06.134Z"
  },
  "model": "djmail.message",
  "pk": "0514713c-58d1-11e5-bc12-689423f3bb15"
},
{
  "fields": {
    "subject": "Confirmar mi direccion de email",
    "sent_at": "2015-09-15T22:29:54.946Z",
    "from_email": "testnubiquo@gmail.com",
    "retry_count": -1,
    "status": 30,
    "priority": 50,
    "to_email": "matiroson@gmail.com",
    "data": "gANjZGphbmdvLmNvcmUubWFpbC5tZXNzYWdlCkVtYWlsTXVsdGlBbHRlcm5hdGl2ZXMKcQApgXEBfXECKFgNAAAAZXh0cmFfaGVhZGVyc3EDfXEEWAcAAABzdWJqZWN0cQVYHwAAAENvbmZpcm1hciBtaSBkaXJlY2Npb24gZGUgZW1haWxxBlgCAAAAY2NxB11xCFgKAAAAY29ubmVjdGlvbnEJY2RqbWFpbC5iYWNrZW5kcy5hc3luYwpFbWFpbEJhY2tlbmQKcQopgXELfXEMKFgEAAAAYXJnc3ENKVgGAAAAa3dhcmdzcQ59cQ9YDQAAAGZhaWxfc2lsZW50bHlxEIlzdWJYCwAAAGF0dGFjaG1lbnRzcRFdcRJYBAAAAGJvZHlxE2NkamFuZ28udXRpbHMuc2FmZXN0cmluZwpTYWZlVGV4dApxFFgsAQAACgpIaSEKCllvdSBoYXZlIHJlcXVlc3RlZCBsb2dpbiBhY2Nlc3MgdG8gc2FsZW9yIHByb2plY3QuIFRvIGNvbnRpbnVlIHZpc2l0IHRoZSBsaW5rIGJlbG93LgoKaHR0cDovLzEyNy4wLjAuMTo4MDAwL2VzL2FjY291bnQvY29uZmlybV9lbWFpbC8yZmU3MzI5MC01MDZjLTQyMTItYmVlYi1kM2E2OGI1YzU0ZDAvCgpJZiB5b3UgZGlkbid0IHRyeSB0byBsb2dpbiB0byBzYWxlb3IgcGxlYXNlIGlnbm9yZSB0aGlzIG1lc3NhZ2UuIFdlIGFwb2xvZ2lzZSBmb3IgaW5jb252ZW5pZW5jZS4KClNpbmNlcmVseSwKU2FsZW9yIFRlYW0KcRWFcRaBcRdYDAAAAGFsdGVybmF0aXZlc3EYXXEZWAMAAABiY2NxGl1xG1gCAAAAdG9xHF1xHVgTAAAAbWF0aXJvc29uQGdtYWlsLmNvbXEeYVgIAAAAcmVwbHlfdG9xH11xIFgKAAAAZnJvbV9lbWFpbHEhWBUAAAB0ZXN0bnViaXF1b0BnbWFpbC5jb21xInViLg==",
    "body_html": "",
    "body_text": "\n\nHi!\n\nYou have requested login access to saleor project. To continue visit the link below.\n\nhttp://127.0.0.1:8000/es/account/confirm_email/2fe73290-506c-4212-beeb-d3a68b5c54d0/\n\nIf you didn't try to login to saleor please ignore this message. We apologise for inconvenience.\n\nSincerely,\nSaleor Team\n",
    "exception": "",
    "created_at": "2015-09-15T22:29:50.429Z"
  },
  "model": "djmail.message",
  "pk": "47335576-5bf9-11e5-96a8-689423f3bb15"
},
{
  "fields": {
    "subject": "testnubiquo@gmail.com",
    "sent_at": "2015-09-15T11:53:38.461Z",
    "from_email": "testnubiquo@gmail.com",
    "retry_count": -1,
    "status": 30,
    "priority": 50,
    "to_email": "contextinformatic@gmail.com",
    "data": "gANjZGphbmdvLmNvcmUubWFpbC5tZXNzYWdlCkVtYWlsTXVsdGlBbHRlcm5hdGl2ZXMKcQApgXEBfXECKFgCAAAAdG9xA11xBFgbAAAAY29udGV4dGluZm9ybWF0aWNAZ21haWwuY29tcQVhWAoAAABjb25uZWN0aW9ucQZjZGptYWlsLmJhY2tlbmRzLmFzeW5jCkVtYWlsQmFja2VuZApxBymBcQh9cQkoWAYAAABrd2FyZ3NxCn1xC1gNAAAAZmFpbF9zaWxlbnRseXEMiXNYBAAAAGFyZ3NxDSl1YlgKAAAAZnJvbV9lbWFpbHEOWBUAAAB0ZXN0bnViaXF1b0BnbWFpbC5jb21xD1gEAAAAYm9keXEQY2RqYW5nby51dGlscy5zYWZlc3RyaW5nClNhZmVUZXh0CnERWPMAAAAKCkZvcm06IEVzdGUgZXMgbWkgcHJpbWVyIGZvcm11bGFyaW8KRmVjaGE6IDE1dGggU2VwdGllbWJyZSAyMDE1IDA4OjUzCgoKTm9tYnJlOgphYWFhYWFhYWFhYWFhCgpFbWFpbDoKbWF0aWFzcm9zb25AZ21haWwuY29tCgpEZXNjcmlwY2lvbjoKRXN0YSBlcyBsYSBkZXNjcmljaW9uIGdlbmVyYWRhIHBvciB1biBmb3JtdWxhcmlvIGRpbmFtaWNvIGRlc2RlIGVsIGNtcwoKClNlbnQgdmlhIGh0dHA6Ly8xMjcuMC4wLjE6ODAwMApxEoVxE4FxFFgIAAAAcmVwbHlfdG9xFV1xFlgDAAAAYmNjcRddcRhYBwAAAHN1YmplY3RxGVgVAAAAdGVzdG51YmlxdW9AZ21haWwuY29tcRpYCwAAAGF0dGFjaG1lbnRzcRtdcRxYAgAAAGNjcR1dcR5YDQAAAGV4dHJhX2hlYWRlcnNxH31xIFgMAAAAYWx0ZXJuYXRpdmVzcSFdcSJoEVhLBAAAPCFET0NUWVBFIGh0bWwgUFVCTElDICItLy9XM0MvL0RURCBYSFRNTCAxLjAgVHJhbnNpdGlvbmFsLy9FTiIgImh0dHA6Ly93d3cudzMub3JnL1RSL3hodG1sMS9EVEQveGh0bWwxLXRyYW5zaXRpb25hbC5kdGQiPgo8aHRtbCB4bWxucz0iaHR0cDovL3d3dy53My5vcmcvMTk5OS94aHRtbCI+CiAgICA8aGVhZD4KICAgICAgICA8bWV0YSBuYW1lPSJ2aWV3cG9ydCIgY29udGVudD0id2lkdGg9ZGV2aWNlLXdpZHRoIiAvPgogICAgICAgIDxtZXRhIGh0dHAtZXF1aXY9IkNvbnRlbnQtVHlwZSIgY29udGVudD0idGV4dC9odG1sOyBjaGFyc2V0PVVURi04IiAvPgogICAgICAgIDx0aXRsZT50ZXN0bnViaXF1b0BnbWFpbC5jb208L3RpdGxlPgogICAgPC9oZWFkPgogICAgPGJvZHkgaXRlbXNjb3BlIGl0ZW10eXBlPSJodHRwOi8vc2NoZW1hLm9yZy9FbWFpbE1lc3NhZ2UiPgogICAgICAgIDxoMT5FbmN1ZXN0YSBzb2JyZSBtZWpvcmFzIGRlbCBzaXRpbzwvaDE+CiAgICAgICAgPHA+PHN0cm9uZz5GZWNoYTo8L3N0cm9uZz4gMTV0aCBTZXB0aWVtYnJlIDIwMTUgMDg6NTM8L3A+CiAgICAgICAgCiAgICAgICAgICAgIDxwPgogICAgICAgICAgICAgICAgPHN0cm9uZz5Ob21icmU6PC9zdHJvbmc+PGJyLz4KICAgICAgICAgICAgICAgIGFhYWFhYWFhYWFhYWEKICAgICAgICAgICAgPC9wPgogICAgICAgIAogICAgICAgICAgICA8cD4KICAgICAgICAgICAgICAgIDxzdHJvbmc+RW1haWw6PC9zdHJvbmc+PGJyLz4KICAgICAgICAgICAgICAgIG1hdGlhc3Jvc29uQGdtYWlsLmNvbQogICAgICAgICAgICA8L3A+CiAgICAgICAgCiAgICAgICAgICAgIDxwPgogICAgICAgICAgICAgICAgPHN0cm9uZz5EZXNjcmlwY2lvbjo8L3N0cm9uZz48YnIvPgogICAgICAgICAgICAgICAgRXN0YSBlcyBsYSBkZXNjcmljaW9uIGdlbmVyYWRhIHBvciB1biBmb3JtdWxhcmlvIGRpbmFtaWNvIGRlc2RlIGVsIGNtcwogICAgICAgICAgICA8L3A+CiAgICAgICAgCiAgICAgICAgU2VudCB2aWEgPGEgaHJlZj0iaHR0cDovLzEyNy4wLjAuMTo4MDAwL2VzL25vc290cm9zLyI+MTI3LjAuMC4xOjgwMDAvZXMvbm9zb3Ryb3MvPC9hPgogICAgPC9ib2R5Pgo8L2h0bWw+CnEjhXEkgXElWAkAAAB0ZXh0L2h0bWxxJoZxJ2F1Yi4=",
    "body_html": "<!DOCTYPE html PUBLIC \"-//W3C//DTD XHTML 1.0 Transitional//EN\" \"http://www.w3.org/TR/xhtml1/DTD/xhtml1-transitional.dtd\">\n<html xmlns=\"http://www.w3.org/1999/xhtml\">\n    <head>\n        <meta name=\"viewport\" content=\"width=device-width\" />\n        <meta http-equiv=\"Content-Type\" content=\"text/html; charset=UTF-8\" />\n        <title>testnubiquo@gmail.com</title>\n    </head>\n    <body itemscope itemtype=\"http://schema.org/EmailMessage\">\n        <h1>Encuesta sobre mejoras del sitio</h1>\n        <p><strong>Fecha:</strong> 15th Septiembre 2015 08:53</p>\n        \n            <p>\n                <strong>Nombre:</strong><br/>\n                aaaaaaaaaaaaa\n            </p>\n        \n            <p>\n                <strong>Email:</strong><br/>\n                matiasroson@gmail.com\n            </p>\n        \n            <p>\n                <strong>Descripcion:</strong><br/>\n                Esta es la descricion generada por un formulario dinamico desde el cms\n            </p>\n        \n        Sent via <a href=\"http://127.0.0.1:8000/es/nosotros/\">127.0.0.1:8000/es/nosotros/</a>\n    </body>\n</html>\n",
    "body_text": "\n\nForm: Este es mi primer formulario\nFecha: 15th Septiembre 2015 08:53\n\n\nNombre:\naaaaaaaaaaaaa\n\nEmail:\nmatiasroson@gmail.com\n\nDescripcion:\nEsta es la descricion generada por un formulario dinamico desde el cms\n\n\nSent via http://127.0.0.1:8000\n",
    "exception": "",
    "created_at": "2015-09-15T11:53:33.636Z"
  },
  "model": "djmail.message",
  "pk": "640fa4fa-5ba0-11e5-b0e6-689423f3bb15"
},
{
  "fields": {
    "subject": "Confirm your email address",
    "sent_at": "2015-09-11T17:51:13.095Z",
    "from_email": "testnubiquo@gmail.com",
    "retry_count": -1,
    "status": 30,
    "priority": 50,
    "to_email": "matiasroson@gmail.com",
    "data": "gANjZGphbmdvLmNvcmUubWFpbC5tZXNzYWdlCkVtYWlsTXVsdGlBbHRlcm5hdGl2ZXMKcQApgXEBfXECKFgKAAAAY29ubmVjdGlvbnEDY2RqbWFpbC5iYWNrZW5kcy5hc3luYwpFbWFpbEJhY2tlbmQKcQQpgXEFfXEGKFgEAAAAYXJnc3EHKVgGAAAAa3dhcmdzcQh9cQlYDQAAAGZhaWxfc2lsZW50bHlxColzdWJYAgAAAHRvcQtdcQxYFQAAAG1hdGlhc3Jvc29uQGdtYWlsLmNvbXENYVgNAAAAZXh0cmFfaGVhZGVyc3EOfXEPWAwAAABhbHRlcm5hdGl2ZXNxEF1xEVgEAAAAYm9keXESY2RqYW5nby51dGlscy5zYWZlc3RyaW5nClNhZmVUZXh0CnETWCwBAAAKCkhpIQoKWW91IGhhdmUgcmVxdWVzdGVkIGxvZ2luIGFjY2VzcyB0byBzYWxlb3IgcHJvamVjdC4gVG8gY29udGludWUgdmlzaXQgdGhlIGxpbmsgYmVsb3cuCgpodHRwOi8vbG9jYWxob3N0OjgwMDAvZW4vYWNjb3VudC9jb25maXJtX2VtYWlsL2RhNGI0YjhjLWRmNjgtNDhjOC04MWVjLTAwNDc3NjNkY2M5OC8KCklmIHlvdSBkaWRuJ3QgdHJ5IHRvIGxvZ2luIHRvIHNhbGVvciBwbGVhc2UgaWdub3JlIHRoaXMgbWVzc2FnZS4gV2UgYXBvbG9naXNlIGZvciBpbmNvbnZlbmllbmNlLgoKU2luY2VyZWx5LApTYWxlb3IgVGVhbQpxFIVxFYFxFlgKAAAAZnJvbV9lbWFpbHEXWBUAAAB0ZXN0bnViaXF1b0BnbWFpbC5jb21xGFgHAAAAc3ViamVjdHEZWBoAAABDb25maXJtIHlvdXIgZW1haWwgYWRkcmVzc3EaWAIAAABjY3EbXXEcWAsAAABhdHRhY2htZW50c3EdXXEeWAMAAABiY2NxH11xIFgIAAAAcmVwbHlfdG9xIV1xInViLg==",
    "body_html": "",
    "body_text": "\n\nHi!\n\nYou have requested login access to saleor project. To continue visit the link below.\n\nhttp://localhost:8000/en/account/confirm_email/da4b4b8c-df68-48c8-81ec-0047763dcc98/\n\nIf you didn't try to login to saleor please ignore this message. We apologise for inconvenience.\n\nSincerely,\nSaleor Team\n",
    "exception": "",
    "created_at": "2015-09-11T17:51:08.997Z"
  },
  "model": "djmail.message",
  "pk": "aecb8982-58ad-11e5-bbf1-689423f3bb15"
},
{
  "fields": {
    "subject": "[EXAMPLE.COM]",
    "sent_at": "2015-09-11T22:03:40.520Z",
    "from_email": "testnubiquo@gmail.com",
    "retry_count": -1,
    "status": 30,
    "priority": 50,
    "to_email": "contextinformatic@gmail.com",
    "data": "gANjZGphbmdvLmNvcmUubWFpbC5tZXNzYWdlCkVtYWlsTWVzc2FnZQpxACmBcQF9cQIoWAIAAAB0b3EDXXEEWBsAAABjb250ZXh0aW5mb3JtYXRpY0BnbWFpbC5jb21xBWFYBwAAAHN1YmplY3RxBlgNAAAAW0VYQU1QTEUuQ09NXXEHWAoAAABmcm9tX2VtYWlscQhYFQAAAHRlc3RudWJpcXVvQGdtYWlsLmNvbXEJWAoAAABjb25uZWN0aW9ucQpjZGptYWlsLmJhY2tlbmRzLmFzeW5jCkVtYWlsQmFja2VuZApxCymBcQx9cQ0oWAQAAABhcmdzcQ4pWAYAAABrd2FyZ3NxD31xEFgNAAAAZmFpbF9zaWxlbnRseXERiHN1YlgDAAAAYmNjcRJdcRNYCAAAAHJlcGx5X3RvcRRdcRVYCwAAAGF0dGFjaG1lbnRzcRZdcRdYAgAAAGNjcRhdcRlYDQAAAGV4dHJhX2hlYWRlcnNxGn1xG1gEAAAAYm9keXEcY2RqYW5nby51dGlscy5zYWZlc3RyaW5nClNhZmVUZXh0CnEdWLMAAABOZXcgbWVzc2FnZSBmcm9tIHRoZSBXZWIKCgogICAgTm9tYnJlOiBNYXRpYXNtCgogICAgRW1haWw6IG1hdGlhc3Jvc29uQGdtYWlsLmNvbQoKICAgIE51bWVybyBkZSBjb250YWN0bzogMjIyMjIKCiAgICBDb25zdWx0YTogZXN0YSBjb25zdWx0YSB2aWVuZSBkZWwgY29udGFjdCBmb3JtIGRlIGRqYW5nbyBjbXMKCnEehXEfgXEgdWIu",
    "body_html": "",
    "body_text": "New message from the Web\n\n\n    Nombre: Matiasm\n\n    Email: matiasroson@gmail.com\n\n    Numero de contacto: 22222\n\n    Consulta: esta consulta viene del contact form de django cms\n\n",
    "exception": "",
    "created_at": "2015-09-11T22:03:35.546Z"
  },
  "model": "djmail.message",
  "pk": "f2d8647e-58d0-11e5-bc12-689423f3bb15"
},
{
  "fields": {
    "voted_id": 2,
    "quantity_vote": 2,
    "voted_type": 16,
    "rate": "4.0"
  },
  "model": "rating.overallrating",
  "pk": 1
},
{
  "fields": {
    "voted_id": 4,
    "quantity_vote": 3,
    "voted_type": 16,
    "rate": "4.3"
  },
  "model": "rating.overallrating",
  "pk": 2
},
{
  "fields": {
    "voted_id": 7,
    "quantity_vote": 1,
    "voted_type": 16,
    "rate": "2.0"
  },
  "model": "rating.overallrating",
  "pk": 3
},
{
  "fields": {
    "voted_id": 2,
    "state": 1,
    "voted_type": 16,
    "voter": 1,
    "rate": 5,
    "created": "2015-09-10T19:56:26.216Z",
    "trans_type": 18,
    "transaction_id": 20
  },
  "model": "rating.rating",
  "pk": 1
},
{
  "fields": {
    "voted_id": 4,
    "state": 1,
    "voted_type": 16,
    "voter": 1,
    "rate": 5,
    "created": "2015-09-10T19:56:26.226Z",
    "trans_type": 18,
    "transaction_id": 20
  },
  "model": "rating.rating",
  "pk": 2
},
{
  "fields": {
    "voted_id": 2,
    "state": 1,
    "voted_type": 16,
    "voter": 1,
    "rate": 3,
    "created": "2015-09-10T19:57:47.304Z",
    "trans_type": 18,
    "transaction_id": 21
  },
  "model": "rating.rating",
  "pk": 3
},
{
  "fields": {
    "voted_id": 4,
    "state": 1,
    "voted_type": 16,
    "voter": 1,
    "rate": 3,
    "created": "2015-09-10T19:57:47.313Z",
    "trans_type": 18,
    "transaction_id": 21
  },
  "model": "rating.rating",
  "pk": 4
},
{
  "fields": {
    "voted_id": 7,
    "state": 1,
    "voted_type": 16,
    "voter": 1,
    "rate": 2,
    "created": "2015-09-10T22:15:51.814Z",
    "trans_type": 18,
    "transaction_id": 22
  },
  "model": "rating.rating",
  "pk": 5
},
{
  "fields": {
    "voted_id": 4,
    "state": 1,
    "voted_type": 16,
    "voter": 1,
    "rate": 5,
    "created": "2015-09-10T22:15:55.669Z",
    "trans_type": 18,
    "transaction_id": 22
  },
  "model": "rating.rating",
  "pk": 6
},
{
  "fields": {
    "title": "Productos destacados",
    "query": "featured",
    "description": "Estos son los productos destacados",
    "layout": "h"
  },
  "model": "pluggin_featured_product.featuredproductplugin",
  "pk": 2
},
{
  "fields": {
    "title": "Favoritos",
    "query": "favorite",
    "description": "Los productos favoritos elegidos por los usuarios.",
    "layout": "h"
  },
  "model": "pluggin_featured_product.featuredproductplugin",
  "pk": 113
},
{
  "fields": {
    "title": "Productos destacados",
    "query": "featured",
    "description": "Estos son los productos destacados",
    "layout": "h"
  },
  "model": "pluggin_featured_product.featuredproductplugin",
  "pk": 114
},
{
  "fields": {
    "title": "Favoritos",
    "query": "favorite",
    "description": "Los productos favoritos elegidos por los usuarios.",
    "layout": "h"
  },
  "model": "pluggin_featured_product.featuredproductplugin",
  "pk": 120
},
{
  "fields": {
    "template": "cmsplugin_contact_plus/contact.html",
    "email_subject": "testnubiquo@gmail.com",
    "recipient_email": "contextinformatic@gmail.com",
    "thanks": "Hemos recibido una consulta, estaremos respondiendo a la brevedad",
    "title": "Formulario de contacto",
    "collect_records": true,
    "submit": "Enviar consulta"
  },
  "model": "cmsplugin_contact_plus.contactplus",
  "pk": 43
},
{
  "fields": {
    "template": "cmsplugin_contact_plus/contact.html",
    "email_subject": "testnubiquo@gmail.com",
    "recipient_email": "contextinformatic@gmail.com",
    "thanks": "Hemos recibido una consulta, estaremos respondiendo a la brevedad",
    "title": "Formulario de contacto",
    "collect_records": true,
    "submit": "Enviar consulta"
  },
  "model": "cmsplugin_contact_plus.contactplus",
  "pk": 127
},
{
  "fields": {
    "inline_ordering_position": 1,
    "widget": "",
    "form": 43,
    "required": true,
    "initial": "",
    "fieldType": "CharField",
    "label": "Nombre"
  },
  "model": "cmsplugin_contact_plus.extrafield",
  "pk": 6
},
{
  "fields": {
    "inline_ordering_position": 2,
    "widget": "",
    "form": 43,
    "required": true,
    "initial": "",
    "fieldType": "EmailField",
    "label": "Email"
  },
  "model": "cmsplugin_contact_plus.extrafield",
  "pk": 7
},
{
  "fields": {
    "inline_ordering_position": 3,
    "widget": "",
    "form": 43,
    "required": true,
    "initial": "",
    "fieldType": "auto_Textarea",
    "label": "Consulta"
  },
  "model": "cmsplugin_contact_plus.extrafield",
  "pk": 8
},
{
  "fields": {
    "inline_ordering_position": 4,
    "widget": "",
    "form": 43,
    "required": true,
    "initial": "",
    "fieldType": "MathCaptcha",
    "label": "\u00bfSos humano?"
  },
  "model": "cmsplugin_contact_plus.extrafield",
  "pk": 9
},
{
  "fields": {
    "inline_ordering_position": 1,
    "widget": "",
    "form": 127,
    "required": true,
    "initial": "",
    "fieldType": "CharField",
    "label": "Nombre"
  },
  "model": "cmsplugin_contact_plus.extrafield",
  "pk": 18
},
{
  "fields": {
    "inline_ordering_position": 2,
    "widget": "",
    "form": 127,
    "required": true,
    "initial": "",
    "fieldType": "EmailField",
    "label": "Email"
  },
  "model": "cmsplugin_contact_plus.extrafield",
  "pk": 19
},
{
  "fields": {
    "inline_ordering_position": 3,
    "widget": "",
    "form": 127,
    "required": true,
    "initial": "",
    "fieldType": "auto_Textarea",
    "label": "Consulta"
  },
  "model": "cmsplugin_contact_plus.extrafield",
  "pk": 20
},
{
  "fields": {
    "inline_ordering_position": 4,
    "widget": "",
    "form": 127,
    "required": true,
    "initial": "",
    "fieldType": "MathCaptcha",
    "label": "\u00bfSos humano?"
  },
  "model": "cmsplugin_contact_plus.extrafield",
  "pk": 21
},
{
  "fields": {
    "date_of_entry": "2015-09-11T22:03:35.559Z",
    "data": "[{\"Nombre\":\"Matiasm\"},{\"Email\":\"matiasroson@gmail.com\"},{\"Numero de contacto\":22222},{\"Consulta\":\"esta consulta viene del contact form de django cms\"}]",
    "contact_form": null,
    "date_processed": null
  },
  "model": "cmsplugin_contact_plus.contactrecord",
  "pk": 1
},
{
  "fields": {
    "date_of_entry": "2015-09-11T22:04:02.720Z",
    "data": "[{\"Nombre\":\"Matiasm\"},{\"Email\":\"matiasroson@gmail.com\"},{\"Numero de contacto\":22222},{\"Consulta\":\"esta consulta viene del contact form de django cms\"}]",
    "contact_form": null,
    "date_processed": null
  },
  "model": "cmsplugin_contact_plus.contactrecord",
  "pk": 2
},
{
  "fields": {
    "date_of_entry": "2015-09-11T22:04:04.074Z",
    "data": "[{\"Nombre\":\"Matiasm\"},{\"Email\":\"matiasroson@gmail.com\"},{\"Numero de contacto\":22222},{\"Consulta\":\"esta consulta viene del contact form de django cms\"}]",
    "contact_form": null,
    "date_processed": null
  },
  "model": "cmsplugin_contact_plus.contactrecord",
  "pk": 3
},
{
  "fields": {
    "name": "Este es mi primer formulario"
  },
  "model": "djangocms_forms.form",
  "pk": 1
},
{
  "fields": {
    "rght": 2,
    "level": 0,
    "lft": 1,
    "name": "Static",
    "owner": 1,
    "parent": null,
    "modified_at": "2015-09-15T00:35:27.195Z",
    "uploaded_at": "2015-09-15T00:35:27.195Z",
    "tree_id": 1,
    "created_at": "2015-09-15T00:35:27.195Z"
  },
  "model": "filer.folder",
  "pk": 1
},
{
  "fields": {
    "sha1": "8987ccd07ec32b770d99d11a1bc6c88e105add2f",
    "folder": null,
    "polymorphic_ctype": 80,
    "owner": 1,
    "file": "filer_public/84/e8/84e8c628-1b43-4972-9828-ee23e206aa8c/images.jpeg",
    "description": null,
    "_file_size": 4377,
    "original_filename": "images.jpeg",
    "name": "",
    "has_all_mandatory_data": false,
    "uploaded_at": "2015-09-15T21:19:53.217Z",
    "is_public": true,
    "modified_at": "2015-09-15T21:19:53.218Z"
  },
  "model": "filer.file",
  "pk": 3
},
{
  "fields": {
    "sha1": "8987ccd07ec32b770d99d11a1bc6c88e105add2f",
    "folder": 1,
    "polymorphic_ctype": 80,
    "owner": 1,
    "file": "filer_public/a4/ab/a4ab5366-e900-4d25-bfb0-0aa994f54f3e/images.jpeg",
    "description": null,
    "_file_size": 4377,
    "original_filename": "images.jpeg",
    "name": "",
    "has_all_mandatory_data": false,
    "uploaded_at": "2015-09-15T21:20:01.537Z",
    "is_public": true,
    "modified_at": "2015-09-15T21:20:02.809Z"
  },
  "model": "filer.file",
  "pk": 4
},
{
  "fields": {
    "user": 1
  },
  "model": "filer.clipboard",
  "pk": 1
},
{
  "fields": {
    "author": null,
    "must_always_publish_copyright": false,
    "_height": 246,
    "subject_location": null,
    "default_caption": null,
    "must_always_publish_author_credit": false,
    "date_taken": "2015-09-15T21:19:53.188Z",
    "default_alt_text": null,
    "_width": 205
  },
  "model": "filer.image",
  "pk": 3
},
{
  "fields": {
    "author": null,
    "must_always_publish_copyright": false,
    "_height": 246,
    "subject_location": null,
    "default_caption": null,
    "must_always_publish_author_credit": false,
    "date_taken": "2015-09-15T21:20:01.520Z",
    "default_alt_text": null,
    "_width": 205
  },
  "model": "filer.image",
  "pk": 4
},
{
  "fields": {
    "storage_hash": "f9bde26a1556cd667f742bd34ec7c55e",
    "modified": "2015-09-15T21:19:53.267Z",
    "name": "filer_public/84/e8/84e8c628-1b43-4972-9828-ee23e206aa8c/images.jpeg"
  },
  "model": "easy_thumbnails.source",
  "pk": 3
},
{
  "fields": {
    "storage_hash": "f9bde26a1556cd667f742bd34ec7c55e",
    "modified": "2015-09-15T21:20:06.985Z",
    "name": "filer_public/a4/ab/a4ab5366-e900-4d25-bfb0-0aa994f54f3e/images.jpeg"
  },
  "model": "easy_thumbnails.source",
  "pk": 4
},
{
  "fields": {
    "storage_hash": "f9bde26a1556cd667f742bd34ec7c55e",
    "source": 3,
    "modified": "2015-09-15T21:19:53.271Z",
    "name": "filer_public_thumbnails/filer_public/84/e8/84e8c628-1b43-4972-9828-ee23e206aa8c/images.jpeg__64x64_q85_crop_subsampling-2_upscale.jpg"
  },
  "model": "easy_thumbnails.thumbnail",
  "pk": 11
},
{
  "fields": {
    "storage_hash": "f9bde26a1556cd667f742bd34ec7c55e",
    "source": 3,
    "modified": "2015-09-15T21:19:53.286Z",
    "name": "filer_public_thumbnails/filer_public/84/e8/84e8c628-1b43-4972-9828-ee23e206aa8c/images.jpeg__64x64_q85_crop_subsampling-2_upscale@2x.jpg"
  },
  "model": "easy_thumbnails.thumbnail",
  "pk": 12
},
{
  "fields": {
    "storage_hash": "f9bde26a1556cd667f742bd34ec7c55e",
    "source": 3,
    "modified": "2015-09-15T21:19:53.295Z",
    "name": "filer_public_thumbnails/filer_public/84/e8/84e8c628-1b43-4972-9828-ee23e206aa8c/images.jpeg__32x32_q85_crop_subsampling-2_upscale.jpg"
  },
  "model": "easy_thumbnails.thumbnail",
  "pk": 13
},
{
  "fields": {
    "storage_hash": "f9bde26a1556cd667f742bd34ec7c55e",
    "source": 3,
    "modified": "2015-09-15T21:19:53.305Z",
    "name": "filer_public_thumbnails/filer_public/84/e8/84e8c628-1b43-4972-9828-ee23e206aa8c/images.jpeg__32x32_q85_crop_subsampling-2_upscale@2x.jpg"
  },
  "model": "easy_thumbnails.thumbnail",
  "pk": 14
},
{
  "fields": {
    "storage_hash": "f9bde26a1556cd667f742bd34ec7c55e",
    "source": 3,
    "modified": "2015-09-15T21:19:53.314Z",
    "name": "filer_public_thumbnails/filer_public/84/e8/84e8c628-1b43-4972-9828-ee23e206aa8c/images.jpeg__16x16_q85_crop_subsampling-2_upscale.jpg"
  },
  "model": "easy_thumbnails.thumbnail",
  "pk": 15
},
{
  "fields": {
    "storage_hash": "f9bde26a1556cd667f742bd34ec7c55e",
    "source": 3,
    "modified": "2015-09-15T21:19:53.328Z",
    "name": "filer_public_thumbnails/filer_public/84/e8/84e8c628-1b43-4972-9828-ee23e206aa8c/images.jpeg__16x16_q85_crop_subsampling-2_upscale@2x.jpg"
  },
  "model": "easy_thumbnails.thumbnail",
  "pk": 16
},
{
  "fields": {
    "storage_hash": "f9bde26a1556cd667f742bd34ec7c55e",
    "source": 3,
    "modified": "2015-09-15T21:19:53.341Z",
    "name": "filer_public_thumbnails/filer_public/84/e8/84e8c628-1b43-4972-9828-ee23e206aa8c/images.jpeg__48x48_q85_crop_subsampling-2_upscale.jpg"
  },
  "model": "easy_thumbnails.thumbnail",
  "pk": 17
},
{
  "fields": {
    "storage_hash": "f9bde26a1556cd667f742bd34ec7c55e",
    "source": 3,
    "modified": "2015-09-15T21:19:53.352Z",
    "name": "filer_public_thumbnails/filer_public/84/e8/84e8c628-1b43-4972-9828-ee23e206aa8c/images.jpeg__48x48_q85_crop_subsampling-2_upscale@2x.jpg"
  },
  "model": "easy_thumbnails.thumbnail",
  "pk": 18
},
{
  "fields": {
    "storage_hash": "f9bde26a1556cd667f742bd34ec7c55e",
    "source": 4,
    "modified": "2015-09-15T21:20:01.556Z",
    "name": "filer_public_thumbnails/filer_public/a4/ab/a4ab5366-e900-4d25-bfb0-0aa994f54f3e/images.jpeg__64x64_q85_crop_subsampling-2_upscale.jpg"
  },
  "model": "easy_thumbnails.thumbnail",
  "pk": 19
},
{
  "fields": {
    "storage_hash": "f9bde26a1556cd667f742bd34ec7c55e",
    "source": 4,
    "modified": "2015-09-15T21:20:01.568Z",
    "name": "filer_public_thumbnails/filer_public/a4/ab/a4ab5366-e900-4d25-bfb0-0aa994f54f3e/images.jpeg__64x64_q85_crop_subsampling-2_upscale@2x.jpg"
  },
  "model": "easy_thumbnails.thumbnail",
  "pk": 20
},
{
  "fields": {
    "storage_hash": "f9bde26a1556cd667f742bd34ec7c55e",
    "source": 4,
    "modified": "2015-09-15T21:20:01.581Z",
    "name": "filer_public_thumbnails/filer_public/a4/ab/a4ab5366-e900-4d25-bfb0-0aa994f54f3e/images.jpeg__32x32_q85_crop_subsampling-2_upscale.jpg"
  },
  "model": "easy_thumbnails.thumbnail",
  "pk": 21
},
{
  "fields": {
    "storage_hash": "f9bde26a1556cd667f742bd34ec7c55e",
    "source": 4,
    "modified": "2015-09-15T21:20:01.592Z",
    "name": "filer_public_thumbnails/filer_public/a4/ab/a4ab5366-e900-4d25-bfb0-0aa994f54f3e/images.jpeg__32x32_q85_crop_subsampling-2_upscale@2x.jpg"
  },
  "model": "easy_thumbnails.thumbnail",
  "pk": 22
},
{
  "fields": {
    "storage_hash": "f9bde26a1556cd667f742bd34ec7c55e",
    "source": 4,
    "modified": "2015-09-15T21:20:01.605Z",
    "name": "filer_public_thumbnails/filer_public/a4/ab/a4ab5366-e900-4d25-bfb0-0aa994f54f3e/images.jpeg__16x16_q85_crop_subsampling-2_upscale.jpg"
  },
  "model": "easy_thumbnails.thumbnail",
  "pk": 23
},
{
  "fields": {
    "storage_hash": "f9bde26a1556cd667f742bd34ec7c55e",
    "source": 4,
    "modified": "2015-09-15T21:20:01.618Z",
    "name": "filer_public_thumbnails/filer_public/a4/ab/a4ab5366-e900-4d25-bfb0-0aa994f54f3e/images.jpeg__16x16_q85_crop_subsampling-2_upscale@2x.jpg"
  },
  "model": "easy_thumbnails.thumbnail",
  "pk": 24
},
{
  "fields": {
    "storage_hash": "f9bde26a1556cd667f742bd34ec7c55e",
    "source": 4,
    "modified": "2015-09-15T21:20:01.634Z",
    "name": "filer_public_thumbnails/filer_public/a4/ab/a4ab5366-e900-4d25-bfb0-0aa994f54f3e/images.jpeg__48x48_q85_crop_subsampling-2_upscale.jpg"
  },
  "model": "easy_thumbnails.thumbnail",
  "pk": 25
},
{
  "fields": {
    "storage_hash": "f9bde26a1556cd667f742bd34ec7c55e",
    "source": 4,
    "modified": "2015-09-15T21:20:01.647Z",
    "name": "filer_public_thumbnails/filer_public/a4/ab/a4ab5366-e900-4d25-bfb0-0aa994f54f3e/images.jpeg__48x48_q85_crop_subsampling-2_upscale@2x.jpg"
  },
  "model": "easy_thumbnails.thumbnail",
  "pk": 26
},
{
  "fields": {
    "storage_hash": "f9bde26a1556cd667f742bd34ec7c55e",
    "source": 4,
    "modified": "2015-09-15T21:20:07.006Z",
    "name": "filer_public_thumbnails/filer_public/a4/ab/a4ab5366-e900-4d25-bfb0-0aa994f54f3e/images.jpeg__205x246_q85_crop_subsampling-2_upscale.jpg"
  },
  "model": "easy_thumbnails.thumbnail",
  "pk": 27
},
{
  "fields": {
    "storage_hash": "f9bde26a1556cd667f742bd34ec7c55e",
    "source": 4,
    "modified": "2015-09-15T21:20:07.056Z",
    "name": "filer_public_thumbnails/filer_public/a4/ab/a4ab5366-e900-4d25-bfb0-0aa994f54f3e/images.jpeg__205x246_q85_crop_subsampling-2_upscale@2x.jpg"
  },
  "model": "easy_thumbnails.thumbnail",
  "pk": 28
},
{
  "fields": {
    "width": null,
    "original_link": false,
    "file_link": null,
    "use_original_image": false,
    "target_blank": false,
    "caption_text": "",
    "image": 4,
    "height": null,
    "alt_text": "",
    "alignment": null,
    "use_autoscale": false,
    "crop": true,
    "free_link": "",
    "image_url": "",
    "upscale": true,
    "style": "",
    "thumbnail_option": null,
    "page_link": null,
    "description": ""
  },
  "model": "cmsplugin_filer_image.filerimage",
  "pk": 112
},
{
  "fields": {
    "width": null,
    "original_link": false,
    "file_link": null,
    "use_original_image": false,
    "target_blank": false,
    "caption_text": "",
    "image": 4,
    "height": null,
    "alt_text": "",
    "alignment": null,
    "use_autoscale": false,
    "crop": true,
    "free_link": "",
    "image_url": "",
    "upscale": true,
    "style": "",
    "thumbnail_option": null,
    "page_link": null,
    "description": ""
  },
  "model": "cmsplugin_filer_image.filerimage",
  "pk": 119
},
{
  "fields": {
    "comment": "Publish",
    "date_created": "2015-09-11T21:30:08.780Z",
    "manager_slug": "default",
    "user": 1
  },
  "model": "reversion.revision",
  "pk": 5
},
{
  "fields": {
    "comment": "Publish",
    "date_created": "2015-09-11T22:13:44.544Z",
    "manager_slug": "default",
    "user": 1
  },
  "model": "reversion.revision",
  "pk": 15
},
{
  "fields": {
    "comment": "Enlace plugin a\u00f1adido a content",
    "date_created": "2015-09-12T16:33:24.231Z",
    "manager_slug": "default",
    "user": 1
  },
  "model": "reversion.revision",
  "pk": 32
},
{
  "fields": {
    "comment": "Enlace plugin en la posici\u00f3n 1 en content fue eliminado.",
    "date_created": "2015-09-12T16:33:32.248Z",
    "manager_slug": "default",
    "user": 1
  },
  "model": "reversion.revision",
  "pk": 33
},
{
  "fields": {
    "comment": "Fichero plugin a\u00f1adido a content",
    "date_created": "2015-09-12T16:34:18.030Z",
    "manager_slug": "default",
    "user": 1
  },
  "model": "reversion.revision",
  "pk": 34
},
{
  "fields": {
    "comment": "Fichero plugin editado en la posici\u00f3n 1 en content",
    "date_created": "2015-09-12T16:34:32.098Z",
    "manager_slug": "default",
    "user": 1
  },
  "model": "reversion.revision",
  "pk": 35
},
{
  "fields": {
    "comment": "Fichero plugin en la posici\u00f3n 1 en content fue eliminado.",
    "date_created": "2015-09-12T16:35:37.381Z",
    "manager_slug": "default",
    "user": 1
  },
  "model": "reversion.revision",
  "pk": 36
},
{
  "fields": {
    "comment": "Alias plugin en la posici\u00f3n 0 en content fue eliminado.",
    "date_created": "2015-09-12T16:35:50.887Z",
    "manager_slug": "default",
    "user": 1
  },
  "model": "reversion.revision",
  "pk": 37
},
{
  "fields": {
    "comment": "V\u00eddeo plugin en la posici\u00f3n 1 en content fue eliminado.",
    "date_created": "2015-09-12T16:36:04.869Z",
    "manager_slug": "default",
    "user": 1
  },
  "model": "reversion.revision",
  "pk": 38
},
{
  "fields": {
    "comment": "La plantilla cambi\u00f3 a Page",
    "date_created": "2015-09-12T17:57:57.125Z",
    "manager_slug": "default",
    "user": 1
  },
  "model": "reversion.revision",
  "pk": 39
},
{
  "fields": {
    "comment": "Publish",
    "date_created": "2015-09-12T17:58:06.764Z",
    "manager_slug": "default",
    "user": 1
  },
  "model": "reversion.revision",
  "pk": 40
},
{
  "fields": {
    "comment": "Publish",
    "date_created": "2015-09-12T17:59:00.607Z",
    "manager_slug": "default",
    "user": 1
  },
  "model": "reversion.revision",
  "pk": 41
},
{
  "fields": {
    "comment": "La plantilla cambi\u00f3 a Inherit the template of the nearest ancestor",
    "date_created": "2015-09-12T17:59:47.218Z",
    "manager_slug": "default",
    "user": 1
  },
  "model": "reversion.revision",
  "pk": 42
},
{
  "fields": {
    "comment": "Publish",
    "date_created": "2015-09-12T18:02:02.296Z",
    "manager_slug": "default",
    "user": 1
  },
  "model": "reversion.revision",
  "pk": 43
},
{
  "fields": {
    "comment": "Fichero plugin a\u00f1adido a content",
    "date_created": "2015-09-12T19:13:31.985Z",
    "manager_slug": "default",
    "user": 1
  },
  "model": "reversion.revision",
  "pk": 44
},
{
  "fields": {
    "comment": "Fichero plugin en la posici\u00f3n 7 en content fue eliminado.",
    "date_created": "2015-09-12T19:13:39.508Z",
    "manager_slug": "default",
    "user": 1
  },
  "model": "reversion.revision",
  "pk": 45
},
{
  "fields": {
    "comment": "Muestra plugin a\u00f1adido a content",
    "date_created": "2015-09-12T19:13:46.665Z",
    "manager_slug": "default",
    "user": 1
  },
  "model": "reversion.revision",
  "pk": 46
},
{
  "fields": {
    "comment": "Muestra plugin en la posici\u00f3n 7 en content fue eliminado.",
    "date_created": "2015-09-12T19:13:55.364Z",
    "manager_slug": "default",
    "user": 1
  },
  "model": "reversion.revision",
  "pk": 47
},
{
  "fields": {
    "comment": "Muestra plugin a\u00f1adido a content",
    "date_created": "2015-09-12T19:17:26.370Z",
    "manager_slug": "default",
    "user": 1
  },
  "model": "reversion.revision",
  "pk": 48
},
{
  "fields": {
    "comment": "Muestra plugin editado en la posici\u00f3n 0 en content",
    "date_created": "2015-09-12T19:17:39.071Z",
    "manager_slug": "default",
    "user": 1
  },
  "model": "reversion.revision",
  "pk": 49
},
{
  "fields": {
    "comment": "Foto plugin a\u00f1adido a content",
    "date_created": "2015-09-12T19:22:35.832Z",
    "manager_slug": "default",
    "user": 1
  },
  "model": "reversion.revision",
  "pk": 50
},
{
  "fields": {
    "comment": "Publish",
    "date_created": "2015-09-12T19:25:18.340Z",
    "manager_slug": "default",
    "user": 1
  },
  "model": "reversion.revision",
  "pk": 51
},
{
  "fields": {
    "comment": "Extensiones copiadas a content",
    "date_created": "2015-09-12T19:48:35.967Z",
    "manager_slug": "default",
    "user": 1
  },
  "model": "reversion.revision",
  "pk": 52
},
{
  "fields": {
    "comment": "Columna plugin editado en la posici\u00f3n 0 en content",
    "date_created": "2015-09-12T20:17:01.885Z",
    "manager_slug": "default",
    "user": 1
  },
  "model": "reversion.revision",
  "pk": 71
},
{
  "fields": {
    "comment": "Columna plugin editado en la posici\u00f3n 0 en content",
    "date_created": "2015-09-12T20:17:18.566Z",
    "manager_slug": "default",
    "user": 1
  },
  "model": "reversion.revision",
  "pk": 72
},
{
  "fields": {
    "comment": "Columna plugin editado en la posici\u00f3n 1 en content",
    "date_created": "2015-09-12T20:17:33.460Z",
    "manager_slug": "default",
    "user": 1
  },
  "model": "reversion.revision",
  "pk": 73
},
{
  "fields": {
    "comment": "Los conectores o plugins fueron removidos",
    "date_created": "2015-09-12T20:17:52.656Z",
    "manager_slug": "default",
    "user": 1
  },
  "model": "reversion.revision",
  "pk": 74
},
{
  "fields": {
    "comment": "Columna plugin en la posici\u00f3n 2 en content fue eliminado.",
    "date_created": "2015-09-12T20:18:05.285Z",
    "manager_slug": "default",
    "user": 1
  },
  "model": "reversion.revision",
  "pk": 75
},
{
  "fields": {
    "comment": "Estilo plugin a\u00f1adido a content",
    "date_created": "2015-09-12T20:18:40.638Z",
    "manager_slug": "default",
    "user": 1
  },
  "model": "reversion.revision",
  "pk": 76
},
{
  "fields": {
    "comment": "Estilo plugin editado en la posici\u00f3n 9 en content",
    "date_created": "2015-09-12T20:19:19.442Z",
    "manager_slug": "default",
    "user": 1
  },
  "model": "reversion.revision",
  "pk": 77
},
{
  "fields": {
    "comment": "Los conectores o plugins fueron removidos",
    "date_created": "2015-09-12T20:19:30.195Z",
    "manager_slug": "default",
    "user": 1
  },
  "model": "reversion.revision",
  "pk": 78
},
{
  "fields": {
    "comment": "Estilo plugin a\u00f1adido a content",
    "date_created": "2015-09-12T20:20:07.721Z",
    "manager_slug": "default",
    "user": 1
  },
  "model": "reversion.revision",
  "pk": 79
},
{
  "fields": {
    "comment": "Estilo plugin editado en la posici\u00f3n 1 en content",
    "date_created": "2015-09-12T20:20:15.101Z",
    "manager_slug": "default",
    "user": 1
  },
  "model": "reversion.revision",
  "pk": 80
},
{
  "fields": {
    "comment": "Los conectores o plugins fueron removidos",
    "date_created": "2015-09-12T20:20:34.970Z",
    "manager_slug": "default",
    "user": 1
  },
  "model": "reversion.revision",
  "pk": 81
},
{
  "fields": {
    "comment": "Estilo plugin editado en la posici\u00f3n 0 en content",
    "date_created": "2015-09-12T20:20:50.129Z",
    "manager_slug": "default",
    "user": 1
  },
  "model": "reversion.revision",
  "pk": 82
},
{
  "fields": {
    "comment": "Publish",
    "date_created": "2015-09-12T20:21:11.928Z",
    "manager_slug": "default",
    "user": 1
  },
  "model": "reversion.revision",
  "pk": 83
},
{
  "fields": {
    "comment": "Mapa de Google plugin editado en la posici\u00f3n 0 en content",
    "date_created": "2015-09-12T20:22:26.191Z",
    "manager_slug": "default",
    "user": 1
  },
  "model": "reversion.revision",
  "pk": 84
},
{
  "fields": {
    "comment": "Publish",
    "date_created": "2015-09-12T20:22:36.650Z",
    "manager_slug": "default",
    "user": 1
  },
  "model": "reversion.revision",
  "pk": 85
},
{
  "fields": {
    "comment": "Publish",
    "date_created": "2015-09-14T14:29:07.199Z",
    "manager_slug": "default",
    "user": 1
  },
  "model": "reversion.revision",
  "pk": 89
},
{
  "fields": {
    "comment": "Publish",
    "date_created": "2015-09-14T18:53:17.566Z",
    "manager_slug": "default",
    "user": 1
  },
  "model": "reversion.revision",
  "pk": 97
},
{
  "fields": {
    "comment": "Form plugin a\u00f1adido a content",
    "date_created": "2015-09-14T19:03:04.079Z",
    "manager_slug": "default",
    "user": 1
  },
  "model": "reversion.revision",
  "pk": 100
},
{
  "fields": {
    "comment": "Form plugin editado en la posici\u00f3n 0 en content",
    "date_created": "2015-09-14T19:06:27.875Z",
    "manager_slug": "default",
    "user": 1
  },
  "model": "reversion.revision",
  "pk": 101
},
{
  "fields": {
    "comment": "Publish",
    "date_created": "2015-09-15T00:36:37.995Z",
    "manager_slug": "default",
    "user": 1
  },
  "model": "reversion.revision",
  "pk": 111
},
{
  "fields": {
    "comment": "Publish",
    "date_created": "2015-09-15T11:48:57.466Z",
    "manager_slug": "default",
    "user": 1
  },
  "model": "reversion.revision",
  "pk": 112
},
{
  "fields": {
    "comment": "Form plugin en la posici\u00f3n 0 en content fue eliminado.",
    "date_created": "2015-09-15T11:51:06.318Z",
    "manager_slug": "default",
    "user": 1
  },
  "model": "reversion.revision",
  "pk": 113
},
{
  "fields": {
    "comment": "Form plugin editado en la posici\u00f3n 0 en content",
    "date_created": "2015-09-15T11:52:28.176Z",
    "manager_slug": "default",
    "user": 1
  },
  "model": "reversion.revision",
  "pk": 114
},
{
  "fields": {
    "comment": "Form plugin editado en la posici\u00f3n 0 en content",
    "date_created": "2015-09-15T11:52:55.148Z",
    "manager_slug": "default",
    "user": 1
  },
  "model": "reversion.revision",
  "pk": 115
},
{
  "fields": {
    "comment": "Publish",
    "date_created": "2015-09-15T11:53:02.393Z",
    "manager_slug": "default",
    "user": 1
  },
  "model": "reversion.revision",
  "pk": 116
},
{
  "fields": {
    "comment": "Form plugin en la posici\u00f3n 0 en content fue eliminado.",
    "date_created": "2015-09-15T18:46:06.381Z",
    "manager_slug": "default",
    "user": 1
  },
  "model": "reversion.revision",
  "pk": 117
},
{
  "fields": {
    "comment": "Texto plugin a\u00f1adido a content",
    "date_created": "2015-09-15T18:46:17.865Z",
    "manager_slug": "default",
    "user": 1
  },
  "model": "reversion.revision",
  "pk": 118
},
{
  "fields": {
    "comment": "Texto plugin editado en la posici\u00f3n 0 en content",
    "date_created": "2015-09-15T18:48:07.868Z",
    "manager_slug": "default",
    "user": 1
  },
  "model": "reversion.revision",
  "pk": 119
},
{
  "fields": {
    "comment": "Texto plugin editado en la posici\u00f3n 0 en content",
    "date_created": "2015-09-15T18:54:32.909Z",
    "manager_slug": "default",
    "user": 1
  },
  "model": "reversion.revision",
  "pk": 120
},
{
  "fields": {
    "comment": "Texto plugin editado en la posici\u00f3n 0 en content",
    "date_created": "2015-09-15T18:56:32.659Z",
    "manager_slug": "default",
    "user": 1
  },
  "model": "reversion.revision",
  "pk": 121
},
{
  "fields": {
    "comment": "Foto plugin a\u00f1adido a content",
    "date_created": "2015-09-15T18:56:53.860Z",
    "manager_slug": "default",
    "user": 1
  },
  "model": "reversion.revision",
  "pk": 122
},
{
  "fields": {
    "comment": "Foto plugin editado en la posici\u00f3n 0 en content",
    "date_created": "2015-09-15T18:57:24.941Z",
    "manager_slug": "default",
    "user": 1
  },
  "model": "reversion.revision",
  "pk": 123
},
{
  "fields": {
    "comment": "Texto plugin editado en la posici\u00f3n 0 en content",
    "date_created": "2015-09-15T18:57:37.521Z",
    "manager_slug": "default",
    "user": 1
  },
  "model": "reversion.revision",
  "pk": 124
},
{
  "fields": {
    "comment": "Texto plugin editado en la posici\u00f3n 0 en content",
    "date_created": "2015-09-15T18:58:39.572Z",
    "manager_slug": "default",
    "user": 1
  },
  "model": "reversion.revision",
  "pk": 125
},
{
  "fields": {
    "comment": "Publish",
    "date_created": "2015-09-15T19:05:12.799Z",
    "manager_slug": "default",
    "user": 1
  },
  "model": "reversion.revision",
  "pk": 126
},
{
  "fields": {
    "comment": "Product Plugin plugin en la posici\u00f3n 0 en content fue eliminado.",
    "date_created": "2015-09-15T20:03:50.060Z",
    "manager_slug": "default",
    "user": 1
  },
  "model": "reversion.revision",
  "pk": 129
},
{
  "fields": {
    "comment": "M\u00faltiple Columnas plugin en la posici\u00f3n 0 en content fue eliminado.",
    "date_created": "2015-09-15T20:04:07.767Z",
    "manager_slug": "default",
    "user": 1
  },
  "model": "reversion.revision",
  "pk": 130
},
{
  "fields": {
    "comment": "Publish",
    "date_created": "2015-09-15T20:04:19.112Z",
    "manager_slug": "default",
    "user": 1
  },
  "model": "reversion.revision",
  "pk": 131
},
{
  "fields": {
    "comment": "M\u00faltiple Columnas plugin a\u00f1adido a content",
    "date_created": "2015-09-15T21:14:17.116Z",
    "manager_slug": "default",
    "user": 1
  },
  "model": "reversion.revision",
  "pk": 132
},
{
  "fields": {
    "comment": "M\u00faltiple Columnas plugin editado en la posici\u00f3n 1 en content",
    "date_created": "2015-09-15T21:14:26.457Z",
    "manager_slug": "default",
    "user": 1
  },
  "model": "reversion.revision",
  "pk": 133
},
{
  "fields": {
    "comment": "Los conectores o plugins fueron removidos",
    "date_created": "2015-09-15T21:14:39.940Z",
    "manager_slug": "default",
    "user": 1
  },
  "model": "reversion.revision",
  "pk": 134
},
{
  "fields": {
    "comment": "Los conectores o plugins fueron removidos",
    "date_created": "2015-09-15T21:14:42.204Z",
    "manager_slug": "default",
    "user": 1
  },
  "model": "reversion.revision",
  "pk": 135
},
{
  "fields": {
    "comment": "M\u00faltiple Columnas plugin editado en la posici\u00f3n 1 en content",
    "date_created": "2015-09-15T21:15:04.281Z",
    "manager_slug": "default",
    "user": 1
  },
  "model": "reversion.revision",
  "pk": 136
},
{
  "fields": {
    "comment": "Columna plugin en la posici\u00f3n 0 en content fue eliminado.",
    "date_created": "2015-09-15T21:15:20.373Z",
    "manager_slug": "default",
    "user": 1
  },
  "model": "reversion.revision",
  "pk": 137
},
{
  "fields": {
    "comment": "Texto plugin a\u00f1adido a content",
    "date_created": "2015-09-15T21:15:35.780Z",
    "manager_slug": "default",
    "user": 1
  },
  "model": "reversion.revision",
  "pk": 138
},
{
  "fields": {
    "comment": "Texto plugin editado en la posici\u00f3n 0 en content",
    "date_created": "2015-09-15T21:16:45.407Z",
    "manager_slug": "default",
    "user": 1
  },
  "model": "reversion.revision",
  "pk": 139
},
{
  "fields": {
    "comment": "Imagen plugin a\u00f1adido a content",
    "date_created": "2015-09-15T21:16:59.567Z",
    "manager_slug": "default",
    "user": 1
  },
  "model": "reversion.revision",
  "pk": 140
},
{
  "fields": {
    "comment": "Imagen plugin editado en la posici\u00f3n 0 en content",
    "date_created": "2015-09-15T21:20:07.132Z",
    "manager_slug": "default",
    "user": 1
  },
  "model": "reversion.revision",
  "pk": 141
},
{
  "fields": {
    "comment": "Product Plugin plugin a\u00f1adido a content",
    "date_created": "2015-09-15T21:20:23.664Z",
    "manager_slug": "default",
    "user": 1
  },
  "model": "reversion.revision",
  "pk": 142
},
{
  "fields": {
    "comment": "Product Plugin plugin editado en la posici\u00f3n 6 en content",
    "date_created": "2015-09-15T21:20:52.306Z",
    "manager_slug": "default",
    "user": 1
  },
  "model": "reversion.revision",
  "pk": 143
},
{
  "fields": {
    "comment": "Publish",
    "date_created": "2015-09-15T21:21:11.517Z",
    "manager_slug": "default",
    "user": 1
  },
  "model": "reversion.revision",
  "pk": 144
},
{
  "fields": {
    "comment": "Publish",
    "date_created": "2015-09-15T21:38:36.401Z",
    "manager_slug": "default",
    "user": 1
  },
  "model": "reversion.revision",
  "pk": 145
},
{
  "fields": {
    "comment": "Mapa de Google plugin en la posici\u00f3n 0 en content fue eliminado.",
    "date_created": "2015-09-15T21:41:15.064Z",
    "manager_slug": "default",
    "user": 1
  },
  "model": "reversion.revision",
  "pk": 146
},
{
  "fields": {
    "comment": "Publish",
    "date_created": "2015-09-15T21:41:27.562Z",
    "manager_slug": "default",
    "user": 1
  },
  "model": "reversion.revision",
  "pk": 147
},
{
  "fields": {
    "action_time": "2015-08-30T15:17:55.921Z",
    "content_type": 58,
    "action_flag": 1,
    "object_repr": "PRomo verano",
    "object_id": "1",
    "change_message": "",
    "user": 1
  },
  "model": "admin.logentry",
  "pk": 1
},
{
  "fields": {
    "action_time": "2015-08-30T22:18:39.631Z",
    "content_type": 58,
    "action_flag": 3,
    "object_repr": "PRomo verano",
    "object_id": "1",
    "change_message": "",
    "user": 1
  },
  "model": "admin.logentry",
  "pk": 2
},
{
  "fields": {
    "action_time": "2015-08-30T22:31:28.027Z",
    "content_type": 58,
    "action_flag": 1,
    "object_repr": "Descuento primavera",
    "object_id": "2",
    "change_message": "",
    "user": 1
  },
  "model": "admin.logentry",
  "pk": 3
},
{
  "fields": {
    "action_time": "2015-08-31T14:40:05.506Z",
    "content_type": 58,
    "action_flag": 3,
    "object_repr": "Descuento primavera",
    "object_id": "2",
    "change_message": "",
    "user": 1
  },
  "model": "admin.logentry",
  "pk": 4
},
{
  "fields": {
    "action_time": "2015-08-31T14:49:28.535Z",
    "content_type": 58,
    "action_flag": 1,
    "object_repr": "Descuento primavera",
    "object_id": "3",
    "change_message": "",
    "user": 1
  },
  "model": "admin.logentry",
  "pk": 5
},
{
  "fields": {
    "action_time": "2015-08-31T15:00:17.930Z",
    "content_type": 58,
    "action_flag": 3,
    "object_repr": "Descuento primavera",
    "object_id": "3",
    "change_message": "",
    "user": 1
  },
  "model": "admin.logentry",
  "pk": 6
},
{
  "fields": {
    "action_time": "2015-08-31T16:58:33.703Z",
    "content_type": 58,
    "action_flag": 1,
    "object_repr": "PRomo verano",
    "object_id": "4",
    "change_message": "",
    "user": 1
  },
  "model": "admin.logentry",
  "pk": 7
},
{
  "fields": {
    "action_time": "2015-09-01T21:03:12.838Z",
    "content_type": 56,
    "action_flag": 2,
    "object_repr": "Estampas",
    "object_id": "1",
    "change_message": "Changed category.",
    "user": 1
  },
  "model": "admin.logentry",
  "pk": 8
},
{
  "fields": {
    "action_time": "2015-09-07T16:34:20.757Z",
    "content_type": 34,
    "action_flag": 2,
    "object_repr": "matiroson@gmail.com",
    "object_id": "2",
    "change_message": "Modificado/a addresses y is_active.",
    "user": 1
  },
  "model": "admin.logentry",
  "pk": 9
},
{
  "fields": {
    "action_time": "2015-09-11T21:05:17.431Z",
    "content_type": 2,
    "action_flag": 1,
    "object_repr": "INICIO",
    "object_id": "1",
    "change_message": "",
    "user": 1
  },
  "model": "admin.logentry",
  "pk": 10
},
{
  "fields": {
    "action_time": "2015-09-11T21:21:09.851Z",
    "content_type": 2,
    "action_flag": 1,
    "object_repr": "PRODUCTOS",
    "object_id": "3",
    "change_message": "",
    "user": 1
  },
  "model": "admin.logentry",
  "pk": 11
},
{
  "fields": {
    "action_time": "2015-09-11T21:21:46.706Z",
    "content_type": 2,
    "action_flag": 2,
    "object_repr": "PRODUCTOS",
    "object_id": "3",
    "change_message": "Modificado/a application_urls y xframe_options.",
    "user": 1
  },
  "model": "admin.logentry",
  "pk": 12
},
{
  "fields": {
    "action_time": "2015-09-11T21:22:51.819Z",
    "content_type": 2,
    "action_flag": 2,
    "object_repr": "PRODUCTOS",
    "object_id": "3",
    "change_message": "Modificado/a xframe_options.",
    "user": 1
  },
  "model": "admin.logentry",
  "pk": 13
},
{
  "fields": {
    "action_time": "2015-09-11T21:25:35.305Z",
    "content_type": 2,
    "action_flag": 2,
    "object_repr": "PRODUCTOS",
    "object_id": "3",
    "change_message": "Modificado/a template y xframe_options.",
    "user": 1
  },
  "model": "admin.logentry",
  "pk": 14
},
{
  "fields": {
    "action_time": "2015-09-11T21:26:29.043Z",
    "content_type": 2,
    "action_flag": 2,
    "object_repr": "PRODUCTOS",
    "object_id": "3",
    "change_message": "Modificado/a overwrite_url y xframe_options.",
    "user": 1
  },
  "model": "admin.logentry",
  "pk": 15
},
{
  "fields": {
    "action_time": "2015-09-11T21:30:08.767Z",
    "content_type": 2,
    "action_flag": 2,
    "object_repr": "Productos",
    "object_id": "3",
    "change_message": "",
    "user": 1
  },
  "model": "admin.logentry",
  "pk": 16
},
{
  "fields": {
    "action_time": "2015-09-11T21:33:08.775Z",
    "content_type": 2,
    "action_flag": 1,
    "object_repr": "CONTACTANOS",
    "object_id": "5",
    "change_message": "",
    "user": 1
  },
  "model": "admin.logentry",
  "pk": 17
},
{
  "fields": {
    "action_time": "2015-09-11T22:02:58.131Z",
    "content_type": 6,
    "action_flag": 3,
    "object_repr": "8",
    "object_id": "8",
    "change_message": "",
    "user": 1
  },
  "model": "admin.logentry",
  "pk": 18
},
{
  "fields": {
    "action_time": "2015-09-11T22:13:44.513Z",
    "content_type": 2,
    "action_flag": 2,
    "object_repr": "Home",
    "object_id": "1",
    "change_message": "",
    "user": 1
  },
  "model": "admin.logentry",
  "pk": 19
},
{
  "fields": {
    "action_time": "2015-09-12T16:33:31.974Z",
    "content_type": 6,
    "action_flag": 3,
    "object_repr": "22",
    "object_id": "22",
    "change_message": "",
    "user": 1
  },
  "model": "admin.logentry",
  "pk": 20
},
{
  "fields": {
    "action_time": "2015-09-12T16:35:36.018Z",
    "content_type": 6,
    "action_flag": 3,
    "object_repr": "23",
    "object_id": "23",
    "change_message": "",
    "user": 1
  },
  "model": "admin.logentry",
  "pk": 21
},
{
  "fields": {
    "action_time": "2015-09-12T16:35:49.511Z",
    "content_type": 6,
    "action_flag": 3,
    "object_repr": "21",
    "object_id": "21",
    "change_message": "",
    "user": 1
  },
  "model": "admin.logentry",
  "pk": 22
},
{
  "fields": {
    "action_time": "2015-09-12T16:36:03.480Z",
    "content_type": 6,
    "action_flag": 3,
    "object_repr": "20",
    "object_id": "20",
    "change_message": "",
    "user": 1
  },
  "model": "admin.logentry",
  "pk": 23
},
{
  "fields": {
    "action_time": "2015-09-12T16:38:07.721Z",
    "content_type": 8,
    "action_flag": 1,
    "object_repr": "Titulo",
    "object_id": "1",
    "change_message": "",
    "user": 1
  },
  "model": "admin.logentry",
  "pk": 24
},
{
  "fields": {
    "action_time": "2015-09-12T17:58:06.748Z",
    "content_type": 2,
    "action_flag": 2,
    "object_repr": "Productos",
    "object_id": "3",
    "change_message": "",
    "user": 1
  },
  "model": "admin.logentry",
  "pk": 25
},
{
  "fields": {
    "action_time": "2015-09-12T17:58:47.011Z",
    "content_type": 2,
    "action_flag": 2,
    "object_repr": "PRODUCTOS",
    "object_id": "3",
    "change_message": "Modificado/a template y xframe_options.",
    "user": 1
  },
  "model": "admin.logentry",
  "pk": 26
},
{
  "fields": {
    "action_time": "2015-09-12T17:59:00.591Z",
    "content_type": 2,
    "action_flag": 2,
    "object_repr": "Productos",
    "object_id": "3",
    "change_message": "",
    "user": 1
  },
  "model": "admin.logentry",
  "pk": 27
},
{
  "fields": {
    "action_time": "2015-09-12T18:02:02.262Z",
    "content_type": 2,
    "action_flag": 2,
    "object_repr": "Home",
    "object_id": "1",
    "change_message": "",
    "user": 1
  },
  "model": "admin.logentry",
  "pk": 28
},
{
  "fields": {
    "action_time": "2015-09-12T18:02:52.242Z",
    "content_type": 8,
    "action_flag": 3,
    "object_repr": "Titulo",
    "object_id": "1",
    "change_message": "",
    "user": 1
  },
  "model": "admin.logentry",
  "pk": 29
},
{
  "fields": {
    "action_time": "2015-09-12T19:13:39.245Z",
    "content_type": 6,
    "action_flag": 3,
    "object_repr": "34",
    "object_id": "34",
    "change_message": "",
    "user": 1
  },
  "model": "admin.logentry",
  "pk": 30
},
{
  "fields": {
    "action_time": "2015-09-12T19:13:55.077Z",
    "content_type": 6,
    "action_flag": 3,
    "object_repr": "35",
    "object_id": "35",
    "change_message": "",
    "user": 1
  },
  "model": "admin.logentry",
  "pk": 31
},
{
  "fields": {
    "action_time": "2015-09-12T19:25:08.756Z",
    "content_type": 2,
    "action_flag": 2,
    "object_repr": "PRODUCTOS",
    "object_id": "3",
    "change_message": "Modificado/a reverse_id y xframe_options.",
    "user": 1
  },
  "model": "admin.logentry",
  "pk": 32
},
{
  "fields": {
    "action_time": "2015-09-12T19:25:18.313Z",
    "content_type": 2,
    "action_flag": 2,
    "object_repr": "Productos",
    "object_id": "3",
    "change_message": "",
    "user": 1
  },
  "model": "admin.logentry",
  "pk": 33
},
{
  "fields": {
    "action_time": "2015-09-12T19:48:48.609Z",
    "content_type": 1,
    "action_flag": 3,
    "object_repr": "clipboard",
    "object_id": "1",
    "change_message": "",
    "user": 1
  },
  "model": "admin.logentry",
  "pk": 34
},
{
  "fields": {
    "action_time": "2015-09-12T20:02:38.600Z",
    "content_type": 2,
    "action_flag": 3,
    "object_repr": "CONTACTANOS",
    "object_id": "5",
    "change_message": "",
    "user": 1
  },
  "model": "admin.logentry",
  "pk": 35
},
{
  "fields": {
    "action_time": "2015-09-12T20:03:20.079Z",
    "content_type": 2,
    "action_flag": 1,
    "object_repr": "CONTACTANOS",
    "object_id": "6",
    "change_message": "",
    "user": 1
  },
  "model": "admin.logentry",
  "pk": 36
},
{
  "fields": {
    "action_time": "2015-09-12T20:18:03.842Z",
    "content_type": 6,
    "action_flag": 3,
    "object_repr": "42",
    "object_id": "42",
    "change_message": "",
    "user": 1
  },
  "model": "admin.logentry",
  "pk": 37
},
{
  "fields": {
    "action_time": "2015-09-12T20:19:52.334Z",
    "content_type": 1,
    "action_flag": 3,
    "object_repr": "clipboard",
    "object_id": "1",
    "change_message": "",
    "user": 1
  },
  "model": "admin.logentry",
  "pk": 38
},
{
  "fields": {
    "action_time": "2015-09-12T20:21:11.872Z",
    "content_type": 2,
    "action_flag": 2,
    "object_repr": "Contactanos",
    "object_id": "6",
    "change_message": "",
    "user": 1
  },
  "model": "admin.logentry",
  "pk": 39
},
{
  "fields": {
    "action_time": "2015-09-12T20:22:36.556Z",
    "content_type": 2,
    "action_flag": 2,
    "object_repr": "Contactanos",
    "object_id": "6",
    "change_message": "",
    "user": 1
  },
  "model": "admin.logentry",
  "pk": 40
},
{
  "fields": {
    "action_time": "2015-09-13T15:20:07.023Z",
    "content_type": 2,
    "action_flag": 2,
    "object_repr": "PRODUCTOS",
    "object_id": "3",
    "change_message": "Modificado/a navigation_extenders y xframe_options.",
    "user": 1
  },
  "model": "admin.logentry",
  "pk": 41
},
{
  "fields": {
    "action_time": "2015-09-14T14:24:13.888Z",
    "content_type": 6,
    "action_flag": 3,
    "object_repr": "1",
    "object_id": "1",
    "change_message": "",
    "user": 1
  },
  "model": "admin.logentry",
  "pk": 42
},
{
  "fields": {
    "action_time": "2015-09-14T14:28:56.309Z",
    "content_type": 2,
    "action_flag": 1,
    "object_repr": "NOSOTROS",
    "object_id": "8",
    "change_message": "",
    "user": 1
  },
  "model": "admin.logentry",
  "pk": 43
},
{
  "fields": {
    "action_time": "2015-09-14T14:29:07.173Z",
    "content_type": 2,
    "action_flag": 2,
    "object_repr": "Nosotros",
    "object_id": "8",
    "change_message": "",
    "user": 1
  },
  "model": "admin.logentry",
  "pk": 44
},
{
  "fields": {
    "action_time": "2015-09-14T18:53:17.533Z",
    "content_type": 2,
    "action_flag": 2,
    "object_repr": "Home",
    "object_id": "1",
    "change_message": "",
    "user": 1
  },
  "model": "admin.logentry",
  "pk": 45
},
{
  "fields": {
    "action_time": "2015-09-14T18:58:35.359Z",
    "content_type": 6,
    "action_flag": 3,
    "object_repr": "75",
    "object_id": "75",
    "change_message": "",
    "user": 1
  },
  "model": "admin.logentry",
  "pk": 46
},
{
  "fields": {
    "action_time": "2015-09-14T23:59:20.103Z",
    "content_type": 6,
    "action_flag": 3,
    "object_repr": "90",
    "object_id": "90",
    "change_message": "",
    "user": 1
  },
  "model": "admin.logentry",
  "pk": 47
},
{
  "fields": {
    "action_time": "2015-09-15T00:29:55.034Z",
    "content_type": 6,
    "action_flag": 3,
    "object_repr": "91",
    "object_id": "91",
    "change_message": "",
    "user": 1
  },
  "model": "admin.logentry",
  "pk": 48
},
{
  "fields": {
    "action_time": "2015-09-15T00:30:38.804Z",
    "content_type": 6,
    "action_flag": 3,
    "object_repr": "16",
    "object_id": "16",
    "change_message": "",
    "user": 1
  },
  "model": "admin.logentry",
  "pk": 49
},
{
  "fields": {
    "action_time": "2015-09-15T00:31:00.432Z",
    "content_type": 6,
    "action_flag": 3,
    "object_repr": "92",
    "object_id": "92",
    "change_message": "",
    "user": 1
  },
  "model": "admin.logentry",
  "pk": 50
},
{
  "fields": {
    "action_time": "2015-09-15T00:36:37.953Z",
    "content_type": 2,
    "action_flag": 2,
    "object_repr": "Home",
    "object_id": "1",
    "change_message": "",
    "user": 1
  },
  "model": "admin.logentry",
  "pk": 51
},
{
  "fields": {
    "action_time": "2015-09-15T11:48:57.440Z",
    "content_type": 2,
    "action_flag": 2,
    "object_repr": "Nosotros",
    "object_id": "8",
    "change_message": "",
    "user": 1
  },
  "model": "admin.logentry",
  "pk": 52
},
{
  "fields": {
    "action_time": "2015-09-15T11:51:04.999Z",
    "content_type": 6,
    "action_flag": 3,
    "object_repr": "89",
    "object_id": "89",
    "change_message": "",
    "user": 1
  },
  "model": "admin.logentry",
  "pk": 53
},
{
  "fields": {
    "action_time": "2015-09-15T11:53:02.374Z",
    "content_type": 2,
    "action_flag": 2,
    "object_repr": "Nosotros",
    "object_id": "8",
    "change_message": "",
    "user": 1
  },
  "model": "admin.logentry",
  "pk": 54
},
{
  "fields": {
    "action_time": "2015-09-15T16:40:34.304Z",
    "content_type": 2,
    "action_flag": 1,
    "object_repr": "probando",
    "object_id": "10",
    "change_message": "",
    "user": 1
  },
  "model": "admin.logentry",
  "pk": 55
},
{
  "fields": {
    "action_time": "2015-09-15T16:41:58.773Z",
    "content_type": 2,
    "action_flag": 3,
    "object_repr": "probando",
    "object_id": "10",
    "change_message": "",
    "user": 1
  },
  "model": "admin.logentry",
  "pk": 56
},
{
  "fields": {
    "action_time": "2015-09-15T18:46:05.122Z",
    "content_type": 6,
    "action_flag": 3,
    "object_repr": "89",
    "object_id": "89",
    "change_message": "",
    "user": 1
  },
  "model": "admin.logentry",
  "pk": 57
},
{
  "fields": {
    "action_time": "2015-09-15T19:00:05.288Z",
    "content_type": 68,
    "action_flag": 3,
    "object_repr": "Este es mi primer formulario",
    "object_id": "1",
    "change_message": "",
    "user": 1
  },
  "model": "admin.logentry",
  "pk": 58
},
{
  "fields": {
    "action_time": "2015-09-15T19:03:30.142Z",
    "content_type": 2,
    "action_flag": 2,
    "object_repr": "PRODUCTOS",
    "object_id": "3",
    "change_message": "Modificado/a navigation_extenders y xframe_options.",
    "user": 1
  },
  "model": "admin.logentry",
  "pk": 59
},
{
  "fields": {
    "action_time": "2015-09-15T19:05:12.760Z",
    "content_type": 2,
    "action_flag": 2,
    "object_repr": "Productos",
    "object_id": "3",
    "change_message": "",
    "user": 1
  },
  "model": "admin.logentry",
  "pk": 60
},
{
  "fields": {
    "action_time": "2015-09-15T20:03:04.819Z",
    "content_type": 6,
    "action_flag": 3,
    "object_repr": "15",
    "object_id": "15",
    "change_message": "",
    "user": 1
  },
  "model": "admin.logentry",
  "pk": 61
},
{
  "fields": {
    "action_time": "2015-09-15T20:03:28.442Z",
    "content_type": 6,
    "action_flag": 3,
    "object_repr": "93",
    "object_id": "93",
    "change_message": "",
    "user": 1
  },
  "model": "admin.logentry",
  "pk": 62
},
{
  "fields": {
    "action_time": "2015-09-15T20:03:47.894Z",
    "content_type": 6,
    "action_flag": 3,
    "object_repr": "17",
    "object_id": "17",
    "change_message": "",
    "user": 1
  },
  "model": "admin.logentry",
  "pk": 63
},
{
  "fields": {
    "action_time": "2015-09-15T20:04:02.617Z",
    "content_type": 6,
    "action_flag": 3,
    "object_repr": "11",
    "object_id": "11",
    "change_message": "",
    "user": 1
  },
  "model": "admin.logentry",
  "pk": 64
},
{
  "fields": {
    "action_time": "2015-09-15T20:04:19.093Z",
    "content_type": 2,
    "action_flag": 2,
    "object_repr": "Home",
    "object_id": "1",
    "change_message": "",
    "user": 1
  },
  "model": "admin.logentry",
  "pk": 65
},
{
  "fields": {
    "action_time": "2015-09-15T21:15:18.923Z",
    "content_type": 6,
    "action_flag": 3,
    "object_repr": "108",
    "object_id": "108",
    "change_message": "",
    "user": 1
  },
  "model": "admin.logentry",
  "pk": 66
},
{
  "fields": {
    "action_time": "2015-09-15T21:18:42.745Z",
    "content_type": 74,
    "action_flag": 3,
    "object_repr": "pantalon-algodon-bebe.jpg",
    "object_id": "1",
    "change_message": "",
    "user": 1
  },
  "model": "admin.logentry",
  "pk": 67
},
{
  "fields": {
    "action_time": "2015-09-15T21:19:41.613Z",
    "content_type": 73,
    "action_flag": 3,
    "object_repr": "Cartography_of_Latin_America.svg",
    "object_id": "2",
    "change_message": "",
    "user": 1
  },
  "model": "admin.logentry",
  "pk": 68
},
{
  "fields": {
    "action_time": "2015-09-15T21:21:11.489Z",
    "content_type": 2,
    "action_flag": 2,
    "object_repr": "Home",
    "object_id": "1",
    "change_message": "",
    "user": 1
  },
  "model": "admin.logentry",
  "pk": 69
},
{
  "fields": {
    "action_time": "2015-09-15T21:38:36.380Z",
    "content_type": 2,
    "action_flag": 2,
    "object_repr": "Nosotros",
    "object_id": "8",
    "change_message": "",
    "user": 1
  },
  "model": "admin.logentry",
  "pk": 70
},
{
  "fields": {
    "action_time": "2015-09-15T21:41:13.847Z",
    "content_type": 6,
    "action_flag": 3,
    "object_repr": "49",
    "object_id": "49",
    "change_message": "",
    "user": 1
  },
  "model": "admin.logentry",
  "pk": 71
},
{
  "fields": {
    "action_time": "2015-09-15T21:41:27.530Z",
    "content_type": 2,
    "action_flag": 2,
    "object_repr": "Contactanos",
    "object_id": "6",
    "change_message": "",
    "user": 1
  },
  "model": "admin.logentry",
  "pk": 72
},
{
  "fields": {
    "action_time": "2015-09-15T22:29:20.942Z",
    "content_type": 34,
    "action_flag": 3,
    "object_repr": "matiasroson@gmail.com",
    "object_id": "3",
    "change_message": "",
    "user": 1
  },
  "model": "admin.logentry",
  "pk": 73
},
{
  "fields": {
    "action_time": "2015-09-15T22:29:20.953Z",
    "content_type": 34,
    "action_flag": 3,
    "object_repr": "matiroson@gmail.com",
    "object_id": "2",
    "change_message": "",
    "user": 1
  },
  "model": "admin.logentry",
  "pk": 74
},
{
  "fields": {
    "language": "es",
    "clipboard": 1,
    "user": 1
  },
  "model": "cms.usersettings",
  "pk": 1
}
]
